$MeshFormat
2.2 0 8
$EndMeshFormat
$Nodes
4163
1 -1.2 0 2.749545416973504
2 -1.5 0.5 2.549509756796392
3 -2.5 1.5 0.7071067811865476
4 -2.5 -1.5 0.7071067811865476
5 1.5 -1.5 2.121320343559642
6 1.5 1.5 2.121320343559642
7 -2.5 1.243352691100346 1.097303096474957
8 -2.5 0.8880867052529244 1.400464924213743
9 -2.5 0.462380620294679 1.592546439503699
10 -2.5 6.934230967203803e-12 1.6583123951777
11 -2.5 -0.4623806202847094 1.592546439506593
12 -2.5 -0.8880867052471322 1.400464924217416
13 -2.5 -1.24335269109808 1.097303096477524
14 -2.5 1.426846769092286 0.8450492870424212
15 -2.5 1.341044054403251 0.9755003045359292
16 -2.5 1.134638562889104 1.209378076370226
17 -2.5 1.015865584731602 1.310731518564317
18 -2.5 0.7524346468438228 1.477782833243441
19 -2.5 0.6101120417899633 1.541999771875107
20 -2.5 0.3105500524795732 1.628974728135748
21 -2.5 0.155966370543887 1.650961686793297
22 -2.5 -0.1559663705310459 1.65096168679451
23 -2.5 -0.3105500524682911 1.628974728137899
24 -2.5 -0.6101120417814965 1.541999771878457
25 -2.5 -0.7524346468361056 1.47778283324737
26 -2.5 -1.015865584733 1.310731518563233
27 -2.5 -1.134638562880775 1.20937807637804
28 -2.5 -1.341044054389966 0.9755003045541917
29 -2.5 -1.426846769078283 0.8450492870660651
30 -2.320225464526954 -1.5 1.168996917772105
31 -2.056008009763431 -1.5 1.588342237613989
32 -1.716963642907309 -1.5 1.949880983274226
33 -1.315431636484426 -1.5 2.240455223773933
34 -0.8660254177808717 -1.5 2.449489737834692
35 -0.3851008403281408 -1.5 2.569376839387045
36 0.1098392016912997 -1.5 2.59575332991635
37 0.6007817278314054 -1.5 2.527659256209965
38 1.069859224320143 -1.5 2.36757285846436
39 -2.449927956556123 -1.5 0.8647849488079334
40 -2.389921919023386 -1.5 1.018956927927561
41 -2.241120885541147 -1.5 1.314297217676149
42 -2.152929206547186 -1.5 1.454268142948921
43 -1.950750072500415 -1.5 1.715976152118562
44 -1.837582328228982 -1.5 1.836652168207294
45 -1.589383060042659 -1.5 2.055203515092711
46 -1.455357911370345 -1.5 2.152192684173921
47 -1.170171574659292 -1.5 2.319633265380412
48 -1.020166782841986 -1.5 2.389405728457566
49 -0.7083725425116385 -1.5 2.499641642519102
50 -0.5478473885357427 -1.5 2.539658094877058
51 -0.2207928044367264 -1.5 2.588677372232578
52 -0.05558950290448594 -1.5 2.597481435384444
53 0.2748225337056751 -1.5 2.583500062892895
54 0.4386915254419548 -1.5 2.560771318471333
55 0.7604359029987751 -1.5 2.48429813779072
56 0.9170066797947176 -1.5 2.430863786642902
57 1.218373782736311 -1.5 2.294681966099183
58 1.361948038047211 -1.5 2.212486732538605
59 1.5 -1.105749521570529 2.351024881949688
60 1.5 -0.6773932146995327 2.508214191945942
61 1.5 -0.2281433660554559 2.588039915558662
62 1.5 0.2281433660454297 2.588039915559546
63 1.5 0.6773932146930575 2.50821419194769
64 1.5 1.105749521567484 2.351024881951121
65 1.5 -1.373149255739548 2.205552339315919
66 1.5 -1.241581825431935 2.282208266297602
67 1.5 -0.9661190090112769 2.411765755712413
68 1.5 -0.8231699042856679 2.464222252289416
69 1.5 -0.5292897063106731 2.54359045579149
70 1.5 -0.3793680978069367 2.570229531844646
71 1.5 -0.07613496277074461 2.59696042854794
72 1.5 0.07613496276023834 2.596960428548247
73 1.5 0.3793680977981881 2.570229531845937
74 1.5 0.5292897063032065 2.543590455793044
75 1.5 0.8231699042810532 2.464222252290958
76 1.5 0.9661190090077465 2.411765755713827
77 1.5 1.241581825435206 2.282208266295822
78 1.5 1.373149255743836 2.20555233931325
79 1.069859224322441 1.5 2.367572858463322
80 0.6007817278363343 1.5 2.527659256208793
81 0.1098392016989123 1.5 2.595753329916028
82 -0.3851008403180645 1.5 2.569376839388555
83 -0.8660254177727844 1.5 2.449489737837551
84 -1.315431636479547 1.5 2.240455223776798
85 -1.716963642905225 1.5 1.949880983276061
86 -2.056008009763212 1.5 1.588342237614273
87 -2.320225464526869 1.5 1.168996917772273
88 1.361948038040146 1.5 2.212486732542954
89 1.218373782730366 1.5 2.294681966102339
90 0.9170066797967676 1.5 2.430863786642129
91 0.7604359030017612 1.5 2.484298137789806
92 0.4386915254477484 1.5 2.560771318470341
93 0.2748225337123642 1.5 2.583500062892183
94 -0.05558950289587994 1.5 2.597481435384629
95 -0.2207928044275984 1.5 2.588677372233357
96 -0.5478473885257902 1.5 2.539658094879205
97 -0.7083725425027554 1.5 2.49964164252162
98 -1.020166782838478 1.5 2.389405728459064
99 -1.170171574657087 1.5 2.319633265381524
100 -1.455357911366821 1.5 2.152192684176304
101 -1.58938306003938 1.5 2.055203515095246
102 -1.837582328230047 1.5 1.836652168206228
103 -1.950750072497788 1.5 1.715976152121549
104 -2.152929206561339 1.5 1.454268142927969
105 -2.241120885530157 1.5 1.314297217694889
106 -2.389921919004589 1.5 1.01895692797165
107 -2.449927956534911 1.5 0.8647849488680277
108 -1.438029550923821 0.5320339482929037 2.578567604026254
109 -1.369235207698703 0.5485711316850049 2.612329355092907
110 -1.299293866685257 0.5625975646966241 2.644866618223214
111 -1.228429825273099 0.5758057395156266 2.675706993435635
112 -1.156761305158555 0.589048661400485 2.704611794211911
113 -1.084439255199381 0.6033290367983587 2.731297416089756
114 -1.012153432035124 0.6227451117768225 2.754584171118681
115 -0.9398635571987997 0.6452545498548599 2.774941992139875
116 -0.8671075361297007 0.668096711950167 2.793165105085708
117 -0.7934806062934652 0.6892398824185364 2.809864215922157
118 -0.7186687415453243 0.7065361016717091 2.825654256444019
119 -0.6426002680690019 0.7170426363021616 2.841287516813899
120 -0.5660627199186873 0.7161269215227227 2.857750029199308
121 -0.492591033620947 0.696893356363869 2.876055236509227
122 -0.4272660984086223 0.6584198260497303 2.895501167987213
123 -0.3688292718223948 0.6096613925383126 2.914151326663598
124 -0.3154356252120679 0.5549027295982217 2.931310854725496
125 -0.2660817339004308 0.4959820315611642 2.94672739411928
126 -0.2203321455997983 0.433782962592096 2.960284798288876
127 -0.1782145398797289 0.3686967261403021 2.971918959512335
128 -0.1403776631509327 0.3007301470610668 2.981586069583924
129 -0.1090283608243482 0.2293281284114864 2.989234254128512
130 -0.09480971640837847 0.1529008884486164 2.994600546982216
131 -0.1096334411630455 0.07630705690793721 2.997024814986489
132 -0.1453198640488379 0.006726299744009123 2.996470739721077
133 -0.1966549410729886 -0.05217009182076526 2.993092901276369
134 -0.262715285272782 -0.09307824378816398 2.987024793907368
135 -0.3387053898809144 -0.09124554198446817 2.979421573046281
136 -0.4053164225230084 -0.05093765132653166 2.972057192133168
137 -0.4653276440586235 -0.001209336618775342 2.963691738555107
138 -0.5227205590766015 0.05125574052538295 2.953664853395158
139 -0.579618720633835 0.1038412827026362 2.941642249951117
140 -0.6377787303949392 0.1544284573129969 2.927352070152776
141 -0.6994812608941277 0.199675221440287 2.910473461758539
142 -0.764480456916765 0.2390009951591673 2.891098088150117
143 -0.8301489530415482 0.2760497362829017 2.869607858029065
144 -0.8964091286087048 0.3107005348176809 2.846035110783244
145 -0.9631740688039243 0.3428398584740738 2.820417796111983
146 -1.030347437792255 0.3723642018526884 2.792799502043343
147 -1.097823968846169 0.3991825085949439 2.763229244608325
148 -1.166494201106901 0.4201287751822111 2.731809490255107
149 -1.235869895963821 0.4355147758757137 2.698694588174864
150 -1.304925469806673 0.4483580115893229 2.663858969933187
151 -1.373207881652349 0.4603466258438391 2.627238302446518
152 -1.440229299883901 0.4734723780157903 2.58873781426625
153 -1.482627296249483 0.5163360061131792 2.556406350564604
154 -1.460569329980787 0.5251250816845883 2.567290571965945
155 -1.415255252434783 0.5380314178283402 2.589898601081785
156 -1.392314312002334 0.5434822293844195 2.601170490939956
157 -1.346032994863854 0.5534081055335012 2.623344172133665
158 -1.322717020530712 0.5580660792225267 2.634194741248177
159 -1.275768715501002 0.5670431031482935 2.655348621880162
160 -1.252146009209705 0.5714360747874749 2.665631479415655
161 -1.204624162351071 0.5801793940708428 2.685567444354279
162 -1.180733151870969 0.5845841501819338 2.695205111940261
163 -1.132713184427454 0.593605244692663 2.713778483092822
164 -1.108595773614142 0.5982922125790702 2.722693857026916
165 -1.060316073021414 0.6092111880934877 2.739450958421079
166 -1.036225942708852 0.6157450581756155 2.7471974481259
167 -0.9880807995583597 0.6300694289456411 2.761649660665202
168 -0.9639900062040496 0.6376043229111672 2.76842626691478
169 -0.9156847528691893 0.6529367720815148 2.781221854693844
170 -0.8914377538124801 0.6605749218442407 2.787288916439814
171 -0.8426799103769023 0.6754307815588648 2.798871884879684
172 -0.8181416318058616 0.6825041671400125 2.804430839251088
173 -0.7686863341473147 0.6955544008019057 2.815195445296874
174 -0.7437506050354448 0.7013549025146033 2.820449669508063
175 -0.6934415049403537 0.7109765625568699 2.830839311356417
176 -0.6680780026692235 0.7145344319829697 2.836038139352198
177 -0.6170501168816817 0.7183039841207106 2.846627573050717
178 -0.591499170480675 0.7180872858712209 2.852100871496444
179 -0.54091692041229 0.7121303383321558 2.863612974275437
180 -0.51631578795058 0.7058001751086999 2.869714989320281
181 -0.4698980508616779 0.6856841541813544 2.882539342749895
182 -0.4481563113105586 0.6727317054229227 2.889046204744964
183 -0.4071334132487372 0.6430174522232714 2.901856464395288
184 -0.3876770182606832 0.6267174242491335 2.908080432115838
185 -0.3505348123024253 0.5919556965640524 2.920053732154508
186 -0.3327488857799937 0.5736817435841147 2.925776381764413
187 -0.2985667563343017 0.5356682654715713 2.936650711504297
188 -0.2821206904919019 0.5160176586131429 2.941790898754665
189 -0.2504396791644913 0.4755858890247645 2.951456933323017
190 -0.2351896345879579 0.4548481723442558 2.955976822625217
191 -0.205873678511056 0.4123999365993286 2.964378909786871
192 -0.1918273419339058 0.3907042685951948 2.968257476262473
193 -0.1650673907028098 0.3463732224744789 2.975361885095527
194 -0.1524324921614523 0.3237235946425788 2.978584793086331
195 -0.1290037665334751 0.2773650326851299 2.984363695474088
196 -0.1184672796553528 0.2535857959393668 2.986914754014392
197 -0.1011700079066503 0.204496158702952 2.991311744130976
198 -0.09612172733043675 0.1789399942053966 2.99311561621144
199 -0.09689554573719468 0.1268905013448492 2.995748663336887
200 -0.1019658524210431 0.1012773440810917 2.996555666847511
201 -0.1195734093875659 0.05214513857772524 2.997162505485838
202 -0.1315313953312453 0.02891479166107586 2.996975713426022
203 -0.1608111857810042 -0.01429888568387885 2.995652734279444
204 -0.1779313303647158 -0.03400452373303545 2.994525694336305
205 -0.2169997013035784 -0.06846608106294044 2.99135814060738
206 -0.2390118156832633 -0.08237851651982236 2.989328876517233
207 -0.2879414801763592 -0.09922403673419528 2.984500677588802
208 -0.3138373031887576 -0.09872602980412136 2.981905316767507
209 -0.362048518050231 -0.07978014867751709 2.977004534503538
210 -0.384148289149022 -0.06605428860147804 2.974570040005989
211 -0.4257918241449486 -0.03491194409480047 2.969424603968055
212 -0.445751064969987 -0.01827091306653354 2.966643248153346
213 -0.4846262940143308 0.01613357309196593 2.960553506182454
214 -0.5037327388232813 0.03365109067642297 2.957215063524106
215 -0.5416559650366131 0.06887071096208588 2.949892479517149
216 -0.5606013784993917 0.08642357719363042 2.945888161442935
217 -0.5987723980929667 0.1210450138867932 2.937144824467317
218 -0.6181325278836074 0.1379442077222301 2.932385304411429
219 -0.6578048847279742 0.170355381829233 2.922032131498529
220 -0.6783251269378283 0.1855308947513395 2.916411032289095
221 -0.7210687191368215 0.2130292335461177 2.904251787971755
222 -0.7427360614996409 0.226139297514619 2.897792981057756
223 -0.7862992396359662 0.2516096626594333 2.88416817876564
224 -0.8081896936793901 0.2639607429813562 2.877004370034071
225 -0.8521740320469089 0.2878722275201263 2.861979909036315
226 -0.8742618305493377 0.2994238985975842 2.854121858049012
227 -0.9186125903527541 0.3216980362639898 2.837721142450275
228 -0.9408687602005754 0.332412425237684 2.829181499237232
229 -0.9855248306683702 0.3529766351276684 2.811431717682296
230 -1.007917254499813 0.3628192104315388 2.802225013917225
231 -1.052811374607057 0.3816084009881229 2.783157063083808
232 -1.075304953841149 0.3905487810326849 2.773299642281477
233 -1.120503413969354 0.4071125845444113 2.752949589583614
234 -1.143433383750278 0.4140031629201935 2.742473605710265
235 -1.189614826075897 0.425674196634934 2.720959030176606
236 -1.212750407817894 0.4307702018995208 2.709921305405929
237 -1.25895041886148 0.4399855050747365 2.687276799693815
238 -1.281973995641728 0.4442473348705729 2.675665707811567
239 -1.327791033948531 0.4523725171927556 2.651854082685279
240 -1.35055691500325 0.4563474727088761 2.639648272685042
241 -1.395724915017703 0.4644492832129946 2.614620206630738
242 -1.41808074957395 0.4687658862879351 2.601788909873449
243 -1.462073125518642 0.4789049238233517 2.575459619092076
244 -1.483307145554993 0.4859384809401153 2.561964813319479
245 -1.127350669793258 -0.006505460087826913 2.78011477214624
246 -1.055057257269705 -0.02209606593647774 2.808267428104499
247 -0.9833330562037496 -0.0435703388731281 2.833929732041265
248 -0.912198031361896 -0.06940311800210533 2.857110071171754
249 -0.8416784859543824 -0.09878848215694355 2.877814824146034
250 -0.7718500222179895 -0.1313062566474621 2.896032839966999
251 -0.7028655510728451 -0.1668041837745498 2.911727387890283
252 -0.6350107949368143 -0.2053959503095447 2.924820301131362
253 -0.568859552943871 -0.2476039479154868 2.935147542117971
254 -0.5058702449660406 -0.2949478267707119 2.942295205233702
255 -0.4515632877902831 -0.3522305780779985 2.944830082871823
256 -0.4111063430251394 -0.4200201487325733 2.941865844898976
257 -0.3852360658638407 -0.4942560094254235 2.933820746178029
258 -0.3743396425013471 -0.5714974094344683 2.921174514311265
259 -0.3805260991898026 -0.6483696338477971 2.904275590528465
260 -0.4126497142370252 -0.7167589409070413 2.883743545111097
261 -0.4746954797417344 -0.7605611978414987 2.862902524685511
262 -0.5461504488957902 -0.7877462731164626 2.842740842279164
263 -0.6209597434740645 -0.8039641933745549 2.822773560304869
264 -0.6972995294970425 -0.8103754086359845 2.803045676267382
265 -0.7739498197047967 -0.8053074149565069 2.784327862159013
266 -0.8471717634126363 -0.7804338651359444 2.770058300004766
267 -0.9101108146779855 -0.73320737206141 2.762988464427779
268 -0.966526814836933 -0.6779259127819379 2.757941691366942
269 -1.021652054917478 -0.6215029246445731 2.751356246170447
270 -1.079455968293573 -0.5685367439654868 2.740719026692906
271 -1.142854845275679 -0.5245127806798492 2.723741754559965
272 -1.212335242025288 -0.4966207875645746 2.698816602569027
273 -1.284092854103349 -0.4857889302949305 2.667417225940408
274 -1.355065566853433 -0.4836093285699918 2.632473993574916
275 -1.424748624470113 -0.4858702987665504 2.594999308255597
276 -1.493118711476385 -0.4905381741142884 2.555380365655125
277 -1.560240772774339 -0.4963390499282315 2.513821051405384
278 -1.626213134505462 -0.5022110835964583 2.470468552456151
279 -1.691183401428629 -0.5068599882266416 2.425487921030979
280 -1.75541069612743 -0.507611939511142 2.379256902225388
281 -1.817948442072276 -0.4902843284319386 2.335526651370313
282 -1.821906952750401 -0.423835452734667 2.345425028544922
283 -1.779358033584404 -0.371506076764807 2.386601814975733
284 -1.73041723940582 -0.325879880623357 2.428880087812498
285 -1.679041397463067 -0.2819635137648164 2.470084322955528
286 -1.627754151729804 -0.2358568636406456 2.508941601831335
287 -1.575388676471713 -0.1895004305546797 2.546024372401862
288 -1.521029727236531 -0.1444217287667107 2.581784447455441
289 -1.464022910351083 -0.1019055076200918 2.616534384540711
290 -1.403765068796357 -0.0634944229006727 2.65054939397244
291 -1.339702690305001 -0.03135419645292981 2.684066619134915
292 -1.271555360933718 -0.0086910202183616 2.717180787185182
293 -1.175785015755262 -0.000826853505612294 2.759987121897252
294 -1.151554680831487 -0.003082820013158013 2.77018272200154
295 -1.103193869756974 -0.01090424196609315 2.78977496999987
296 -1.079094481974834 -0.01613719340712811 2.799159639956322
297 -1.031084171292828 -0.02869669951519785 2.817098140133978
298 -1.00717603261994 -0.03587254634162829 2.825652066291058
299 -0.9595553440325553 -0.05174702474570314 2.84193169994786
300 -0.9358433869811597 -0.06036750417975455 2.849658386453144
301 -0.8886206439202766 -0.07883048380155061 2.864286840737555
302 -0.8651132277244361 -0.08863064699917393 2.871188553827268
303 -0.8183199220307988 -0.1092922644987356 2.88416499287545
304 -0.7950419454750376 -0.1201333960112406 2.890238099551329
305 -0.7487508868665487 -0.1428081719630677 2.901547507010203
306 -0.7257527097046625 -0.1546395681026729 2.906779938064345
307 -0.6801018649229709 -0.1793095133870469 2.916386385878456
308 -0.6574770975295698 -0.1921675741279722 2.920752555366144
309 -0.6127281630253705 -0.2190194459760456 2.928582367036977
310 -0.5906625747222731 -0.2330726192183684 2.932029139860848
311 -0.5473841045829961 -0.2626826184067117 2.937919073772602
312 -0.5263343164595409 -0.2784108653824449 2.940316237644187
313 -0.4863435085133647 -0.3126288276714522 2.943761744407261
314 -0.4682065117735636 -0.3317651374109237 2.94460770832577
315 -0.4364758746943225 -0.3738678206952127 2.944437410348272
316 -0.422983507096618 -0.3965160954009607 2.943443551150968
317 -0.4008529196772285 -0.4442335504529009 2.939723369543171
318 -0.3922272391583116 -0.4690206265186249 2.937035485785339
319 -0.3798962962473997 -0.5198225718578733 2.930096124342096
320 -0.3762430484020567 -0.5456077497707511 2.925876510025538
321 -0.3742912527214451 -0.5973662206371513 2.916000626985169
322 -0.3762655336057372 -0.6230609774231934 2.910364112380587
323 -0.3874887980047507 -0.6729551962415519 2.897754947415728
324 -0.3978137726167927 -0.6962055585581157 2.8908548947585
325 -0.4313838513087156 -0.733904111093271 2.876680852745131
326 -0.4523545308477764 -0.7483127469611515 2.869739258392118
327 -0.4979393020309127 -0.7710506933892203 2.856140276617549
328 -0.5218141218915756 -0.7800518958993978 2.849426093426232
329 -0.570835929608017 -0.7942532211498524 2.836072665176553
330 -0.5957918121599176 -0.7996465859231555 2.829416451175868
331 -0.646293491389993 -0.8072126028296187 2.816152079845825
332 -0.6717530322420029 -0.8093682637154065 2.809567738525623
333 -0.7228896032267654 -0.8101402703229412 2.796623564934638
334 -0.7484671987267837 -0.8085204759135625 2.790356875465679
335 -0.799202409794824 -0.8001981590402375 2.778661262991004
336 -0.8237938764266051 -0.7920403894589689 2.773812479355393
337 -0.869246806775948 -0.766289261912558 2.767166557326704
338 -0.8901531672392685 -0.7503608916857678 2.764884422734961
339 -0.9293518165353876 -0.7152312547587105 2.761294887062709
340 -0.9480924428085663 -0.696728208544157 2.759654058629113
341 -0.9848287124873114 -0.6590115217978627 2.756050837919767
342 -1.003155534549999 -0.6401509395251544 2.75388557280922
343 -1.040452884784988 -0.6032302298979764 2.748376081303254
344 -1.059683034010094 -0.5855089913056422 2.744859028899556
345 -1.099868345091172 -0.5525386197613543 2.735871103897006
346 -1.12099080233626 -0.5377700192461328 2.73023497660504
347 -1.165438276053187 -0.5130607960393395 2.716343543125143
348 -1.188651914134582 -0.5036936220996412 2.708024992883252
349 -1.236248321231242 -0.491597749604282 2.68886997469884
350 -1.260198924544005 -0.4881087353734049 2.678366765965839
351 -1.307882648042879 -0.4843822308831999 2.656090516784577
352 -1.331544235237375 -0.4837023676622398 2.644432258373063
353 -1.378441098417552 -0.4839946371732052 2.620238410790321
354 -1.401668746669005 -0.4847718624431528 2.607742503775006
355 -1.447682154098768 -0.4872306037159905 2.58201911679726
356 -1.470471333839528 -0.488801647373295 2.568810426224822
357 -1.515627200287162 -0.4923989447678914 2.541735129580021
358 -1.538000029607238 -0.4943451669744568 2.527880290839962
359 -1.582353371848444 -0.4983423240915927 2.499562508644033
360 -1.60434241670796 -0.5003145731296206 2.485109803985689
361 -1.647971601400035 -0.5039798674701665 2.455645311148122
362 -1.669625285687637 -0.505557162693522 2.440648143555673
363 -1.712657393908309 -0.5077728174629901 2.410180785114862
364 -1.734061351544677 -0.5081211807839446 2.39475345176028
365 -1.77670947430428 -0.5056694360967241 2.363810877653928
366 -1.797837850648779 -0.5008175860548302 2.348821152891976
367 -1.832645910007857 -0.4704763961458432 2.328102430994198
368 -1.831736596185201 -0.4452891153851906 2.333764908022084
369 -1.809007333436281 -0.4050432933981351 2.358692942722081
370 -1.79462967449394 -0.3877883984583831 2.372535455888248
371 -1.763470733439126 -0.3558809425716098 2.400733164476638
372 -1.747124217203095 -0.3407166380662697 2.414843502632684
373 -1.71341765635499 -0.3112730553671142 2.442807610085861
374 -1.696190312707695 -0.2968021903137192 2.456592534976354
375 -1.661980714200262 -0.2667584563215687 2.483276068343453
376 -1.644907100558755 -0.2513540955973957 2.496217488352689
377 -1.610474031450034 -0.2203433395555986 2.521472230015346
378 -1.593029263634465 -0.2048739508655017 2.533828018919396
379 -1.557524946167099 -0.1742700701578679 2.558074663631683
380 -1.539413154953919 -0.1592285289343334 2.569990936545931
381 -1.502351814269215 -0.1298974518477234 2.593465958551503
382 -1.48335697831599 -0.1157068039456031 2.605045874913137
383 -1.444327412167744 -0.08855530913721835 2.627941453625716
384 -1.424248552512743 -0.07572547294827608 2.639276740588625
385 -1.382857097335055 -0.05195154459477044 2.661767699361513
386 -1.361507306668705 -0.04119909806291155 2.672938549276158
387 -1.31743713872297 -0.02255058291173045 2.695153215816084
388 -1.294714893729052 -0.01493977301353461 2.706194772579844
389 -1.24799894358171 -0.003988960051248047 2.72809140701272
390 -1.22411341383923 -0.001027680753597882 2.738894903776181
391 -0.1201027409250035 -0.06719195810918475 2.996841766324635
392 -1.741708014916367 -0.2479806763520896 2.430012093577324
393 -1.038666172033372 -0.6971103587130815 2.726758099070847
394 -1.446886095587276 -0.5686189220221115 2.56577340151359
395 -0.3125279592276113 -0.524965553444353 2.937130818060014
396 -1.653158263451684 -0.5754617851977569 2.436372608973928
397 -1.58319229927186 -0.108032886671415 2.545944036879782
398 -0.06135033197060946 0.2899329541933801 2.985326618452292
399 -0.02383195795455249 0.1000695699723156 2.99823583444425
400 -0.9118359238294612 -0.8157200430909847 2.739188941879277
401 -1.396697095364743 0.01517159437507601 2.654996618928884
402 -0.14216123531957 0.4379040826487507 2.964461198526972
403 -0.2386166622446938 0.5715215385773786 2.935374800505269
404 -0.3647157936124208 0.6867427894086758 2.897475924159656
405 -1.25224013852838 -0.5585533991092771 2.668316460954715
406 -1.412330750451042 0.4002547757030847 2.616317634741101
407 -0.335898953981302 -0.6896406629969597 2.900270271656658
408 -1.250180119684632 0.0545323373020196 2.726550181554284
409 1.213641787928574 -0.4909253445575669 2.699271367733257
410 -1.292753138741846 0.3735434373920543 2.68127854253422
411 1.169513053927557 0.4423762502052226 2.727002469736213
412 -0.3751850764723022 -0.3503436978854491 2.955756324825242
413 -1.02577415421032 0.3026084775414536 2.802894128195738
414 -1.407691456159534 0.6069149397888774 2.578770835129891
415 -1.197858542408369 0.6479518151060115 2.673068154327555
416 -0.9950292622310172 0.7088393131673256 2.739975108538848
417 -0.8312970040730213 0.733940173484959 2.787521679335264
418 -0.6808077943185441 0.7940132556196043 2.811768784430092
419 -0.8899520718000796 0.2335011373735136 2.855426855786017
420 -1.152103493929094 0.3530729295764832 2.747361833773748
421 -0.7582275706074249 0.1587531599765452 2.898256093820597
422 -2.270539199778348 0.2652850966608078 1.942749484560365
423 0.4176416218065226 -1.133120867480166 2.746199660515567
424 -1.085216867005351 0.05524984669109944 2.796292510809214
425 -0.6516608921517424 0.08563817077446986 2.927115335162999
426 -0.5114161773161058 0.7786388346930436 2.851696873562693
427 0.4145027091025815 1.152966412061055 2.738403906805145
428 -0.925832060229104 0.00584476407044516 2.853559327398835
429 -2.287694750133473 -0.8208790027061805 1.758581926760267
430 -0.4669789806552156 -0.8553643297408859 2.83730197459367
431 -0.6465400346316398 -0.8704660669873985 2.797190520833718
432 -0.3020376662776708 -0.1582518772687753 2.980558603934914
433 -0.6303204022662559 -0.1191426360576837 2.930614478698987
434 -2.289783493413049 -0.4087651051524346 1.894677450676725
435 -0.2366046320965879 -0.1656282718548256 2.986065224276393
436 -0.4066714742862482 -0.1347852994580057 2.969250955216124
437 -0.7819495239338942 -0.05145759662443331 2.89584306511406
438 -0.2652517251167124 -0.2283525597185554 2.97951281769228
439 -0.174646834430959 -0.2238049061490561 2.986538104094246
440 -1.650879568485918 1.196010653110244 2.200944153767323
441 -2.258542819131173 0.6596911143963871 1.861126531898749
442 -2.054169447036246 0.6011740009666948 2.102136461656212
443 -2.059111658847569 0.2026460180016125 2.172324507937546
444 -1.833100050972538 0.4063785319291985 2.339786462887489
445 -2.041791047979291 -0.6894048072749506 2.08705781618474
446 -1.791546191417407 -0.5594397714156906 2.340382316241546
447 -1.872188449106079 -0.4625692120165272 2.298029620159014
448 -1.20180491426641 1.242310290149005 2.4520053203521
449 -1.140578345285824 -0.6110811906596457 2.706595798542339
450 -2.31092200371119 -1.246944234675479 1.450782398698386
451 -0.08737639284869042 1.135986377579 2.775229777140569
452 0.159016086408535 0.8321772792611483 2.877880272030931
453 -1.672107166121153 -1.184165620431279 2.191303130193286
454 -1.164178426358793 -1.19609082912906 2.492800698025039
455 -0.08208070513135061 -1.152483139371365 2.768581833955764
456 0.171658122833232 -0.8665800007857885 2.866979698411461
457 -0.36909545351241 -0.2073928286766951 2.969975885560344
458 1.064061641452333 -1.051784950938035 2.600292529730077
459 -0.5331406895324434 -0.02943362613902939 2.952100043497371
460 -1.485567303270618 -0.877340989608443 2.454253975326544
461 -0.8639462596680716 1.141742285593427 2.636289326628139
462 -0.4965580504832355 -0.2271803484400372 2.949884606519881
463 -1.442184670896699 0.8907224821431978 2.475220562866113
464 -0.4455686587671184 1.150518535698422 2.734552188081045
465 -0.06805113862880216 -0.02262359062922064 2.999142746799219
466 -0.03184814527641808 -0.09316709279231841 2.998383829409283
467 0.01865658485548353 -0.001961492498404519 2.999941346824752
468 0.08403314125301975 0.09040937739105433 2.997459687076861
469 0.1522368588217927 -0.01568489855096001 2.996093777366376
470 0.2145103108481665 0.1100437710081434 2.990296924220424
471 0.3007590485714859 -0.01590895636531316 2.984843530205518
472 0.3756074774630442 0.1320807921959885 2.97346156645865
473 0.2464547770734759 0.2760819723824182 2.977085619760221
474 0.2238114054840026 -0.1582512674188699 2.987451253348847
475 0.4022464557619149 -0.1608343429269544 2.968556905798208
476 0.4501831889596947 0.3046869152790541 2.950339129665573
477 0.6163608226852284 0.1244115665582712 2.933363444642567
478 0.3053746612969611 -0.3308624249671944 2.966020291903377
479 0.5198275838246694 -0.3297732541820708 2.936158865579513
480 0.1339248625063602 -0.2765634936339091 2.984221299634405
481 0.3221915089567948 0.4589926467241752 2.947120354143902
482 0.5411446740423704 0.5313108304145457 2.902562874984758
483 0.3892377714126853 -0.5212883289221167 2.928609300578565
484 0.6455602197227033 -0.5331714592778403 2.880795063471734
485 0.7706581304221188 -0.2935385982602077 2.884427349985732
486 0.1227095574435553 0.427631172346824 2.966828937594698
487 1.169980156153084 0.07043043079428311 2.761554994677118
488 -1.478578360680047 0.5853798926183709 2.543842843543368
489 -1.537695230307201 0.5612435252144851 2.514060278532578
490 -1.566750655307622 0.4799601635740787 2.512952571274492
491 -1.521074212354744 0.4285643612198594 2.550032515243994
492 -1.581669754108112 0.4034524867376683 2.517051227107779
493 -1.529514775702495 0.3311832710043622 2.559473030120575
494 -1.648093962323109 0.3143821067670353 2.486956007310712
495 -1.569869458776029 0.2203807923138021 2.546947621915574
496 -1.668469447457001 0.1730029021786325 2.487223290888918
497 -1.477111452690749 0.248361807934883 2.599318789354077
498 -1.501608502758512 0.1516737568679036 2.592714210228523
499 -1.420443069796438 0.1843306884913255 2.635974901767387
500 -1.39632780659363 0.268760986302062 2.641597279824342
501 -1.343867408838535 0.2105548053745452 2.673889874582588
502 -1.646224718425765 0.4641112702036123 2.464659186442215
503 -0.03734004886539086 0.2018360269409566 2.992969752433094
504 -1.361882525985658 0.1276162012922773 2.670016870842327
505 -0.3152828503246311 -0.6148138606879745 2.919349352338141
506 -0.2335666551920827 -0.5824216923044937 2.933637944586133
507 -0.2322617766683108 -0.4785071933228646 2.952471055410562
508 -0.1333729106649474 -0.5391649474417703 2.948137178991316
509 -0.1461810176081644 -0.6663845255042381 2.921397400946939
510 -0.1272705142594835 -0.43240898488369 2.96594414748356
511 -0.0001241873667228137 -0.6029926540408693 2.938775228517868
512 1.12565497696212 1.033491405966805 2.581626693895375
513 -0.2315144432699845 -0.3030456639747631 2.975662008377881
514 -2.023208208885638 0.8854266018201614 2.030430564261426
515 -0.904712152070525 -1.166935950105289 2.611466333355226
516 -1.947124399259565 -1.132268683730189 1.981583760947789
517 -1.288878001633652 0.1607304729918879 2.704248363585831
518 -1.27170324054095 0.2337282986886037 2.707054109246761
519 -1.219904586615728 0.1830489375979981 2.734652790757568
520 0.02925099101360974 0.2526647953072341 2.989198033041149
521 -0.3598619761543306 -1.196625403485615 2.727377311970456
522 -1.170514177163088 0.07232122380872133 2.761279812269489
523 -1.111689442955145 0.1297102979044508 2.78340112471049
524 -1.037811475355204 0.1188255770784972 2.812263825435483
525 -1.066470642493752 0.1894915577399729 2.797629946623435
526 -0.9938190553345855 0.1848358850923207 2.824563573516448
527 -0.9653958277725604 0.1256664335630254 2.837643184615515
528 -1.528277510072305 0.6345117741787651 2.502351426286026
529 -1.609182447189718 0.6034099559969677 2.458948612041384
530 -1.732811105010273 0.5533326568340688 2.385621228366738
531 -1.698208758840176 0.7387384618432976 2.360159421817074
532 -1.204860544385572 0.2539931148731175 2.735653224767341
533 -2.135487516858518 -0.005750802305380464 2.107050069081009
534 -2.017385745227146 -0.09972586335077581 2.21815452733421
535 -1.843621086490749 -0.3452046137902222 2.341344712780374
536 -1.856245806202034 0.08138850320632707 2.35536141993181
537 -2.2079301239209 1.084395862541552 1.717303171017105
538 -0.4719059394377192 -0.08244015929994097 2.96150441574177
539 -0.5443264521069074 -0.1036460240113446 2.948383661473409
540 -0.3183898835453768 -0.4304718546976883 2.951833644426646
541 -1.458220199234683 -0.01474184440323346 2.621712518291727
542 -1.522678067478412 -0.05847325417554279 2.58418892137675
543 -1.586697125350262 -0.01648856544367912 2.546000856169303
544 -1.650250608264727 -0.0704013270571678 2.50433955027478
545 -1.661921921759792 0.03437969746275679 2.497365324171978
546 -1.73306492005478 -0.03698733987855743 2.448492989486437
547 -1.515737850244171 0.04176977614461179 2.588589201696169
548 -0.4235003060730878 -0.2749908618518281 2.957199269013502
549 -1.323255281220704 0.04556433975285322 2.692010280750132
550 -1.077526398206234 -0.9519785158903455 2.632997107186393
551 -1.796719152798673 -0.2945079306227757 2.384337510665533
552 -1.801307540604626 -0.2130959227662704 2.389535785850739
553 -1.868561093226809 -0.253141931315877 2.333323510250711
554 -1.921905391060921 -0.3307209027355167 2.279671764159212
555 -0.09862781651366186 -0.15940989041527 2.994137779169078
556 -0.08583672503678356 -0.2599474008327081 2.987483791660681
557 0.004103303364698341 -0.1975989828466815 2.993482554630886
558 -0.9776548459244094 -0.7611999066834061 2.732172341618605
559 -1.072287659070018 -0.8001371178865605 2.685140549168019
560 -1.125228825667639 -0.7083845245976758 2.689247377092177
561 -0.9965631170827977 -0.8499416391980561 2.698974094656623
562 0.4636342576881364 -0.7848512906371247 2.858155301358415
563 -0.0937966583399058 0.3642355571508986 2.976329055361863
564 -0.02840069778209519 0.4425469101331899 2.967043247527251
565 -0.08648039373521912 0.528034191185192 2.951897869920096
566 0.8899354993571156 0.2594586548985666 2.85319049721224
567 0.8225128667270656 0.5779530691218177 2.82656024771472
568 0.5897326923408985 0.8482672285905745 2.816497481000759
569 -0.9972483657599389 0.04390118418217483 2.829057861376563
570 0.01437978474018733 0.3479678177463487 2.979716701232463
571 -0.3301795046251865 -0.2807821499011571 2.968525371126605
572 -1.46046415553297 0.6774181296895528 2.531432228595361
573 -1.349560256288814 0.6886822608690942 2.589286360797102
574 0.8030901777461928 -0.7706719611071505 2.78587704229222
575 -0.1854769960189774 0.5078254229049097 2.950883193858955
576 -1.145824862012096 0.2061503246755647 2.764884704509597
577 -0.854368346364822 -0.02002900761214636 2.875700535101649
578 -0.8661606539989665 0.05600976502957174 2.871694382709521
579 -0.7908586823502068 0.02734023094109706 2.893751035649643
580 -0.7217007545094101 -0.008270877677143218 2.911885920417041
581 -0.7098813420402288 -0.08550666741589888 2.913547166264962
582 -0.6491192251867484 -0.03593632386905854 2.928711800795656
583 -1.43262467434035 0.08246056671314911 2.634537302337652
584 -1.582246613173696 0.1005412860588054 2.546838649168418
585 0.1803796014300187 0.6029066693111607 2.933251906585602
586 -2.3386619276337 1.247517967907797 1.405118965776146
587 -1.743209498902855 0.09664741542510732 2.439647499133124
588 -1.85316372700781 -0.07272405283541478 2.358070273134733
589 -1.637142333960666 -0.155769652481546 2.509083656181994
590 0.0287736766194321 0.5329117394084476 2.952147888154397
591 -0.04429319687672531 0.6645020413580908 2.925145321132161
592 -1.322084495288182 0.2895802207185483 2.677356136767612
593 -1.369904666212964 0.3449643753264798 2.646575293703838
594 -0.7284573756261497 0.07391878037867416 2.909275831852867
595 -1.854070542368787 -0.9041067255175378 2.178305178985321
596 -1.582741600732296 -0.5672238379337566 2.484589733334473
597 -1.596640985626572 -0.6555993805464606 2.4537577336087
598 -1.68296804760763 -0.6571878429977815 2.394936886380868
599 -1.520187803134613 -0.6358547429878612 2.506933941894082
600 -1.085559421387327 0.2602197276430668 2.784572936014171
601 -0.8887269198166601 -0.9400639003336007 2.70674053527167
602 -0.7401570679814591 -1.054498030265042 2.709280609107192
603 -1.250918441188704 0.3066302995483019 2.709461369514786
604 -1.276668197435601 0.6344594925449799 2.63961729536236
605 -1.245177112807381 0.7222374368320503 2.632091761808267
606 -1.317738478979734 0.8154919274278463 2.568762000909425
607 -1.184448441601287 0.8247810101525138 2.629984443771499
608 -1.688620271384947 -0.2024771822443295 2.47134873494985
609 -0.5994962781122484 0.01966753667603252 2.939424671688434
610 -1.520845394048116 -0.5523820125204248 2.52624294153324
611 -1.428937319970493 -0.6792134752281885 2.548883518457442
612 -1.366028834507131 -0.6089237023670101 2.600610918224936
613 -1.31960635853886 -0.7259925395025333 2.594527681696704
614 -0.05865103467749992 0.8931728818271292 2.863355070419992
615 -0.1753519317959124 0.7863382673261406 2.889796503104321
616 -0.2644109685979922 0.9327958784496477 2.839010160043888
617 -1.123546654657971 0.6682266122789291 2.700206679024609
618 -0.8238896345679364 0.1938210769977769 2.878131209685016
619 -0.8888094205109034 0.1432211888611652 2.861731207690944
620 -0.9614725894137446 0.2574235457665817 2.830071302616065
621 -1.919481255066997 1.208744868874575 1.963295075483004
622 -0.01762277317743669 -0.7636320600464497 2.90113004099002
623 -0.2013360138417292 -0.8127114034528726 2.880792249404317
624 -0.3364325303434233 -0.8709414353619737 2.851012832082021
625 0.1351475698478281 -0.4652100241693817 2.96062742805922
626 -1.775938191928845 0.2361860008849883 2.406295848692438
627 -0.8352533589320262 -0.8454134786719336 2.754564916002632
628 -0.7541372498206549 -0.8962239516673924 2.761894211748637
629 -1.306191765593897 -0.9261546219863952 2.536947119604178
630 -0.2943866106941915 -0.3515482895707737 2.964751308886438
631 -0.8090972450192617 0.1044165087988809 2.886946282976615
632 -1.075379875161177 0.7633596501086197 2.694594620473435
633 -1.045124606583581 0.9417449692765358 2.649685069882051
634 -1.193165460341835 -0.8054273856725347 2.632041586042281
635 -1.610455804690912 -0.7739131284363783 2.409873559083788
636 -1.740107137294228 -0.7712382048351228 2.318883089364443
637 -1.872020811594936 -0.6854974028684933 2.241792004539223
638 -1.979538019812572 -0.5369584411314005 2.189316071428303
639 -1.885892390565741 -0.5662377776527255 2.263356947183793
640 -1.057787063388602 0.6735874114476325 2.725319527627356
641 0.120419286635837 0.1987442332751178 2.990986446834222
642 -1.44413975973814 0.3265633067134128 2.609179327116454
643 -0.01529458871342071 -0.3502531293535595 2.979444381245289
644 -0.5572037356745176 -0.1766002273564762 2.94250511582359
645 -0.6386708056056452 -1.24675870323369 2.652864930217534
646 -1.215788710710806 0.3685967837706712 2.717718569297062
647 -0.4603332676147164 0.9572312870023815 2.80567310032921
648 0.6075469221735638 -0.1183571762258514 2.935451978178705
649 0.8514772530461172 -0.03462936371522805 2.876419179242434
650 0.371397009818635 0.683988173097746 2.897278799176942
651 -0.2345754936143054 -1.001246879533321 2.818240412743454
652 -1.877844475092064 0.65224932417204 2.246835763130747
653 -1.081307562358524 -0.6416298768456485 2.723799746076298
654 -1.216903745531703 -0.654275445548858 2.662906103388318
655 -1.730985202665767 0.3849505546918327 2.419814724022193
656 -0.02820845349829045 -0.4784051869544037 2.961474761034839
657 -0.2218557527406756 -0.3891683673520374 2.966366128249919
658 -1.641486417590383 -0.935599119688222 2.330273938425462
659 -0.96343712692855 0.8136891946402879 2.722076192354157
660 -0.1727456753378182 -0.1199421453213145 2.992619724159386
661 0.08995669071141041 -0.1170064720045091 2.996367347189811
662 -2.132907362798024 -0.2533292450870898 2.094404563427416
663 -1.088672186353044 0.329953370241176 2.775954546480863
664 -1.75345570137947 -0.150449785844775 2.42955921212863
665 -0.4802176213491796 -0.156230233084726 2.957191767609268
666 -1.812406424246108 0.9422336701186091 2.197129642111783
667 -0.5624952738144804 -1.064980536994718 2.74761997422475
668 -0.554199997369484 -0.9334891095637099 2.796687405707262
669 0.7500902260026947 -1.21540003623708 2.638212918770987
670 -0.6675312644313126 1.042423487662449 2.732719393457072
671 -0.6510378398041755 1.273496022592741 2.637111603930251
672 0.1910458938986462 -0.6691862596732731 2.918165728036871
673 -1.726296715679269 -0.5843311202588588 2.382951277582485
674 -0.4034255424886021 -0.7938241247048839 2.864802103235807
675 -0.6952334096226859 0.1345490558174487 2.915226759228696
676 -1.165954414292867 0.7257093634438172 2.667188824136931
677 0.740795524952338 1.181272057556306 2.656279035840791
678 -1.340215265054381 0.6086467810300168 2.614071946075129
679 -1.176895695544801 0.1415901209424531 2.755878944993706
680 0.4614153978629489 -0.007651801373736273 2.964293723730952
681 -1.322813844769278 -0.5471259267897294 2.636440166649188
682 -1.193402469951972 -0.5690334515368902 2.692952185937312
683 -0.4103007148849925 -0.9940016794555404 2.800645280038947
684 -1.469689652627005 0.3913852852457782 2.585890539727889
685 -0.1585410187639289 0.578671532088004 2.939388372318333
686 1.028332349389071 -0.2516308911181012 2.806993849981696
687 -0.6526373009751641 -0.9644238159751174 2.764769657052075
688 -0.4351953160330247 -0.2034478298082185 2.961285872294204
689 -0.5667290625469548 -0.8544885963284805 2.819338115304589
690 0.9290723003151633 -0.5216694501604309 2.804404686480966
691 0.655411643674924 0.3428399000561055 2.907386520616902
692 -1.692914080729029 -0.1237308793645056 2.473607200984237
693 0.8547519484016601 0.8966852375538106 2.732280126827524
694 -0.5914232792311309 -0.05831843459662557 2.940547137008638
695 -1.146130553309927 0.2859967588993697 2.757642219119176
696 -1.383640033595152 -0.5390184537769473 2.606721957539913
697 -1.885691017597044 -0.4007945271050254 2.298593729478197
698 -0.6070621028562839 0.908652217738673 2.793890969682657
699 -0.581771392356955 0.8220078847293042 2.825923757725588
700 -0.723004244788476 0.9002716000747043 2.768894347590167
701 -0.854187630279818 0.9276699354088531 2.722093309057477
702 -0.7762280272643041 0.8073425095925022 2.783104044388971
703 -0.8721781691659095 0.7788904238768145 2.762722379976569
704 -0.9177538254528969 0.7176959396351705 2.764532592337765
705 -2.121024728994278 -0.4878919493615945 2.064755565373997
706 -2.026699159932699 -0.3771282510669418 2.179510219607901
707 -1.949640616233268 -0.4353568000820709 2.238161281980337
708 -1.773256395660887 -0.6675904713431545 2.325915887950289
709 -1.422937553445908 0.7737416047324879 2.525187646116496
710 -2.06475141940764 -0.8963249288206114 1.983280917577957
711 -1.290631169361776 -0.6047793131139829 2.639794152410607
712 -1.911274972013517 0.2298259111645204 2.300914607696715
713 -1.976330526785203 -0.2320437003189397 2.245055315585613
714 -0.4036415029010726 0.8445150876161802 2.850239955499256
715 -0.4302895315697706 0.7480508893175964 2.873198702841942
716 -0.1402445568127128 -0.3301374522887128 2.978479599876542
717 1.10018785525027 -0.723673504157535 2.695530252573724
718 0.03312336083842658 0.1641561374636867 2.995322287417461
719 -1.413036868322129 -0.7936307065073981 2.524574639508794
720 -1.348590508850448 0.4088764708873018 2.648419089002576
721 -0.2510656263162091 -0.6859798639702566 2.90970749002538
722 -1.025974593033126 0.237714731447895 2.809068856561399
723 -1.849192700827022 -0.5344309289300953 2.301058438504111
724 -2.10780856499204 -1.233394297624058 1.742378133452855
725 -2.287728422359735 -1.03806962021174 1.639728675458502
726 -0.03141600123205586 -0.9515195411663391 2.844929453896034
727 0.1619922496547844 -1.067088616873308 2.79912136121162
728 -1.256833702742279 0.9754205960447959 2.543407891877107
729 -2.357504444910758 -0.1630916326669021 1.848127136205749
730 1.102279193017677 0.7290758826098255 2.693219066106024
731 -0.9372784657494228 0.1902702407804043 2.843467304738315
732 -1.546881174601787 0.7528235227435321 2.457725650935558
733 -1.292722339633481 0.0997750873215103 2.705349124339135
734 0.3399492995296691 0.920109904271618 2.835107094592824
735 -2.210033271747143 -0.6469837711483283 1.922801325577166
736 -0.7639923338977834 0.7448399133246831 2.803841867378383
737 -1.438863287620361 -1.106851933717721 2.388420238643875
738 -0.9281436437789492 0.07281615449645715 2.851884847632717
739 0.1066928225437419 0.3008262208953855 2.98297171063345
740 -1.617754753165392 0.9351275312504551 2.346999373435837
741 -1.375876794986272 0.06806489903760077 2.665019739990176
742 -0.6694040332213134 0.02505727619780691 2.924255524610766
743 -1.97747818044008 0.4084535405049269 2.21872615505663
744 -0.3257894138821821 -0.7677901886595907 2.881728558348335
745 -1.233362791973532 0.1187937628759585 2.732161097972999
746 -2.149634140946026 -1.034728910857336 1.818903279758226
747 -0.5113328550057161 0.8642470840513171 2.826944585431504
748 -0.6004604769280696 0.7604708939469624 2.839213136611414
749 -1.829394591665483 -0.6097701162549699 2.298150524510412
750 0.1587411195360434 1.066576355651559 2.799502837029011
751 -1.435889122919363 1.115497112800835 2.38618704589872
752 -1.194175171402927 0.3136383359687012 2.734150078948772
753 -0.06234059956362419 0.0401226728140307 2.999083830234211
754 -1.069668076835909 1.117362024400125 2.570469278522236
755 -0.2019037219493714 0.6698659370901666 2.917278614289232
756 -0.2944329537131424 0.6359828685638207 2.91699074847026
757 -0.3049732502049207 0.758543574565681 2.886451621306784
758 -1.509651850503829 -0.7364574596317263 2.485675300682523
759 -2.111363171916223 0.3759477910736841 2.097810481111838
760 -0.3563701899461958 -0.152695753414028 2.974841894052024
761 -0.2490248433682646 1.302780452685071 2.690864121334835
762 -1.912325683272798 -0.4943321946111212 2.258018193564033
763 -1.975760006799482 0.05360285493025687 2.256878182240911
764 -0.1959026038362248 -1.33547589967672 2.67920254762361
765 0.7059529503304722 -0.9964435020361457 2.740206338794516
766 -0.8804295053753781 -1.391362581552327 2.507778708881729
767 -0.8933472156417629 -1.280150682428109 2.561863576107041
768 -0.9922911886491491 -1.177948512392089 2.574450523720066
769 -1.078785715750018 -1.187579117873974 2.534931403072556
770 -1.06720966705746 -1.300337135393842 2.48398608306384
771 -0.9675998691781484 -1.401870007435609 2.469516344432431
772 -0.9807689995078869 -1.291003074686761 2.524163867650757
773 -0.8623374826508248 0.13030122250638 2.87043475059594
774 -0.8357631550405249 0.1173647687902081 2.878840992434894
775 -0.8141181717748321 0.1342328923286835 2.884301151579543
776 -0.8190496992410057 0.1640377517700229 2.881362387164699
777 -0.8456097433985612 0.1769712279217794 2.872912345749044
778 -0.8672520379670566 0.1601030570463162 2.867445014950837
779 -0.8407331526872253 0.147176198319897 2.876022762882919
780 -0.5315862734398098 -0.1698244698026431 2.947639001530992
781 -0.5059219427187811 -0.1630338570036574 2.952535003915477
782 -0.5016316229964116 -0.1387144387889956 2.954509099542839
783 -0.5230032166311404 -0.121184839181348 2.951572779069842
784 -0.5486576541655809 -0.1279731357936358 2.946624790339052
785 -0.5529504374165415 -0.1522929365929601 2.944665121066357
786 -0.5273130881450578 -0.1455098372693456 2.949706391207229
787 -1.56171568669695 0.5753695121388894 2.495995600642303
788 -1.585547679539709 0.5894267117397956 2.477622793605567
789 -1.595431646592162 0.5623986057217817 2.477560426979415
790 -1.581284229884592 0.5212385326760213 2.495566183528708
791 -1.557208791699809 0.5071012756092883 2.513553077881638
792 -1.54752275882593 0.5341982226695895 2.513922347609893
793 -1.571573452499425 0.5483309586609157 2.495894637834907
794 -0.3866181918353235 0.7072602024081807 2.889690187516912
795 -0.408478884163607 0.7276990583525418 2.881596620220338
796 -0.4293308023853551 0.7182559805467004 2.880934467934327
797 -0.4283226243797806 0.6883751389034023 2.888369678137502
798 -0.4064413982644021 0.6679025558950153 2.896327254577042
799 -0.3855899825618537 0.6773441145122971 2.896985556726768
800 -0.4074836888220459 0.6978406102622684 2.889113276770706
801 -0.7163711540849557 -0.8391388522846681 2.789741628929345
802 -0.7353216645954679 -0.8677615646081424 2.776020878265395
803 -0.7184113770135401 -0.8878108356322617 2.774108327645381
804 -0.6825375347670566 -0.8792217595818526 2.78587717085874
805 -0.6635183955860463 -0.8505108715751043 2.799352531577878
806 -0.6804396362368733 -0.8304787830588597 2.801304498323398
807 -0.6994877007287329 -0.8592202971239936 2.787912738508755
808 -1.372017007489295 -0.5856722266628835 2.602797989486671
809 -1.377887726237376 -0.5623684012869477 2.604835348945948
810 -1.404874140747683 -0.5489447032493067 2.593258251974336
811 -1.425960081728387 -0.5588132361022482 2.579605708722576
812 -1.420156305006889 -0.5821451083659649 2.577646822618405
813 -1.393197704419811 -0.5955813061010857 2.589263034962322
814 -1.399097786958236 -0.5722879451464221 2.591333998227294
815 0.3732270542490813 -0.7472083700359853 2.881385294910196
816 0.2822484869741593 -0.7085943620628193 2.901418587803832
817 0.1846789971360794 -0.7353652111664416 2.902607736884705
818 0.1782130562554165 -0.801197236406805 2.885536881579267
819 0.2692895598356105 -0.8402921240381049 2.867297033661332
820 0.3667599284104563 -0.8130941542979258 2.864326282244901
821 0.275891844868293 -0.7746671894534198 2.885095221222258
822 -0.4844264978576977 0.7685261991667208 2.859142957140772
823 -0.4573811018466677 0.7583287007608561 2.86631123733552
824 -0.4214669585739261 0.7803168990139301 2.865915410465516
825 -0.4125833308970838 0.8124768390722149 2.858261076430404
826 -0.4396622649479974 0.8227357383010269 2.851280939806363
827 -0.4755949563909697 0.8007721385995709 2.851766718982838
828 -0.4485542775690277 0.7905888405415903 2.858980298163251
829 1.371235803431244 -0.6951044138341321 2.576148719553391
830 1.237335953326145 -0.7104731181636263 2.638982320322236
831 1.090151391047561 -0.8345794047268055 2.667404574076253
832 1.078114944818432 -0.9441758363941867 2.635564485215356
833 1.215943301022347 -0.9320227587971043 2.579305229278441
834 1.362466551713147 -0.8067970666242346 2.54809014533423
835 1.228182936250458 -0.8219947772322626 2.610726194242913
836 -1.488293692455696 0.0553430499552801 2.604211787051552
837 -1.460581478127259 0.06890887840418961 2.619533033238685
838 -1.455885296997887 0.1055509159138382 2.620926745663664
839 -1.478887005972588 0.1286264475011117 2.606980717337334
840 -1.506624651381232 0.1150624941144321 2.591687246235268
841 -1.51133571811236 0.07842039978848105 2.590311677782195
842 -1.483740387569878 0.09199410494964333 2.605772735091935
843 -0.2980093077247483 0.6769793750122055 2.90738531645145
844 -0.3015239299790308 0.7178426381807819 2.897203007464209
845 -0.3249256547923304 0.7346964073900675 2.890440192743296
846 -0.3448420759155858 0.7107597843380893 2.894115490378002
847 -0.3413236853375507 0.6698924990623487 2.904262760414008
848 -0.3178934871704563 0.6529704619871853 2.910768507900765
849 -0.3214421795715365 0.6939072252158027 2.900890843859108
850 -1.63562951145153 0.05644274042965412 2.51426536354491
851 -1.609066754979926 0.07850019080737447 2.530759154495263
852 -1.611310629338251 0.1247201647722922 2.527473627217649
853 -1.640057337885256 0.1488788806885411 2.507597855983621
854 -1.666685388611052 0.1268254870828859 2.491199532598024
855 -1.66450235815212 0.08060670277230059 2.494581018763313
856 -1.638040341888659 0.1026731270402593 2.511231185559995
857 -0.01960330389089408 -0.3930525589806774 2.974075553235879
858 -0.02390882452970323 -0.4357788335862978 2.968084428770141
859 0.02625226113697632 -0.4741640606706926 2.962174752163261
860 0.08072250330518643 -0.4697651964779412 2.961892053677545
861 0.08503889613440031 -0.427085482400781 2.968226133040866
862 0.03486838502049092 -0.3887458785593614 2.974501779732057
863 0.03057010271051203 -0.4315035974558581 2.968647859582359
864 -0.3145189854400475 -0.4935257929492777 2.942364712181607
865 -0.3164730665571556 -0.4620240015051281 2.947266296108497
866 -0.3407105900892941 -0.4517844841508304 2.946151230619632
867 -0.3629953468651932 -0.4730485003087744 2.940146168902124
868 -0.3610290864623971 -0.5045331296631239 2.935149795121274
869 -0.3367910798535053 -0.514770437114302 2.936253252974657
870 -0.3387704780158617 -0.4833058610761234 2.941368730348913
871 -1.504081154008246 0.416208728527979 2.562130007719035
872 -1.48695019082158 0.4038142535845536 2.574084920630556
873 -1.46005407087321 0.418800581593763 2.587053958266679
874 -1.450232577592369 0.4461663632625865 2.588003293503088
875 -1.467424487350361 0.4585801918230202 2.576115211241937
876 -1.49437986310009 0.4436090870855086 2.563208887823253
877 -1.477281654406073 0.4312247392165263 2.575205649621579
878 -0.3244188220984858 -0.1746475694184946 2.977289145240086
879 -0.3467734582871396 -0.1910293686484761 2.973761246122718
880 -0.3345284337811235 -0.2144098860952748 2.97357009800283
881 -0.2999088451390688 -0.2213973892708694 2.976749549530728
882 -0.277535470348889 -0.2050017421887117 2.980092003344496
883 -0.2897984071125448 -0.1816330120864316 2.980440627181733
884 -0.3121768177931066 -0.1980303884098947 2.977134461138562
885 -2.443206938106035 1.330607410537773 1.122596889632469
886 -2.383204245995616 1.41626575845038 1.146529032911701
887 -2.445521664125641 1.421968181165381 0.9987143145291225
888 -2.383204246008045 -1.416265758446899 1.146529032890164
889 -2.443206938129805 -1.330607410559346 1.122596889555166
890 -2.445521664149959 -1.421968181161772 0.9987143144747131
891 -1.471722251483495 -0.5632766805844154 2.552793175249056
892 -1.496380353969256 -0.5578644259861522 2.53961278908301
893 -1.520764028971938 -0.5802588467906683 2.520035007476325
894 -1.520544812138577 -0.6080856123178024 2.513598090859106
895 -1.496000592586885 -0.6135439766733239 2.526963793897248
896 -1.4716566774798 -0.5911661068093678 2.546517083741825
897 -1.496296639892331 -0.585746128369903 2.533376766007494
898 -0.6478935629711569 0.8034662097336934 2.81685569045997
899 -0.6148761293396133 0.8127987526879303 2.821575009316123
900 -0.590277513297485 0.8509987306462448 2.815559201603443
901 -0.5987094211180601 0.8798847511270732 2.804879650501698
902 -0.6318131417038404 0.8706723166848008 2.800489577007749
903 -0.6564008760721022 0.8324481513717766 2.806451133579469
904 -0.6233863820980936 0.8417885710726626 2.811188613420682
905 -1.86125251211035 -0.8317725681581831 2.200884704163863
906 -1.867239790555502 -0.758855839441153 2.222060615625125
907 -1.929868810096441 -0.6872478302512056 2.191642488096988
908 -1.98649579957713 -0.6885511480110535 2.140030783618562
909 -1.981412067852842 -0.7618158659207727 2.119821408467824
910 -1.918769184684326 -0.8334625241878336 2.150270921693425
911 -1.924948751415801 -0.7605947654709692 2.171650963474773
912 -0.3856168621647474 1.079159157421643 2.772492587648743
913 -0.3251629107030735 1.006503147349335 2.807351152933845
914 -0.2055942042796482 1.001474749352012 2.820421838941285
915 -0.1465267239407803 1.069269137865288 2.799141552329929
916 -0.2071069049177758 1.14266818366272 2.766119330755692
917 -0.3266966632113306 1.147520039604045 2.752538292004984
918 -0.2662865573614474 1.075107013148765 2.78805243488119
919 -0.03667047232441981 0.08009229545924265 2.998706471241821
920 -0.04950749093021568 0.06010874204242648 2.998989154277132
921 -0.03534517459165075 0.02609730273782974 2.999678257650793
922 -0.008343334931356299 0.01206780406747661 2.999964125930044
923 0.004494415266827792 0.03205369719326926 2.999825388373072
924 -0.009670569723945812 0.06606918626588243 2.999256798393125
925 -0.02250769779451096 0.04608366202623234 2.999561584571026
926 0.3234306054862285 -0.5710410268844439 2.927337491484296
927 0.2573146385774118 -0.6203806832390234 2.923853105858373
928 0.4393042186453928 -0.6977415430064392 2.884470236047401
929 0.4144717874887408 -0.6097829097387174 2.907985202913947
930 0.3485156425696361 -0.6594721537380454 2.905793063060131
931 -0.8472058417140669 0.07215099467406412 2.876983923440154
932 -0.8281829876734673 0.08828781485493473 2.882068389312854
933 -0.8813578468698631 0.1141634102914508 2.865340304660433
934 -0.8738071935096721 0.0850896805060862 2.868661836961987
935 -0.8548191953854337 0.1012316936318663 2.873853908500748
936 -0.3561544409222532 -0.2318760991637126 2.969745357576635
937 -0.3431813395649903 -0.256341340929247 2.969261808110725
938 -0.3085644034511115 -0.2633290815214579 2.972447779818499
939 -0.2869198189682106 -0.2458509403609525 2.976110604901451
940 -0.3215598244925731 -0.2388797397711909 2.973135676217813
941 -0.4911447581867687 -0.2035442005514397 2.952515298000594
942 -0.4856975221236715 -0.1798925277951068 2.954951200180201
943 -0.5370317794773989 -0.1934758573446671 2.945193365545984
944 -0.5168148525987609 -0.2103372280640857 2.947653415621252
945 -0.5113861045876116 -0.1866918812855512 2.950191585896884
946 1.213201135296647 -1.073158121847152 2.525168242083767
947 1.35897372669621 -1.091203235169613 2.441816108904351
948 1.359842637652876 -0.9508836573938978 2.499329564287686
949 0.08421417620219319 -0.3012309053338958 2.983650099156787
950 0.03445702212947347 -0.3258014307274826 2.982057367215107
951 0.1348013686873364 -0.4025110894966435 2.969817067402005
952 0.1343932913293899 -0.3395994572474225 2.977685452139448
953 0.08464740810917525 -0.3642397428967125 2.976602799500621
954 -0.3602153134976083 -0.3271856666587361 2.960269323466177
955 -0.3452120312079279 -0.3039963401745141 2.964526079944279
956 -0.3613269438076691 -0.2788829838034828 2.965074555727642
957 -0.392437477378007 -0.2769524172425061 2.961298732808414
958 -0.4074367214425499 -0.3001390389463471 2.957010631587331
959 -0.3913300176130002 -0.3252592198832781 2.956529596874675
960 -0.3763455337515249 -0.3020843970474046 2.960930437596565
961 0.4337009862773817 -1.018742185371192 2.788201537595006
962 0.4491281714732795 -0.9025987084923052 2.82552640352503
963 0.2541115035292607 -0.9571554112267663 2.831833480721177
964 0.3362543384892607 -1.046163098960265 2.791500634107219
965 0.3518334922482017 -0.9304504644246866 2.830278277304958
966 0.09132718420315325 0.7769734462115772 2.896199511309197
967 0.02349736819194183 0.7210321712711374 2.911968489128974
968 0.03061828258887805 0.6444026821722724 2.929813595432393
969 0.1055595054033435 0.6238571051993294 2.932517604910721
970 0.1733801375198505 0.6798074106488317 2.916813537465247
971 0.1662524173314841 0.7562775988879081 2.898345101459069
972 0.09847396321872234 0.7006593644473474 2.915369502066631
973 -0.387268029551335 -0.2299478470818524 2.965998560503671
974 -0.4054048558351702 -0.2524827847780484 2.961739243460839
975 -0.3743141170081016 -0.254426642523287 2.965662830697848
976 -1.819118162230168 -0.1663533299489361 2.37973437203803
977 -1.836408549879894 -0.1195491930827741 2.369242838621926
978 -1.859062919287834 -0.1329181653479114 2.350790893178197
979 -1.864197492354547 -0.1930822717923499 2.342538568693912
980 -1.846354936646071 -0.239820758508657 2.352330642514147
981 -1.823934515153305 -0.2264705583187756 2.371070216304709
982 -1.841764449468542 -0.1797197001289363 2.361271806052705
983 1.069367187276501 -1.204990772065429 2.530701692814368
984 1.071305838794082 -1.35486854700417 2.452883001715433
985 1.218375475261763 -1.374376780925114 2.372055999620286
986 1.362362705772027 -1.242403631155119 2.366516654328487
987 1.217771432793437 -1.225691468685671 2.452491215287709
988 -1.449928142242644 0.01766188017748049 2.626289481439811
989 -1.441394115365697 0.05006801621724682 2.630565756247353
990 -1.496752241046199 0.0229354338659152 2.59984743683097
991 -1.477575738413699 0.004095869685824611 2.610891258000365
992 -1.469200708110249 0.03650538931646699 2.615361664443217
993 1.124795030697425 -0.03699012866434265 2.780911337907013
994 1.077472697948848 -0.1445352633803284 2.796097663318363
995 1.190301413196319 -0.2447778061017789 2.742857337045229
996 1.348450472208913 -0.2369694874686891 2.669368237244233
997 1.394999857567171 -0.1290820258107527 2.652793476318909
998 1.284402893923239 -0.02919454695769342 2.710988174911418
999 1.238801912094532 -0.1371912427674388 2.728836452684341
1000 -1.507167605959778 0.4762332638554255 2.549832874120004
1001 -1.51419298973438 0.4524191209838277 2.550007162501212
1002 -1.488972340418891 0.4645156791587112 2.562652249776237
1003 1.119748268985838 0.9335913689963458 2.621940306307286
1004 1.111914040731689 0.8319265838550215 2.659237733843862
1005 1.238699848511642 0.7140660147918559 2.637372255070662
1006 1.371892363980562 0.6968893775941574 2.575316783824516
1007 1.381577726497672 0.7997739706007624 2.540000901888622
1008 1.255945089787021 0.9188218617165534 2.564832999996607
1009 1.248684075719158 0.8171064108869529 2.602522851452574
1010 -2.32125564781106 -1.418172120240468 1.265132425826605
1011 -2.318144027644807 -1.333666961983734 1.35924269415281
1012 -2.378685751726013 -1.248233223026028 1.335577745947314
1013 -2.441846287367833 -1.247038123332293 1.217490298862296
1014 -2.383074203676862 -1.333448194384358 1.242124491612247
1015 -1.113789593560662 0.06094798258226694 2.78491617193321
1016 -1.142226825374703 0.06663922923578401 2.773243064089638
1017 -1.156267723303498 0.04605129339300313 2.76783746459639
1018 -1.141877496829834 0.01977250795248445 2.774116946014155
1019 -1.113399333348261 0.01408082165853138 2.785703439880324
1020 -1.099353200388971 0.03466763717085169 2.791096683335695
1021 -1.127881805387501 0.04036238936192482 2.779613913945753
1022 -1.408812141684498 0.03760496708963607 2.648364441668202
1023 -1.420789910320523 0.06003687140847227 2.641543413385985
1024 -1.437845862303713 -0.004771140678008011 2.632978638818158
1025 -1.417335157840237 0.005200926478318088 2.644075263814129
1026 -1.429436372188357 0.02763542955940497 2.637413115326846
1027 -0.01885094774062243 -0.520042381643003 2.954522053237097
1028 -0.009487580469350327 -0.5615801668173049 2.946953970128187
1029 0.04498737519505977 -0.5573249812302087 2.947433629680201
1030 0.0900989956593899 -0.5113760128152182 2.954721094197958
1031 0.03562992553265538 -0.5157952614142273 2.955111801050709
1032 0.695493463769655 0.07147607974538081 2.917392673583369
1033 0.7739625121591128 0.0184046685734065 2.898386326552597
1034 0.8653276577220281 0.06347560334455871 2.871790189509211
1035 0.8781680257525472 0.1616229205608874 2.86403543101255
1036 0.7998066110521556 0.2147282594286213 2.883435652051216
1037 0.7084765318455479 0.169648555476412 2.910202805896673
1038 0.7873479029812187 0.1166350809872483 2.892486739391242
1039 1.378601462960457 1.084324454220595 2.433864927292083
1040 1.253512813967675 1.060179159953736 2.510921299845663
1041 1.379323163848533 0.9438799129508253 2.491296513785305
1042 -2.378867889594768 -1.129661382341239 1.436959541915435
1043 -2.442025045251087 -1.009794523926735 1.420150941912163
1044 -2.44053316793795 -1.134236629141941 1.325633857936452
1045 -1.895467592289072 -0.125913522714506 2.321927731730574
1046 -1.936550247401958 -0.1790550683587325 2.284231254007016
1047 -1.940883092577646 -0.2391350559750672 2.275035658171106
1048 -1.904951141146932 -0.2461695237954646 2.304465602997214
1049 -1.900602524942151 -0.1860805278972795 2.313673287074256
1050 -0.3468194880773609 0.75520746330038 2.882599162225848
1051 -0.3886007691121012 0.7517096472946195 2.878180336325311
1052 -0.3667415431820977 0.7312773613920732 2.886301103700004
1053 -1.094141024752732 0.08007731333363489 2.792211138478304
1054 -1.10296633389044 0.1048997611850079 2.787913432373324
1055 -1.131415814855673 0.1105921530800558 2.776268652269011
1056 -1.151026747916395 0.09146051516553624 2.768893714057414
1057 -1.122654952916116 0.08577391923704097 2.780699316983343
1058 -1.266348210303713 0.6638116111073488 2.637369211016851
1059 -1.255850048769659 0.693075201570548 2.634860038023498
1060 -1.280258908626786 0.7112120433476365 2.618227369095173
1061 -1.315064346473191 0.7000261997647805 2.603952588715455
1062 -1.325496710471637 0.6707263155732723 2.606373856553655
1063 -1.301192144810653 0.6526474030760269 2.623156565960402
1064 -1.290818886885676 0.6819785500413204 2.620818928988183
1065 -0.7111745814313969 -1.024748175874489 2.728391814012017
1066 -0.6819938424355159 -0.9947158838583996 2.746893647245892
1067 -0.6866193675273896 -0.9418945813692861 2.764306141100052
1068 -0.7204607522046002 -0.9191573076380277 2.763346910604673
1069 -0.7497862624945417 -0.9493733239703351 2.74527063370954
1070 -0.7451193243333304 -1.002146441554181 2.727727937713974
1071 -0.7159681039653947 -0.9721526199338306 2.746326447758895
1072 0.1193096533963811 -0.223454324015515 2.989286431857142
1073 0.1046484797605449 -0.1702502771263549 2.99333652281567
1074 0.06134943103221194 -0.1438953548077403 2.99591895320564
1075 0.03272672322669992 -0.1707641583529518 2.994957188977641
1076 0.04739079277279352 -0.223984936430811 2.991251387130886
1077 0.09067715502490091 -0.2503141648433708 2.988163394534401
1078 0.07602897608869727 -0.197138437013797 2.992550088377246
1079 1.092057599154504 1.348943709356099 2.446990206175233
1080 1.110717688850346 1.192926554327215 2.518577465883459
1081 1.362362705709236 1.242403631231246 2.366516654324669
1082 1.218375475551982 1.374376780911904 2.372055999478873
1083 1.23799836941256 1.219295785802249 2.445542439635166
1084 -2.305227470022757 0.122796477475748 1.915945546348337
1085 -2.335696991639039 -0.02036199124499662 1.882579334997833
1086 -2.287486779296507 -0.1108379227023037 1.937812991347393
1087 -2.213351864332424 -0.05829938342211903 2.024271401405647
1088 -2.183707029835394 0.08471873265345158 2.055297142552647
1089 -2.228790377624401 0.1751967139217487 2.000449840420875
1090 -2.261461896006864 0.0322265219710736 1.970977306868521
1091 -1.703078007982371 -0.5327431858775928 2.411578320649734
1092 -1.714783753148701 -0.55856978039358 2.397397856086537
1093 -1.702091268555646 -0.581434126239741 2.401003888033183
1094 -1.677709291451957 -0.5784773788948888 2.418812819439047
1095 -1.66596228447472 -0.5526373034708379 2.432932731811599
1096 -1.678638311821337 -0.529768267348267 2.429304221582062
1097 -1.690459452245447 -0.5556320774455872 2.415288768414146
1098 -1.603397753453776 0.4237274924884102 2.499914129791035
1099 -1.624918889236627 0.4439497314626687 2.482447832147985
1100 -1.647313983667259 0.4143187998085925 2.472791251064164
1101 -1.647937241330544 0.3643949503674369 2.480225628603694
1102 -1.626218627314394 0.3441285367395195 2.497396349476231
1103 -1.604073601396963 0.3738235218317327 2.507429730984838
1104 -1.625800839590199 0.3940944828978726 2.490273312015623
1105 -0.506402122859396 -0.9539774920158115 2.798836157171534
1106 -0.458410307521704 -0.974135052838815 2.800164439597892
1107 -0.4293239058656362 -0.9480772711436724 2.813686278139949
1108 -0.448230188822268 -0.9018664428793263 2.825902796813178
1109 -0.4961572183517381 -0.8815917190504317 2.824291779469531
1110 -0.5252378458582406 -0.9076402302888351 2.810749796342503
1111 -0.4773586609821053 -0.9280109275846906 2.812636561496841
1112 1.09172642440439 -0.3318894915866928 2.774523883413428
1113 1.153633529911228 -0.4117893134362384 2.738532314946141
1114 1.31243578184738 -0.4043607912986009 2.667209153588639
1115 1.408233727196957 -0.3165660634554555 2.629955075101718
1116 1.252582744841941 -0.3247805387995972 2.706576078543013
1117 -1.318634171181875 0.3640623226128424 2.669955532934066
1118 -1.344355999952321 0.3545351688971417 2.658385178902273
1119 -1.35409889315106 0.3265353724790714 2.657026691263569
1120 -1.338156236369392 0.3080719220643829 2.667288806616422
1121 -1.312468405909023 0.3176069274600157 2.67890883068462
1122 -1.302689931461886 0.3455980592993503 2.680216581524028
1123 -1.328477106160627 0.3360878491404681 2.668743812370761
1124 -0.9634042935143499 -1.096521113509356 2.620971883646659
1125 -1.021112002916888 -1.024825676474176 2.628129108384576
1126 -1.107887048323748 -1.034728418556196 2.588807329251964
1127 -1.13663031674041 -1.116031747929847 2.542153547817135
1128 -1.050652146386968 -1.106933028843176 2.582794869312801
1129 -1.050891498212758 -0.9182745549498174 2.655635310187726
1130 -1.023889050243615 -0.8842459825434033 2.677640800246941
1131 -1.02193606941625 -0.8334473275736329 2.694626545958908
1132 -1.04718129241336 -0.8168440454179124 2.690014339419919
1133 -1.074466296244829 -0.8510934174613014 2.668550575310118
1134 -1.076218941235684 -0.9017323653822786 2.651156640364281
1135 -1.049251453812237 -0.867735645088066 2.673220199855692
1136 -1.886987962086732 1.121809193467347 2.044705495760184
1137 -1.85123574329906 1.032821292726541 2.122782702026435
1138 -1.760532436299629 1.027975287033012 2.200861728956703
1139 -1.706629887262361 1.112662295839801 2.202134656037038
1140 -1.743187270219383 1.202168314062559 2.125109287921231
1141 -1.832863870439148 1.206419823692584 2.04576666348838
1142 -1.798240461633173 1.118137277831261 2.125111825309297
1143 -1.538155374986549 0.06137017179137282 2.574939172954244
1144 -1.560331277269119 0.0809639756042442 2.561017598500658
1145 -1.584102184229295 0.06154579116026833 2.546926065968628
1146 -1.585586118471691 0.02252667718971827 2.546646659771368
1147 -1.563315363055057 0.002931390528268002 2.560475831283241
1148 -1.539655227177785 0.02235416609304949 2.574677081243861
1149 -1.562006770307553 0.04195258669954501 2.560932414177029
1150 -0.174036550401735 -0.1892094647212323 2.988964880620742
1151 -0.1734027137244561 -0.1545838535739265 2.990992365601629
1152 -0.1940469591693286 -0.1351812793609011 2.990664106740756
1153 -0.2153349441075272 -0.1504111796980086 2.988479101293509
1154 -0.2159714667780996 -0.1850371336081744 2.986489173716152
1155 -0.1953170071401453 -0.2044310882381738 2.986646814888491
1156 -0.1946943768533205 -0.1698176865098263 2.988855308135566
1157 -1.436062442676634 0.8519029535200215 2.492385607910117
1158 -1.429645425471523 0.8129013572528048 2.509044706816699
1159 -1.388217081811903 0.7878546799108878 2.540105969661139
1160 -1.353140595086686 0.8017740992787888 2.554636730271867
1161 -1.359890168144916 0.8409828883768599 2.538394475261894
1162 -1.401219882152533 0.8659653108899441 2.507326648483545
1163 -1.394928624311202 0.8270372085215512 2.523922262827866
1164 -2.144911668303371 -1.41824819274382 1.545291557912271
1165 -2.230032074220841 -1.333737160507297 1.499367244749673
1166 -2.237864735894223 -1.417346334266875 1.408222565002184
1167 -0.3857882008170944 -0.9532539289746867 2.818239594322071
1168 -0.36116140881927 -0.91222963356511 2.835030781565756
1169 -0.3800364327908194 -0.8659505382080276 2.847051452841844
1170 -0.4235635590079729 -0.8607600424708723 2.842478858455422
1171 -0.4047393393030477 -0.907147217292795 2.830771978344154
1172 -0.7922003818658678 0.1225379595093545 2.890917329058521
1173 -0.7752423938404293 0.1406515139043475 2.894687613962684
1174 -0.7801765633210568 0.1704559325775896 2.891758860121924
1175 -0.8020659423322722 0.1821462288273452 2.885049908662694
1176 -0.7971776830552305 0.1523504471860749 2.888130378442237
1177 -1.766448944950582 -1.168632619679151 2.12460724019872
1178 -1.858260103060408 -1.151307464054281 2.054594975314313
1179 -1.87478865214637 -1.257787333972235 1.975636234806958
1180 -1.798545547917855 -1.381156301598401 1.964087875483143
1181 -1.705384540898391 -1.397485942001678 2.034378679000659
1182 -1.690402732636755 -1.291999161651801 2.115012238211693
1183 -1.784160594721702 -1.27608285561515 2.046554059351326
1184 -0.01414244648147419 0.4110760500368897 2.971668970846784
1185 0.0001196400481783364 0.3795454285973207 2.975894025888209
1186 0.05050113195485234 0.374607002539197 2.976091266967442
1187 0.08661951656440409 0.4011688084655146 2.971794179694231
1188 0.07236019011911794 0.4327269808333898 2.967745164758043
1189 0.02197564360468447 0.4376996074702753 2.967816726940619
1190 0.03624444957059086 0.4061823508934126 2.972154477428457
1191 -1.359797445001337 -1.37220196090355 2.295215172279124
1192 -1.401039043212013 -1.240841354061641 2.344653990132881
1193 -1.518472711443444 -1.134013326181303 2.325565393758002
1194 -1.596316098560273 -1.159816187012424 2.259779043583967
1195 -1.557632708128705 -1.293110958894636 2.213965761829715
1196 -1.438402729371655 -1.398688495401659 2.230396395479336
1197 -1.480173512525926 -1.267865409752864 2.280702452221434
1198 -1.528774674058376 0.134654861451159 2.577734676851998
1199 -1.555662580864854 0.1176077704695058 2.562436798600522
1200 -1.533622017750753 0.09802255784663767 2.57650831258572
1201 -1.217287945836234 -1.300269164895158 2.414023644404637
1202 -1.26781742198739 -1.401796733512088 2.32972206548766
1203 -1.120094247957497 -1.400920103535442 2.404747749599275
1204 -0.2932637000652059 -0.9992172820368749 2.813460720447845
1205 -0.3518613791377763 -0.9968012833356108 2.807593412766838
1206 -0.3937259014081435 -1.062185260223725 2.777902515842448
1207 -0.3769028149615224 -1.129767370758466 2.753465081682276
1208 -0.3183440733357018 -1.132368068493017 2.759782529191282
1209 -0.2765498447367533 -1.067191885723894 2.790093486322843
1210 -0.3352051204571337 -1.064907550605349 2.784530379773766
1211 -2.410119631683133 -0.5253919595460192 1.707421052294938
1212 -2.314003081962424 -0.5873057774730286 1.816717275861933
1213 -2.238383196645488 -0.5680258314982565 1.914937941481614
1214 -2.264987600299433 -0.4885568931977023 1.905555911695803
1215 -2.364309150660036 -0.427442087092423 1.796478639529926
1216 -2.434091021830008 -0.4452703579668488 1.696153060829896
1217 -2.339733937742053 -0.5074574301767257 1.807797570840413
1218 -1.450672712376184 0.3943696996853037 2.596155084261579
1219 -1.431550937581182 0.3973261873278047 2.606298872726224
1220 -1.421790585274825 0.4247085324582731 2.607323185583446
1221 -1.431092294348831 0.4491175111497691 2.598127846399025
1222 -1.440973479453974 0.4217703846909547 2.597249540207477
1223 -0.02833835920107265 0.1340092394424511 2.996871445548148
1224 -0.03284164985367431 0.1679358522332528 2.995115853447004
1225 -0.05650059727100827 0.1855374249342083 2.993724026435436
1226 -0.07565850496087581 0.1692245550419518 2.994267663486005
1227 -0.07115737044389057 0.1353035821417314 2.996102396329459
1228 -0.04749581721975833 0.1176914239161312 2.997314277162677
1229 -0.05200093866162107 0.1516243221719328 2.995714600442474
1230 -1.908717288072191 -0.6362702319815667 2.225299644117273
1231 -1.944572463852193 -0.5867349932136198 2.207799805364251
1232 -2.001217515493233 -0.5880467271157287 2.156230391774397
1233 -2.021978157105345 -0.6388857698173966 2.122128484638408
1234 -1.965987814102257 -0.6377925064054377 2.174422367796676
1235 -1.735156356180115 -1.092320193040254 2.18999292589822
1236 -1.795894641509045 -0.9988382113714895 2.185654287416769
1237 -1.887406454537638 -0.9813659458075609 2.115329231060474
1238 -1.918462551066982 -1.057513452095087 2.04967478854366
1239 -1.828190579444523 -1.075742407221291 2.121437597134556
1240 -1.698289624967251 1.401437962590836 2.037592694023475
1241 -1.676217993164488 1.299907651786028 2.121446048387692
1242 -1.543002276443643 1.300660516426871 2.219780663916577
1243 -1.430900143802143 1.402249613972456 2.232984728694109
1244 -1.567919809687506 1.400926609737491 2.139867310026236
1245 -1.575228251217412 -1.397154430831636 2.136964073861342
1246 -1.279517417824036 1.416274418448704 2.314519809622008
1247 -1.241583694345775 1.330245975253545 2.385144770293082
1248 -1.092297071075344 1.331154413737673 2.456606406265956
1249 -0.980122185227412 1.417241605227643 2.45576601785203
1250 -1.13221438863079 1.415887323320906 2.390262258798512
1251 -0.3775824245559778 -0.785220162324207 2.870689953538343
1252 -0.3517010434530878 -0.7765408533795276 2.876332852620955
1253 -0.3547910051614211 -0.7508816942336003 2.882759099182834
1254 -0.383748344910976 -0.733868922671127 2.883430875210225
1255 -0.4096100690702311 -0.742510923676136 2.877654795061056
1256 -0.4065352350872906 -0.7682018080293868 2.871340294143643
1257 -0.380681116526335 -0.7595770625916929 2.877173017652022
1258 -1.820401840916967 -0.09865832597812438 2.382520445306044
1259 -1.787157173806001 -0.1245736532762779 2.40635629968281
1260 -1.746953149870122 -0.1126479526057653 2.436281004098786
1261 -1.7401550772271 -0.07482076310615594 2.442593326898475
1262 -1.773620759059044 -0.04891399848367954 2.419065278942914
1263 -1.813665500805937 -0.06082974916219291 2.388915484650559
1264 -1.780541722372107 -0.08675062936440897 2.412912245233351
1265 -0.3291879950201014 -0.7418050980769151 2.888141350488536
1266 -0.3325580120496021 -0.7157527156001944 2.894322583737439
1267 -0.3615156050294135 -0.698743996230887 2.895006613990978
1268 -0.3871016669869294 -0.7077844960917486 2.889497085395327
1269 -0.3581694286886769 -0.7248444241063079 2.888998999860475
1270 -2.263739726501154 -0.7635656402473341 1.814510943393332
1271 -2.238019821132038 -0.7056107513565305 1.869058786606294
1272 -2.435297138080443 -0.5833329789082017 1.651983802879219
1273 -2.364346858057594 -0.7031292833590914 1.707475664739066
1274 -2.340185154538103 -0.645365206447174 1.76267898177373
1275 -1.907217972558101 -0.4123607802546066 2.278700987856717
1276 -1.928536857533381 -0.4238828091307126 2.258554615956569
1277 -1.924068468239039 -0.4444842578584459 2.258405250180822
1278 -1.898247788109213 -0.4535562180788729 2.278363906837639
1279 -1.876781959165593 -0.441999471223985 2.298331121746446
1280 -1.881283037544759 -0.4214068929674174 2.298519167465417
1281 -1.902780951574264 -0.4329692457590197 2.278587782498845
1282 0.08651520091804807 0.8530496926591903 2.874860229970175
1283 0.0139134888476071 0.8733944518785394 2.870015426135524
1284 -0.05390257702522807 0.8175178380477718 2.885958956164092
1285 -0.04911330056705928 0.7412411754798135 2.906570041041625
1286 0.01871494287210504 0.7974917665184764 2.891998726356658
1287 -0.3290545586319071 -0.6647542321190042 2.906858253909783
1288 -0.3221818287825167 -0.6398096350809385 2.913218580892952
1289 -0.337055331845066 -0.6260450553265764 2.914525912044008
1290 -0.358804768365308 -0.6372312954665427 2.909500887485059
1291 -0.3656682735804472 -0.6621590381422023 2.903072875747918
1292 -0.3507918465108965 -0.675916751360227 2.901737690703988
1293 -0.3439377392867671 -0.6510082270298569 2.908246055586382
1294 -1.691313611584125 0.2884198928264003 2.46094945756557
1295 -1.733943601600084 0.2623451984514366 2.434053118426055
1296 -1.740590047743414 0.2151836623658975 2.433935553203367
1297 -1.704757359041945 0.1941168832202968 2.460918727313271
1298 -1.662096341823885 0.2201847736369198 2.487760924195514
1299 -1.655302802012974 0.2673230504405366 2.487671807202704
1300 -1.698251165292882 0.2412986918825939 2.461243165734974
1301 -1.580915378169267 1.170430877032331 2.265126515044414
1302 -1.509174783396316 1.1435641513831 2.326940589020728
1303 -1.398910934473945 1.246493193710031 2.34292614383036
1304 -1.358667124077886 1.374952316359166 2.294238386412469
1305 -1.471683082069306 1.274367061314507 2.282572561604038
1306 -1.736833297280225 0.007559262265702925 2.446089318690694
1307 -1.740215576893722 0.05211410455088342 2.44314016504238
1308 -1.78133066878608 0.09158385657908344 2.412151207046572
1309 -1.819018797904184 0.08649628898391662 2.384048867968782
1310 -1.816034534238142 0.04194950085260151 2.387521478402377
1311 -1.774955033537829 0.002472430372619786 2.418579855205691
1312 -1.778344561481903 0.04703493555155266 2.415632077839131
1313 0.8124698993263576 0.2875032990566208 2.873540414840233
1314 0.7342190234752206 0.3153178974315799 2.891625330004982
1315 0.6428132462312482 0.2702063898740066 2.917838178744822
1316 0.629785402738297 0.1973487485095537 2.926503684938646
1317 0.7216148294674468 0.242566915176684 2.901798292361883
1318 -2.003363717086991 -1.167537888768192 1.903520185170125
1319 -2.05667263833577 -1.201102235754417 1.824130225062542
1320 -1.984076052520968 -1.326641904809931 1.817543252364325
1321 -1.853761531386612 -1.416109267407943 1.886319890027272
1322 -1.930685484929926 -1.293270711157716 1.89734140995829
1323 -1.855763055788587 0.03002646303196023 2.356956064988908
1324 -1.854735394469907 -0.02135946915015447 2.357859281123066
1325 -1.815114139321135 -0.009442317519845542 2.388571017130609
1326 -0.9020017781628393 0.1197635922223484 2.858679673235368
1327 -0.9151145516085081 0.09629316096475332 2.855397167573326
1328 -0.9075383799290435 0.06721815260826403 2.858645799835247
1329 -0.8868758637109427 0.06161566130527291 2.865249502687136
1330 -0.8944882034544602 0.09069488586911451 2.862108539443954
1331 -2.213810792946756 0.5662169239526734 1.943821022641238
1332 -2.16465478097203 0.471450546899747 2.022870253141032
1333 -2.093695292439432 0.4513242709240579 2.10065380891089
1334 -2.07461799106495 0.5264497901524979 2.102096765041519
1335 -2.125005124540295 0.6214726207654502 2.024382622508998
1336 -2.193216619970361 0.6410032464450506 1.94394333660544
1337 -2.145583505323304 0.5466802734642869 2.024255937447036
1338 1.361368311234712 -1.372868728017528 2.293884865636783
1339 1.361368311147036 1.37286872806027 2.293884865663236
1340 -0.2610034966623909 -0.462552746558285 2.952612763533577
1341 -0.2897164297162702 -0.4465389900947871 2.952400264306583
1342 -0.2858049706544404 -0.5095372065981448 2.942564757799116
1343 -0.2590464406903349 -0.494049136303798 2.947678814335636
1344 -0.2877775782860755 -0.478066163573607 2.947649370037389
1345 0.6894863418260033 -0.09053053462614917 2.918289363091963
1346 0.7708803137079381 -0.06259654502572136 2.898590211549124
1347 0.6138895940802213 0.04352174183662529 2.936195740114668
1348 0.6109491717894188 -0.03746273129406558 2.936892516462564
1349 0.6927722917026388 -0.009533047829022669 2.918899736689865
1350 0.3327231778249112 -1.112106208302541 2.766317962272782
1351 0.2474303253649948 -1.090075725783267 2.783974343658335
1352 0.1450229571385215 -1.214869374788822 2.739171543387346
1353 0.1275887109870722 -1.35958735297298 2.671187629213751
1354 0.2131039718647147 -1.382012861770013 2.654171649889611
1355 0.3160254486034744 -1.259337601322453 2.704477162360663
1356 0.2305444349774015 -1.237849175975633 2.722972398140936
1357 -0.23631970518004 0.6996012159336237 2.907698597793074
1358 -0.270685593707661 0.7291698372858302 2.897419655098599
1359 -0.2636232894508859 0.6473592744476715 2.917435300233011
1360 -0.2327762462348062 0.6586549031160279 2.917531308793454
1361 -0.2671829369853093 0.6883368245658446 2.907714857775864
1362 -0.8863996978653857 -0.8257028990951499 2.744541910419664
1363 -0.8608692165331384 -0.8356014099827901 2.749668066451002
1364 -0.8392825289824523 -0.8238089367984155 2.759881097474288
1365 -0.8432553859590042 -0.802147409730975 2.765046091318012
1366 -0.8688073224223146 -0.7922696418123335 2.759978741071736
1367 -0.8903646694826507 -0.8040333565823777 2.749687458028625
1368 -0.8648680283401056 -0.8139630895614294 2.754898797122448
1369 -0.123344553658614 -0.146266763724548 2.993892475509484
1370 -0.1480526712537189 -0.1331097022792665 2.993386412358712
1371 -0.1493256954642056 -0.2023650176026463 2.989439786368812
1372 -0.1239828513490793 -0.1808973098754696 2.991973331407078
1373 -0.148699664616002 -0.1677487199623513 2.991613072690732
1374 0.179237007173612 -0.1445383551908932 2.991150741627402
1375 0.1346077876631349 -0.1307866630611982 2.994123509854888
1376 0.1639321563205222 -0.2371913580840359 2.986112273136151
1377 0.1939025464557849 -0.197743054220969 2.987189228519902
1378 0.1492934718782068 -0.1840211984240056 2.990626632962588
1379 -0.5127724658673485 -0.04710645382439325 2.955477183173033
1380 -0.4923590681914558 -0.06477678079117952 2.958612261963364
1381 -0.4697527009725027 -0.05536787725714935 2.962476463720357
1382 -0.4675597319733609 -0.02828865664205262 2.963205637302681
1383 -0.4879662086812576 -0.01061817766686373 2.960029769020621
1384 -0.5105722359443857 -0.02002693759044868 2.956165576156636
1385 -0.4901832058013421 -0.03769908698585504 2.959442380515416
1386 -1.466296416088374 0.2744618295287967 2.602814923174157
1387 -1.455304096839629 0.3005320259413537 2.606102547311862
1388 -1.472836134611878 0.328156330656995 2.592887799969617
1389 -1.501302203852007 0.329697255151941 2.576313531512495
1390 -1.512331026884234 0.3036331409236466 2.5730646670568
1391 -1.494857095758071 0.2760202698093742 2.586351691846278
1392 -1.483937983177133 0.3021072716736433 2.58972184963677
1393 -2.004172280196057 -0.04863234906303063 2.231799356106716
1394 -1.990292450912833 0.002494105715966876 2.244711504687421
1395 -2.030293390721266 0.03383981821276844 2.208339560460952
1396 -2.083569767931636 0.01404267859253776 2.158365081569671
1397 -2.097029779588344 -0.03709191007835502 2.145015219928847
1398 -2.057645440601815 -0.06843052255736617 2.182066109070275
1399 -2.044313478692763 -0.01729742464391695 2.195559883022047
1400 -0.47748058732949 -0.1316427852098156 2.958831266873068
1401 -0.474709799771344 -0.1070443594538739 2.960268925471157
1402 -0.4960830824552732 -0.0895154522880757 2.957344849540434
1403 -0.5202251675271695 -0.09658462205322332 2.952970908399567
1404 -0.498875088301491 -0.1141189224738941 2.956027827643978
1405 0.08070217355897011 -1.096471581930026 2.791278780273071
1406 -0.0007236594524429126 -1.124960277633905 2.781090406668371
1407 -0.01814945783277636 -1.271267798727016 2.717268625127104
1408 0.04597242433809626 -1.387375790380762 2.659525324652095
1409 0.06349075876158676 -1.243745320722739 2.729297803599338
1410 -2.329831329953457 1.417945323381685 1.249526723950839
1411 -2.335982878442096 1.333657701889831 1.32836031475474
1412 -2.249378582122542 1.334606469607955 1.469394965817215
1413 -2.154962930071911 1.418958416603685 1.530585437656274
1414 -2.247185719865924 1.417586326777572 1.393056117521452
1415 -0.01994333068645814 0.6208178573664588 2.934993603321147
1416 0.004419328141478424 0.5769417549328164 2.943997058584437
1417 0.07933665051988643 0.5564374186944404 2.946876837426524
1418 0.1298900523273454 0.5797792774006606 2.940575549752661
1419 0.05499482131695959 0.6005077233004995 2.938769477840133
1420 -0.5880362564985191 0.8015434931987547 2.830501967770725
1421 -0.5942662129846173 0.7810297902072963 2.834932121747127
1422 -0.5708450410232202 0.766615505163751 2.843666050432386
1423 -0.541159993141747 0.7726719248006485 2.847827936945574
1424 -0.5349230118525475 0.7931768806231044 2.843365577521751
1425 -0.5583775150356919 0.8076352247015984 2.834773340943463
1426 -0.5646270984612023 0.7871485017924073 2.839294538403731
1427 -0.1329921091598225 -1.102732796292803 2.786807040123424
1428 -0.1838542273408209 -1.052290439504417 2.803369838964618
1429 -0.2675352561106012 -1.18309220400954 2.743850893097088
1430 -0.1748489855498038 -1.1683634147023 2.757599456671941
1431 -0.2257799439428785 -1.118121220321457 2.774676261040197
1432 0.1265023152602052 1.35942067601627 2.671324126693216
1433 0.1428497959037305 1.214530967345645 2.739435793218873
1434 0.2442260826189707 1.096410523966996 2.781768786851814
1435 0.329560694117721 1.125234484293159 2.761383186783419
1436 0.3138546624609661 1.272318907352495 2.698647781546318
1437 0.2120060069046658 1.38833183129921 2.650959859982365
1438 0.2283851363350356 1.244186079950298 2.720264918709047
1439 -0.8604922219188452 0.8783909115014416 2.736417830414214
1440 -0.8664881696558661 0.8287770866825163 2.749968507535399
1441 -0.8403217208676572 0.7884935560315304 2.769862328263766
1442 -0.8083329116507716 0.7979784283409205 2.776657762822912
1443 -0.8024979321603007 0.8477510013976085 2.763569305899129
1444 -0.8284979985363303 0.8878789759479645 2.743221097631558
1445 -0.8345596510167531 0.8383357651156804 2.756937310462953
1446 0.9610316133870349 -1.108199591286945 2.616927951614671
1447 0.8561824409735591 -1.162810700994427 2.629605084688841
1448 0.8594056167980272 -1.314435606813039 2.556106613848108
1449 0.9663344302832508 -1.409604112489089 2.465606216512076
1450 0.965274994916076 -1.26092405031245 2.545253371185944
1451 0.5796041737135499 0.4687868571830773 2.905907411523334
1452 0.617717091017009 0.4059227415815499 2.907516521592337
1453 0.7119650555413339 0.421716213909803 2.883619460784242
1454 0.767749697255845 0.500192627937765 2.856635737597685
1455 0.7295892272716261 0.5630738208210619 2.854933875198366
1456 0.6356752010000981 0.5474965659049393 2.880306329048315
1457 0.6740726621819179 0.4847854307030517 2.882812711966742
1458 0.5411794339399716 -1.381393896292864 2.607465383004199
1459 0.4799693621516125 -1.258773578394509 2.68050713293803
1460 0.3779379302450794 -1.38070943357058 2.636437820418164
1461 -0.005341574960098581 1.113757314852706 2.785590801102889
1462 0.07676450487886889 1.090601771174006 2.793688419903483
1463 0.0442119470005685 1.382140825057065 2.662279482596257
1464 -0.02169245890778311 1.260496786299033 2.722255919078209
1465 0.06063453171160865 1.23818895258077 2.731887913379876
1466 -1.112883466548691 -0.8021190792304208 2.6679758943096
1467 -1.15319125741635 -0.8038859169529629 2.650267412232809
1468 -1.155263796787239 -0.854754755016243 2.633393223316612
1469 -1.116695769442858 -0.9036322858129481 2.633712066750063
1470 -1.115017729737036 -0.8530497815741078 2.651233964124712
1471 -0.0623329338985645 -0.2900970337182129 2.985290323633447
1472 -0.03881497739270368 -0.3202035483282138 2.982610112832051
1473 -0.008831228303870878 -0.2994566987032393 2.985003801506524
1474 -0.002363357442551985 -0.248556977077657 2.989684572607554
1475 -0.02588056469811649 -0.2184143528382664 2.991926698106948
1476 -0.05586505577677997 -0.2392003055920027 2.989926806687373
1477 -0.03235007998638897 -0.2693490827789928 2.987708912181873
1478 -2.247860131943157 0.803471267372308 1.817019193549597
1479 -2.230415457956323 0.9452069022938372 1.769697939413835
1480 -2.311714320601096 1.021800526696505 1.61613755094378
1481 -2.409352722487399 0.956185790874944 1.510207996261248
1482 -2.429265716118473 0.8152272882844203 1.560151450637993
1483 -2.348412622380045 0.738775066515589 1.714400640498297
1484 -2.333257491572768 0.8814740989963249 1.667007165796888
1485 -1.782257835253932 0.586667715824866 2.340807125733515
1486 -1.830632210145869 0.6196603432682091 2.294516674630449
1487 -1.864566932208235 0.5707936039020869 2.279821224802515
1488 -1.849639015817803 0.4887646438983411 2.310832022030047
1489 -1.800420827763504 0.4555531173084308 2.356046731341709
1490 -1.766977239645208 0.5045582512451539 2.371331357207641
1491 -1.816334404529209 0.5378411138588216 2.326296685112762
1492 0.4777741771353977 1.271781207718437 2.674753146620605
1493 0.5400207188473528 1.387745103122919 2.604331229312805
1494 0.3768060258523093 1.387072697069969 2.633257783036905
1495 -0.5369079541802649 -0.05417499469470097 2.9510667424997
1496 -0.5406368430273629 -0.07891424755743995 2.94982785014547
1497 -0.516517266905853 -0.07184814583321331 2.954326954981191
1498 -0.2862527053947954 -0.4167635227599327 2.957087681275429
1499 -0.2540699488760113 -0.4029935398536239 2.961932590035496
1500 -0.2460534587796964 -0.3766601108443683 2.966072294520357
1501 -0.2702324590959009 -0.3641190382908556 2.965533972829366
1502 -0.3024144258274597 -0.3778895384860311 2.960700088113327
1503 -0.3104163038496677 -0.4041998226479419 2.956393786638661
1504 -0.2782543990558153 -0.3904585060925962 2.961438272938679
1505 -1.19533358436793 0.1907689086981018 2.74495625567262
1506 -1.170636943249463 0.198470010420557 2.755035172563722
1507 -1.165616491809109 0.2221194678001291 2.755358622039391
1508 -1.18529777915372 0.2380687758428735 2.745613307205137
1509 -1.209969729040101 0.2303630481340277 2.735490106153013
1510 -1.214984824619105 0.2067131458232493 2.73515658624678
1511 -1.190361398562101 0.2144270758875493 2.745370789153916
1512 -0.2288171775308977 -0.44877480348888 2.95740492239739
1513 -0.2253480637991744 -0.4189919234324273 2.962037139915763
1514 -0.2575508593167711 -0.4327959113640442 2.957423752858518
1515 -1.745851467262485 -0.5332294183380376 2.380686674402221
1516 -1.736145998636453 -0.5588046090295925 2.381918235445104
1517 -1.724481886711205 -0.533454412702104 2.396161224119449
1518 -2.434602785904927 -0.8675982264949542 1.523148906787113
1519 -2.363667806250607 -0.8451425179014722 1.642805108991813
1520 -2.43350030785909 -0.7291637441662339 1.595743239322414
1521 -1.521766603463595 -0.1157864981627132 2.582793040765382
1522 -1.522316001602734 -0.08713347091274518 2.583594733991955
1523 -1.543045976976354 -0.07500268287603266 2.571649997666573
1524 -1.563221944843471 -0.09152478077578061 2.558898271847425
1525 -1.56264316580884 -0.1201757071889022 2.558066483841375
1526 -1.541918459597913 -0.1323065194918565 2.570016040582461
1527 -1.542578010620713 -0.1036610354858966 2.570935135485031
1528 -0.2973296215111274 -0.2882406159179416 2.971281279769267
1529 -0.2644369571266953 -0.2956626864351894 2.973660483571637
1530 -0.2427806913501859 -0.2781714365303923 2.977193004795984
1531 -0.254027382574608 -0.2532716154811021 2.978476721026015
1532 -0.275690502208308 -0.2707683505777889 2.975009117182251
1533 -0.7822995617235449 0.09426051254925695 2.894671371935181
1534 -0.7554163710847375 0.08409348852205573 2.90211550278161
1535 -0.7384604909616367 0.102207940290315 2.905895669192256
1536 -0.7483851652448863 0.1304891554583317 2.902221946155937
1537 -0.7653706121742675 0.1123786401420012 2.898547716919599
1538 -1.78552923305921 -0.1922324277623183 2.403108830579172
1539 -1.769577080587599 -0.1713483667906195 2.416451260227952
1540 -1.803227728797043 -0.1454661982532978 2.393158862938938
1541 -0.6541014487251512 0.7829235482083969 2.821202228206342
1542 -0.6273154226081155 0.7717408807547002 2.830351810911492
1543 -0.6211160515956973 0.792293843757884 2.826037033655704
1544 -0.4510961696602611 0.7310623460031044 2.874379949132382
1545 -0.4718651269430491 0.7140083014411992 2.875332232533846
1546 -0.449484652508276 0.7022155316692527 2.881814861201529
1547 -0.6366466520837004 -0.09141581052456847 2.930243025753453
1548 -0.6429135429937738 -0.06367776264451756 2.929608731346181
1549 -0.6694287633247503 -0.05246412127612243 2.923886565312037
1550 -0.689684679783076 -0.06898895893599911 2.91883119861657
1551 -0.6834300927509537 -0.0967284318405449 2.919514843051169
1552 -0.6569068412643395 -0.1079415121447963 2.925204613673375
1553 -0.6631991294664293 -0.08020660590622639 2.92467670265347
1554 -1.024398508900778 0.09386068138615597 2.818119562305969
1555 -1.01087562340661 0.06888321994330189 2.823718395310081
1556 -0.9867370999773107 0.07116392987156875 2.832187421519557
1557 -0.9761182318861493 0.09842192662700251 2.835049615392733
1558 -0.9896158902613493 0.1233963120483362 2.829387520279805
1559 -1.013756929440519 0.121115898641929 2.820926767413058
1560 -1.000299616257334 0.09614485699741661 2.826686548626922
1561 -2.429918094113985 0.08866207013223097 1.757167349234935
1562 -2.354296183701462 0.1774045551111613 1.850896297266419
1563 -2.354346885627719 0.3320159956569159 1.829430545487586
1564 -2.429948459808148 0.3977354615284355 1.71381357951172
1565 -2.42911596771283 0.2445331484918818 1.743444623350914
1566 -0.7674469112491249 -0.8357232192552078 2.77715536821617
1567 -0.7608423924768325 -0.866033349422506 2.769675990345832
1568 -0.7419320909417809 -0.8384115370905472 2.783271971422165
1569 -0.5584305021944947 -0.9072435785467277 2.804472225464986
1570 -0.5626073386277158 -0.8809076399617206 2.812023241792164
1571 -0.5933920376254475 -0.8599003787889877 2.812197935466363
1572 -0.6199986813311273 -0.8652271906624517 2.804814351019693
1573 -0.6158692997837908 -0.8916319557199716 2.797444809307737
1574 -0.5850832996110193 -0.9126425454096218 2.797277447237676
1575 -0.5892672489365068 -0.8863145292050111 2.804854838427633
1576 -1.474782915523487 0.1625847078371283 2.607408975373361
1577 -1.447721087597492 0.1734717502104913 2.621833557723381
1578 -1.439533553763281 0.2057031202844816 2.624010170310871
1579 -1.458427562732518 0.2270501050427501 2.611788141113701
1580 -1.485521558063948 0.2161680250470093 2.597401987655075
1581 -1.493689002295429 0.1839334222790967 2.59519973423827
1582 -1.466725278481227 0.1948333785955552 2.609742690774171
1583 -0.5003002239977693 -0.8551941526093567 2.83166782077463
1584 -0.5335553072257262 -0.854902716182358 2.825678693693833
1585 -0.529419989848264 -0.8813125102036075 2.818333325514866
1586 -1.693668857503824 0.1475759987523095 2.471782176024811
1587 -1.71858641655393 0.1221198703018167 2.455920899808011
1588 -1.716406434745068 0.07590445766926489 2.459306297326882
1589 -1.689305952722361 0.05514501040613053 2.478548854859251
1590 -1.691688470728525 0.1013727338131625 2.475462317799128
1591 -1.49837581993132 0.5773698240424056 2.534070636057801
1592 -1.518082650980033 0.569323875099029 2.524142505889012
1593 -1.525251206140237 0.5408719434784947 2.526077255138003
1594 -1.512732810952114 0.5204722191795388 2.537862902469564
1595 -1.49305826447926 0.5285303416211801 2.547829016409064
1596 -1.48591706078698 0.5569942060787093 2.545939501020582
1597 -1.505631394207931 0.5489492759536411 2.536085329243765
1598 -1.637061474191982 0.01742589293039211 2.51390653524986
1599 -1.611983256362213 0.0004675834498672029 2.530120503567684
1600 -1.610729855041451 0.03948909566006015 2.5306105874674
1601 -0.2327510206317976 -0.1020441036804771 2.989216279110447
1602 -0.2027578232472797 -0.1109997075162621 2.991081464962686
1603 -0.1807270083900791 -0.09735769778660636 2.992968297045604
1604 -0.188697272958276 -0.07476556548030118 2.99312603299569
1605 -0.2095997180785381 -0.0902694830035525 2.991307302605279
1606 -2.21916957962794 0.3024028264969153 1.995955637628409
1607 -2.166070487833895 0.3393184884193236 2.047682007820515
1608 -2.268130536004779 0.5295272553146531 1.890815897310366
1609 -2.271097454168925 0.3975514722082967 1.919392919808876
1610 -2.219100737829774 0.4348424158028169 1.971421819089492
1611 0.1173951387799689 0.3854432729743031 2.972818841555887
1612 0.112055028651678 0.3431658767849891 2.978200942106536
1613 0.153318802382538 0.2926519346800635 2.981752536674363
1614 0.199917937626236 0.2844018659103419 2.979789992076956
1615 0.2053052744907791 0.3267557841075154 2.975076537136238
1616 0.1640371693115494 0.3772969500371461 2.971655905143952
1617 0.1586991517678092 0.3350061828827809 2.977009478765308
1618 -2.424593631834162 0.5292595477458787 1.685594865793396
1619 -2.344160140912375 0.5952239528698154 1.774999064700516
1620 -2.425473636617341 0.6758927586917257 1.631026246515469
1621 0.04045517077128349 0.02883335924159807 2.999588641222778
1622 0.06225081002377609 0.05962852655752194 2.998761290178323
1623 0.04808507898830498 0.09364301681326348 2.998152566261564
1624 0.01212483252376149 0.09686354545914985 2.998411319682033
1625 0.02629200073728087 0.0628532036146123 2.999226267805184
1626 1.172079415706671 0.3190505137852288 2.743070654017153
1627 1.172215346335926 0.1948097112776793 2.754625266384967
1628 1.283163530905566 0.1233066826360641 2.708927244311158
1629 1.393595046801413 0.1760273195981048 2.650831422079811
1630 1.393702889175489 0.3003874020707578 2.639575660097864
1631 1.283112770600101 0.3719617574507589 2.686124730707246
1632 1.28457873654291 0.2478993295962917 2.699704315662649
1633 -1.412579218390697 0.2125003823597222 2.638079517237435
1634 -1.404539557455873 0.2406472512011 2.639954077636771
1635 -1.423455608539812 0.2619980569919372 2.627761623254476
1636 -1.45038947543759 0.2551977632487091 2.613664950060112
1637 -1.431584351290518 0.2338652960291981 2.625999479903468
1638 -1.148183807578924 -0.740931827060325 2.67071038708105
1639 -1.17084001079234 -0.7732911749838254 2.651632408125215
1640 -1.090123237534405 -0.769686027521202 2.686859643901433
1641 -1.107773150385232 -0.7390964095605682 2.688228997808828
1642 -1.130636068471935 -0.7715950559690461 2.669513654258852
1643 -0.4328927180645749 -0.3007638943325376 2.95332777972791
1644 -0.4422479772012468 -0.3265128121037678 2.949204318149811
1645 -0.4261363199102877 -0.3516283826377045 2.948688745421752
1646 -0.400674902921196 -0.3509993088246994 2.952331131051134
1647 -0.4168048518362978 -0.3258980591303415 2.952975477470275
1648 -1.539265425126193 0.2297548602883902 2.564736761382139
1649 -1.508335592269191 0.2390831166157301 2.582201193641436
1650 -1.543335433179331 0.2943194994352016 2.555678339100087
1651 -1.556791431212231 0.257376706331385 2.55150106226554
1652 -1.525980248551803 0.266725965955454 2.569093524984038
1653 0.9636661634825534 1.398830361501763 2.472775999782363
1654 0.8535790119222126 1.292200996918449 2.56936168220219
1655 0.8711084426868899 1.134651346097593 2.636993819461574
1656 0.9999947517777884 1.085602711844797 2.61179578995987
1657 0.9834539750435177 1.244253198632833 2.546498037828238
1658 -0.9001819939657002 -1.09228053299739 2.645107864525542
1659 -0.8948679962792098 -1.016611142437845 2.676884953505931
1660 -0.9522654472137443 -0.9446359565978298 2.683440595121366
1661 -1.015246812203579 -0.9486176577882143 2.658834039507331
1662 -0.9582749724950718 -1.021047057922866 2.653143792295591
1663 -1.298489958160851 0.2952925710497006 2.688257079603491
1664 -1.274764620516174 0.3009762548371233 2.698960625186013
1665 -1.26499868143343 0.3289698750157727 2.700288347066622
1666 -1.278946029739059 0.3512769037412731 2.69089234082537
1667 -1.288796840609829 0.3233045650749307 2.689698284535988
1668 1.0783043326139 0.382106694437969 2.773311060867818
1669 0.9848863719379685 0.3210042875173164 2.815484875073273
1670 0.9849599676319855 0.1967841429834969 2.826858656394523
1671 1.078507593636095 0.1336723113888871 2.796239096292953
1672 1.079510404426661 0.2581488562486999 2.787116153796263
1673 -1.760203207640653 -0.2635134366652008 2.415004210453566
1674 -1.778541901252024 -0.2790239149771246 2.399777981472802
1675 -1.774779877961919 -0.3049929772455515 2.399403190089646
1676 -1.752677230596463 -0.3154512447806067 2.414252065861201
1677 -1.734313523057165 -0.2999364272439519 2.429443299061161
1678 -1.738077402873789 -0.273968038992759 2.429820663182772
1679 -1.756507610617494 -0.2894934401890877 2.414720390010054
1680 -1.018448483523775 -0.7185577972881423 2.728816112962641
1681 -0.9981088352241002 -0.7399233705850824 2.730621203812349
1682 -0.9740567343475484 -0.7335256734605159 2.741013236860867
1683 -0.9703462758175463 -0.7057640025809494 2.749604567509287
1684 -0.9906686721050851 -0.6843866369236264 2.747761000034376
1685 -1.014718183996843 -0.6907825742974041 2.737364871936732
1686 -0.9944455024310258 -0.7121957505651966 2.739316585495656
1687 -0.445846959802374 -0.8349491685202971 2.846766652611739
1688 -0.4246596673391144 -0.8144327388462418 2.855934782313987
1689 -0.4272179953863389 -0.7828020927350158 2.864385740089445
1690 -0.450976649176193 -0.7717135496685887 2.863752478681724
1691 -0.4721857721174891 -0.7922670395234739 2.854707259018781
1692 -0.4696136384928926 -0.8238729185188988 2.846172244378864
1693 -0.4484419755053865 -0.8033846451705615 2.855428672985722
1694 -1.451685210802589 0.5498687278015137 2.567149086228337
1695 -1.465204055881034 0.5676529116505598 2.555571804220028
1696 -1.474052923888568 0.5423283565956288 2.555982772087451
1697 0.6415356182855697 0.9614398607471168 2.768404855623092
1698 0.6918814892843014 1.072503003104168 2.71496543497671
1699 0.6329227602800536 1.173489768775321 2.687439402498059
1700 0.5240050717280158 1.164041244861935 2.714852973010434
1701 0.4736714530514569 1.053086902457789 2.768870406941426
1702 0.5322703515455178 0.9515277220301468 2.794867307596861
1703 0.5832461833378181 1.063605306905874 2.743823544024567
1704 0.7714073049321156 -0.8466932907699619 2.772731729046736
1705 0.7390063602179395 -0.9220276606026595 2.757487006794596
1706 0.827159855133314 -1.017150010958716 2.69837218138316
1707 0.9468184438801607 -1.035663696271593 2.651591134121814
1708 0.9798251984372821 -0.9607811375299818 2.667741026837863
1709 0.8924908506998497 -0.8667168728050052 2.729883137391081
1710 0.8603543243133144 -0.9424498632777559 2.715065135838019
1711 -0.2540305454618681 -0.1172702704699498 2.986924198173809
1712 -0.2453263537269051 -0.1414554063394821 2.986604317311617
1713 -0.224050932215392 -0.1262322674844618 2.988957442724661
1714 -1.885665789181359 -0.4731815303641155 2.284811539456442
1715 -1.89904556445564 -0.4837697429821935 2.271473702224242
1716 -1.891455240934316 -0.5077451173793078 2.272573863996412
1717 -1.870408978632569 -0.5211125910471009 2.286921931352893
1718 -1.856988679626369 -0.5105129626798901 2.300210763968232
1719 -1.864654468710514 -0.4865573706044179 2.299201086775236
1720 -1.878103516562899 -0.4971645606275699 2.285947195525319
1721 -1.45278509695884 0.3482014810299406 2.601570908251945
1722 -1.461303258512999 0.3698109180144796 2.593806598722537
1723 -1.489828233511779 0.3713670214242947 2.577304477555886
1724 -1.509773946914818 0.3512973500107962 2.56849621395334
1725 -1.481400272421957 0.3497771560977234 2.585171014447659
1726 -2.450931261253978 1.009838005457835 1.404693260231901
1727 -2.397048550942952 1.129879240233308 1.40624718556593
1728 -2.396026045079607 1.247996704265884 1.304439886480657
1729 -2.44989051691015 1.246608504861989 1.201667046548034
1730 -2.449056872925078 1.134045084036604 1.309985565016214
1731 0.8687296351951191 0.3661580509789417 2.848023367642382
1732 0.846230294698368 0.4724823994170732 2.839129209912046
1733 0.79070366181298 0.3941415637678601 2.866956600108584
1734 -1.257204700076117 -1.167704915973137 2.460874147801689
1735 -1.3488731150107 -1.13792392259769 2.426040079219883
1736 -1.309933230632588 -1.271386303715246 2.380683052825335
1737 -0.2572474323310815 0.5930670673638944 2.929521328163947
1738 -0.2758548097296263 0.6145565481553852 2.923392613568757
1739 -0.3014621676077965 0.6090133744349052 2.922023831398474
1740 -0.3084636214693499 0.5819839437574057 2.926797718230385
1741 -0.2898524932992164 0.560487173273494 2.932889302500883
1742 -0.2642441040561074 0.5660271776805035 2.934244074305787
1743 -0.2828669557090797 0.5875493789107823 2.928271164477333
1744 -0.3493346705159082 -0.4270359946528575 2.948831217151362
1745 -0.3802437308450994 -0.4235518082219091 2.945508202484751
1746 -0.3705237110210338 -0.4479510392720328 2.943136430066793
1747 -0.9497306504809402 0.0185320551711059 2.845640218732541
1748 -0.9735389713208454 0.03121879058070689 2.837471983726751
1749 -0.9927182177827383 0.01474561833273039 2.830952685373291
1750 -0.9880791516978257 -0.01441473511823746 2.832576884286034
1751 -0.964247487469541 -0.02710092654637881 2.840685185424285
1752 -0.9450785036473619 -0.01062783029295294 2.847229121649139
1753 -0.9689461002442943 0.002059020899735674 2.839214541955981
1754 -0.3546788388889429 -0.5859771891794364 2.920759088833887
1755 -0.3349918750419713 -0.6004170331783223 2.920150651922809
1756 -0.3143988208980419 -0.5849281786505789 2.925578986668867
1757 -0.3134802857681837 -0.5549752339128784 2.931506882164537
1758 -0.3331587237009758 -0.5405197663184164 2.932037456623128
1759 -0.3537643837989192 -0.5560317991768804 2.926718196044759
1760 -0.3340930402947057 -0.5704994477715767 2.926245413583585
1761 -1.954762698572712 0.9052059025605088 2.087942783276961
1762 -1.884429888909027 0.9241592551546717 2.143560977648705
1763 -1.956953465586483 1.102604118348295 1.9886169293583
1764 -1.991580366024275 0.9946716061105294 2.011028602895572
1765 -1.922305336806035 1.014262769314965 2.067852322306546
1766 -1.180450363179186 0.04821854352272457 2.757573555162341
1767 -1.190280174950322 0.024109278000757 2.753661534726901
1768 -1.166054477823851 0.02280750819154923 2.764018229374951
1769 -1.156002020464924 -0.6904765169845456 2.680839702066109
1770 -1.186567460386311 -0.6724376266395388 2.672056380436566
1771 -1.209455832891768 -0.7049303625160739 2.653354437742352
1772 -1.201543629821963 -0.7553359786457862 2.643058921968535
1773 -1.178933184128041 -0.7230041510817975 2.662213655002207
1774 1.394733158713483 0.6011642961968503 2.58714531964543
1775 1.283939723743367 0.5224504553337964 2.660553383699586
1776 1.393007210752395 0.4514850275705807 2.618337675066267
1777 1.393123119987398 0.02350402451375857 2.656813040729106
1778 -0.9530358811032982 0.1080561873867405 2.842542254689823
1779 -0.9406175489761264 0.09043834754777526 2.847289857364538
1780 -0.9144224672275235 0.1373822605651831 2.853937221788792
1781 -0.9399541110923928 0.1315302047887857 2.84590689838384
1782 -0.9275616578265127 0.1139153878665198 2.850728442931272
1783 -0.4507275079159033 1.086661591741745 2.759712176775182
1784 -0.4556516368073067 1.022198568394757 2.783431636064829
1785 -0.395227650806194 0.9495710330328397 2.818174933758222
1786 -0.3298817293908614 0.9414071148394869 2.829298621344818
1787 -0.3905122571086506 1.01462241008071 2.796076097321015
1788 -0.08513850619014049 0.220180256298379 2.990697592452318
1789 -0.06124064430671453 0.2110155368790448 2.99194285150645
1790 -0.0453482060242577 0.231225784349189 2.990732046984899
1791 -0.05335247799382312 0.2605945360334114 2.988184064090003
1792 -0.07724874354116336 0.26975137311179 2.986848979832361
1793 -0.09314259382174456 0.2495482483915077 2.988151624155121
1794 -0.06924790260206048 0.2403961151441774 2.989550875266853
1795 -0.4784589092181513 -0.2883228095870973 2.947532362784432
1796 -0.4509995188941819 -0.2816697682320133 2.952500901883239
1797 -0.4478966361097958 -0.2590793297688164 2.955040863380415
1798 -0.4722516726741624 -0.2431409744078067 2.952602381666126
1799 -0.4996923851248172 -0.2497846390635786 2.947526955658955
1800 -0.5027966903543082 -0.2723751953329933 2.944996984911201
1801 -0.4753690269792373 -0.2657400218677691 2.95015364497623
1802 1.312292311999977 -0.5544323390452306 2.640169250121398
1803 1.408149574339442 -0.6168151875869168 2.576170374926659
1804 1.407074845774519 -0.4674318801536608 2.607996897199962
1805 -0.15008875942926 0.3672427349026666 2.973651986691481
1806 -0.1219469209531232 0.3657555121384295 2.975122157796282
1807 -0.1099291127193261 0.3888303882822119 2.972663203143781
1808 -0.1260522746964855 0.4133891145605906 2.968706833624137
1809 -0.154190961080249 0.4148671369189182 2.967172122783889
1810 -0.1662096397364421 0.3917961780680288 2.96965824810027
1811 -0.1380756008269637 0.3903308637225178 2.971292133951475
1812 -1.67606290878216 0.3379731869390356 2.465073477751719
1813 -1.703698904166594 0.3615007550210256 2.442688528662788
1814 -1.74649430179928 0.3354631667525863 2.416034378384333
1815 -1.761483135244192 0.285860077909146 2.411526732198519
1816 -1.71908010851316 0.3119698484855375 2.438737048996938
1817 0.1685296144726429 -0.9339340708247708 2.845938319851359
1818 0.1653058691612063 -1.000807357239689 2.823306324739802
1819 0.2508851149790247 -1.023929770729618 2.808669521979322
1820 -1.056027116011125 0.05147344596664025 2.807517981172969
1821 -1.026699585719046 0.04769003519639591 2.818441700874315
1822 -1.053710495955261 0.09764267621773426 2.807162285742446
1823 -1.069514126640185 0.07644883740222397 2.801837809041938
1824 -1.040260200556144 0.07267018059697282 2.812930457723919
1825 -1.39509432457272 0.1930964868822341 2.648853633611854
1826 -1.369564233715233 0.2018387232073026 2.661494869343552
1827 -1.361507376665233 0.2299827385693054 2.66334481493597
1828 -1.378997404924342 0.2493872099970814 2.652578401612627
1829 -1.387130883289677 0.2212554157682881 2.65083269061199
1830 -1.424743450251847 0.1503992998958344 2.635808443638366
1831 -1.428804756238579 0.1164368824398256 2.635329091585661
1832 -1.409229522614399 0.09752528684147994 2.646613113210633
1833 -1.385644081407214 0.1125790157009684 2.658442484780319
1834 -1.381572151498887 0.1465390027827567 2.658906675847457
1835 -1.401096203137235 0.1654463250112753 2.647556787510834
1836 -1.405281142600965 0.1314968715794587 2.647242618842282
1837 -2.111424549245596 0.06375694778350995 2.130216285838685
1838 -2.085949090476425 0.1332685016846508 2.151988823948513
1839 -2.132256612444176 0.2238058655955174 2.098426237258086
1840 -2.202820795644489 0.2447117285598814 2.021805310157587
1841 -2.158723152057718 0.1543392963521696 2.077521055097038
1842 -0.8710864672102084 -0.9087057767421227 2.723134623546683
1843 -0.8532560873763553 -0.877146817123056 2.739081508565615
1844 -0.9043629067933077 -0.8573860333569217 2.728922300583298
1845 -0.8966597640987836 -0.8988463513559886 2.718101636087278
1846 -0.8788564025658607 -0.8673154674025196 2.734113257287149
1847 -2.004442644229498 0.1033302405688414 2.229693375192706
1848 -2.032238991607694 0.1530335809526233 2.201496173989444
1849 -2.058588373873509 0.08356695525468535 2.180649093949387
1850 -0.117671760081147 0.01786019246557578 2.997638131997339
1851 -0.09000926115928813 0.02899341746804628 2.998509248718283
1852 -0.07810830679824954 0.05218642365893893 2.998528917585221
1853 -0.09387328085092782 0.06424841549320881 2.997842548942304
1854 -0.1044870445617339 0.04039585516732313 2.997907709120489
1855 0.2441928943500602 0.6302973229375124 2.922857354549952
1856 0.3079035696132471 0.657343214750452 2.910858170684542
1857 0.3008718507320759 0.7340395597867208 2.893209645723097
1858 0.2300013103210306 0.7834334823056547 2.886751006937218
1859 0.2371839902895686 0.7071195819462032 2.905808949600532
1860 -1.274665540695969 0.05154814209777081 2.715247787662946
1861 -1.299027460534439 0.04855855293372589 2.703732554028676
1862 -1.306146332875554 0.02748183631433083 2.700597434974071
1863 -1.288910626256008 0.00939498873759574 2.70898895009023
1864 -1.264516500651793 0.0123842767014945 2.720449346940671
1865 -1.25739073788515 0.03346016102640984 2.723572828089002
1866 -1.281832678850906 0.03047276587444245 2.712190331442444
1867 -2.351462950838449 0.4640729663642766 1.80423343077441
1868 -0.6136413787227678 -1.186866945604667 2.68603631988666
1869 -0.5882345294950887 -1.126238416288063 2.71763999970317
1870 -0.6219834644409055 -1.061943242149347 2.735948303681088
1871 -0.6812528196010185 -1.05848372151491 2.723142817972206
1872 -0.7067940893912168 -1.11932255207912 2.692129109015525
1873 -0.6729187804704098 -1.183409062595274 2.67333561407048
1874 -0.6476589628105998 -1.123038758556764 2.705424516535322
1875 0.2558314745808242 0.4487737931036214 2.955190744983678
1876 0.189302218202423 0.4383134753061312 2.961763995923494
1877 0.2718377249552846 0.3372226093307076 2.968566179664405
1878 0.2970970814704337 0.398225021204095 2.95857231729575
1879 0.2306269995666415 0.3878630143323098 2.965868080205852
1880 -1.483729324899232 -0.08743720613083235 2.605935921203379
1881 -1.503284387563059 -0.07295834204691692 2.595151851132207
1882 -1.502940496334896 -0.1013674080961726 2.594396753207281
1883 -0.8332720614912045 -0.004239635915377648 2.881950675675332
1884 -0.8121000048089166 0.01155150086227725 2.887968168975757
1885 -0.8160352733470015 0.0369001759295048 2.886645944633643
1886 -0.8411386666485973 0.04645759873748113 2.879292870652127
1887 -0.8622987841974049 0.0306659577568636 2.873238661477068
1888 -0.8583676371833497 0.005317674439272412 2.874574180948342
1889 -0.8372384530604912 0.02110984181613339 2.880726670007999
1890 -0.9362500760529088 1.375898378659236 2.496064792166623
1891 -1.004301316341917 1.24803228797628 2.536492514115227
1892 -1.001728197858284 1.12620162568341 2.593879433575053
1893 -0.9331073763247244 1.134329332637127 2.615837836978316
1894 -0.8663871879974435 1.263710972140127 2.579226205544318
1895 -0.8670816429222958 1.383371619323524 2.516833802092896
1896 -0.9356117347210536 1.256414241812884 2.558525734641342
1897 -2.455016531925557 -0.05441962792152793 1.723349161391589
1898 -2.407713287383778 -0.1088502861647088 1.786356162963439
1899 -2.383821377667944 0.03430580419373783 1.821048805269076
1900 -0.06615086907015569 -0.001708253235317251 2.999270101940161
1901 -0.06424726275380131 0.01920819347871115 2.999250462120816
1902 -0.1195737337704667 -0.003057255577167426 2.997614514139622
1903 -0.09381530904552116 -0.01284137909667934 2.998505258753366
1904 -0.09191530292197772 0.008076198247122232 2.998580722960554
1905 -1.547416187207913 0.1975167886102938 2.562516392490788
1906 -1.524654625341932 0.1746095969360783 2.577778066878774
1907 -1.516622743014416 0.2068638393733643 2.580128447835716
1908 -0.6060168802430357 -0.1383108458759972 2.934895850072633
1909 -0.5816417170930198 -0.1574654996513556 2.938859902982214
1910 -0.573049558432248 -0.1088226622638474 2.942749026294701
1911 -0.6017173806485671 -0.1139887735393938 2.93682528478158
1912 -0.5773668307031206 -0.1331486433652017 2.940904449582448
1913 -0.3182738516763154 -0.3043950710724125 2.967498171195046
1914 -0.3063419587771246 -0.3279856825364936 2.966240043614755
1915 -0.2734513700715098 -0.3354079144668473 2.968623566422495
1916 -0.2524922333152193 -0.3192389997545811 2.972260778120114
1917 -0.2854013609939589 -0.3118365619065235 2.970068016359409
1918 -1.10170993159255 0.670064111813979 2.708735740652691
1919 -1.079787912240264 0.6718508678258649 2.717107740959391
1920 -1.063800603404368 0.7036102195506591 2.715374916128595
1921 -1.069666835507338 0.7335392793268362 2.705130863137749
1922 -1.091625587920323 0.7317760850117291 2.696823564344267
1923 -1.107683710534036 0.7000593796498937 2.698694807195092
1924 -1.085783217536562 0.7018632198798311 2.707113374998518
1925 -1.311476864284585 0.3853538095581193 2.670492627944387
1926 -1.330091831615171 0.3971327648118474 2.659537795667416
1927 -1.355792814722606 0.3876003375862817 2.647941053318512
1928 -1.362898090818552 0.3662947844511108 2.647326372951975
1929 -1.337270892527301 0.3758472821125086 2.659030910036188
1930 -1.036951185942815 0.6853931633456397 2.730378810643469
1931 -1.016029944890257 0.6971445422273536 2.735264637714039
1932 -1.021988422120158 0.7271377128259909 2.725217498042777
1933 -1.048778580433634 0.7453157156008791 2.710086340562226
1934 -1.042938160243303 0.7154045710323557 2.720381644853223
1935 -0.4497409066228206 -0.07194435796523403 2.965224633356982
1936 -0.4275427767102086 -0.06144277689488045 2.968742487864242
1937 -0.4478452212436081 -0.04521133142553763 2.966039546823338
1938 -2.433004970811018 -0.9395338143781993 1.482485421057768
1939 -2.362136062143519 -0.9896046512050795 1.562368669115706
1940 -2.289451249092321 -0.9664047112629176 1.680617419902117
1941 -2.289439622987991 -0.8939528095211114 1.720265847781068
1942 -2.363861647779408 -0.9177153266255383 1.603108445936894
1943 -0.7849847122196912 -0.02519375529168184 2.895369454193311
1944 -0.7879547110550608 0.001074378067413222 2.894672039979297
1945 -0.8303024307249076 -0.03050791161172675 2.882649326723838
1946 -0.8061603484552018 -0.04098502094004518 2.889364241600067
1947 -0.809164170064949 -0.01471738599875742 2.888777724995896
1948 -0.8502110925487507 -0.04628612361785153 2.876629745529913
1949 -0.845980741925495 -0.07254152380495098 2.877334584579145
1950 -0.8218361565151251 -0.08301832114277621 2.884041138784099
1951 -0.8019245984745863 -0.06724004387592643 2.890051161287796
1952 -0.826104461319669 -0.05676553346085202 2.883457836209617
1953 -1.423083978333558 0.3757306158903722 2.614126717451351
1954 -1.433688376697437 0.3511642671724553 2.611746790173944
1955 -1.419561012107503 0.3327359720394419 2.621856843120022
1956 -1.394811539604301 0.3388700054217342 2.634324939792385
1957 -1.384174385807321 0.363428035400305 2.636661019691382
1958 -1.39831871112176 0.381860140249613 2.626573359991174
1959 -1.409013707096256 0.3573167850737904 2.624310402433256
1960 -1.313158873569505 0.06363852598714313 2.696583748147988
1961 -1.302980331520871 0.08170987654298356 2.701030498114579
1962 -1.315912869461829 0.1090668247552718 2.693785022551454
1963 -1.338969895699538 0.1183482718554384 2.682005463260506
1964 -1.349188834388134 0.100279112228094 2.677617147542406
1965 -1.336310365196568 0.07292474690805227 2.684950016137472
1966 -1.326153984324039 0.0909993566402201 2.689430186294588
1967 -0.09758233836097037 0.8578339015569075 2.873081739975328
1968 -0.1364950010406714 0.8222110449892263 2.881898352161059
1969 -0.1317198006351921 0.7460326809548443 2.902771974004839
1970 -0.08801560087678865 0.7054039143501812 2.914559756056091
1971 -0.09282214712832582 0.7818904317277338 2.894828389002551
1972 -0.4162087987765757 -0.1576839393741579 2.966800635547391
1973 -0.4257174710239005 -0.1805730879032338 2.964145407160402
1974 -0.4131853304903996 -0.204774377864894 2.964345684436548
1975 -0.3911507572795716 -0.2060894289794095 2.967242530084549
1976 -0.3816529272457285 -0.1832057440479239 2.969979242094566
1977 -0.3941793275771402 -0.1590011985705264 2.969737577053563
1978 -0.4036965796404676 -0.1818942036962909 2.967144009017473
1979 -0.7174280023993674 0.09413481372790958 2.911431898262033
1980 -0.7063525873229873 0.1143461714032066 2.913415688752216
1981 -0.7162769774130826 0.1426261533830399 2.909743128181444
1982 -0.7372765481134547 0.150694738129044 2.904085809252565
1983 -0.7273920237155663 0.1224212042037788 2.90790541328226
1984 -1.578513114405687 0.1405227043674916 2.547263181771076
1985 -1.574386359744187 0.1804791333223291 2.547299525514553
1986 -1.603043571723734 0.2046274080423131 2.527524269128409
1987 -1.635916539377357 0.1888317485374252 2.507612339843603
1988 -1.607393751193148 0.1646959490144927 2.527678890405867
1989 -1.195793192828516 0.1339997541392342 2.748112571543532
1990 -1.214617181975311 0.126400536543772 2.740205832708886
1991 -1.212537907163541 0.1033135375462132 2.742093750521879
1992 -1.191585352384943 0.08782103492359347 2.7518015578538
1993 -1.172724637332898 0.09541763278880594 2.759639904108035
1994 -1.17485207017671 0.1185089161135218 2.757839417008013
1995 -1.193732187249302 0.1109143976103385 2.750036629124735
1996 -0.7076044589500882 -0.1126156613415659 2.913179301466793
1997 -0.7052656835974787 -0.1397172022015964 2.912572646123825
1998 -0.6787537095664186 -0.1509325390502088 2.918306490142131
1999 -0.654569213865225 -0.1350436610104883 2.924602939525423
2000 -0.68112122136741 -0.1238358378759754 2.919030415576468
2001 -1.062533778578407 0.1224649182593755 2.802860023828449
2002 -1.087162680200826 0.1260935663143444 2.793237855842693
2003 -1.078387485733167 0.1012758110652419 2.79764608925203
2004 -1.251543952093277 -0.6784012175934023 2.640721402182844
2005 -1.285796558440013 -0.7023186566022805 2.617914382651233
2006 -1.277954147215217 -0.752762250407488 2.607715895563947
2007 -1.23578630366293 -0.7792479156858314 2.620229932196485
2008 -1.243907425394103 -0.7289669987833014 2.630836641020168
2009 -2.093064650366813 -1.323858617079951 1.693067846061702
2010 -2.075778070862984 -1.412835189935078 1.641658346491577
2011 -1.968863433492224 -1.413521355570124 1.767918029096488
2012 -1.912713014044183 0.5714792312108705 2.239406263767396
2013 -1.945953050660798 0.4901434952425971 2.230028268586589
2014 -1.930198392012971 0.4079407239779998 2.260070470846174
2015 -1.882051239732105 0.4072487510617419 2.300441606688051
2016 -1.89821009261293 0.4895851683709961 2.270925980126512
2017 1.126188569443585 0.6343531738757966 2.707267138065306
2018 1.148617088015429 0.5386534166860749 2.718553159644183
2019 1.262468838745608 0.6187811503164122 2.650147603287299
2020 -1.334348561458077 -0.005715234094628329 2.686909237885419
2021 -1.328865312871339 0.01992674052242483 2.689557566823865
2022 -1.347896174511138 0.0354376387851372 2.679910460536988
2023 -1.372381203759141 0.02530554667725278 2.667569954260989
2024 -1.377833855565786 -0.0003370355580723095 2.664877811995093
2025 -1.358832898223995 -0.01584713978076529 2.674569502343311
2026 -1.353430394857378 0.009795748748074795 2.677336402020237
2027 -2.255449222380072 1.140763601035801 1.616046785157212
2028 -2.299106712983074 1.195234874582699 1.511794270692096
2029 -2.356490594797308 1.076752241802497 1.512467086056793
2030 -0.9552289891991589 -0.7519389795896021 2.742649330331404
2031 -0.9327115724678832 -0.7426067527164778 2.752922870950869
2032 -0.9517835314432666 -0.7244504983038723 2.751232375641988
2033 0.0636316667974426 -0.6253765397642255 2.933403346710626
2034 0.1273875843737385 -0.6474523480654177 2.926530003319973
2035 0.1725159903940031 -0.6015528870157947 2.934002787521058
2036 0.1538718475100377 -0.5335193705683312 2.948165622174612
2037 0.1087799712667567 -0.5795880687177163 2.9414698007036
2038 -0.9266594176002328 0.02817028848277077 2.853157682046261
2039 -0.9274300149650396 0.05049545564465912 2.852599477021123
2040 -0.9512586573870134 0.06318315176596938 2.844488505176137
2041 -0.9742959453436357 0.0535440408276792 2.83687864502146
2042 -0.9505245570299564 0.04085889899754013 2.845142108376261
2043 -1.239050624719766 0.0973797367115638 2.730434166256265
2044 -1.244656884934259 0.07595784974721541 2.728563659482316
2045 -1.22376748327124 0.06046901615112964 2.738382121796315
2046 -1.197207900054987 0.06639927137590741 2.749960796230862
2047 -1.218191784610212 0.08189381489753719 2.740310598999631
2048 -1.356029855435827 0.1552798504745206 2.671529748889819
2049 -1.350023995057546 0.1829291387489304 2.672821008403937
2050 -1.375646462350099 0.1741987935067527 2.660310431315197
2051 0.7462384969777729 0.6692407122481466 2.827586422144856
2052 0.6685105168103306 0.7595081667704079 2.824223970141716
2053 0.5744024722486456 0.7437361153699662 2.849020601990978
2054 0.5581653408734673 0.6379054358975295 2.877764428701555
2055 0.6525836985058575 0.6539955490050262 2.854194166192278
2056 -1.479886649945883 -0.02932255732116201 2.609420566130362
2057 -1.501376994883 -0.04390152372112888 2.596909658700328
2058 -1.46227011597692 -0.07285999390354836 2.618483822598341
2059 -1.460335400260658 -0.04380182670423902 2.620210281394017
2060 -1.481900459824906 -0.0583835292432019 2.607788793342713
2061 -0.6506975180238581 -0.9332374304226934 2.775907173969554
2062 -0.6486644791474623 -0.9019132660211149 2.786716141638304
2063 -0.6846290387394606 -0.9106231742175795 2.775256477137308
2064 0.09142073541901967 0.4628418383815328 2.962671038400829
2065 0.06010057066466062 0.4979419399470102 2.957776486796727
2066 0.009716950272068229 0.5028625009961629 2.957538653334778
2067 -0.009343917757143074 0.4727365555512258 2.962504487801919
2068 0.04104458293783849 0.4678537684970359 2.963009988763889
2069 -1.36662761143035 0.1077721019512981 2.668466628181281
2070 -1.371292742681793 0.08792050746527041 2.666800742131908
2071 -1.358420792429465 0.06056848033655821 2.674139938351212
2072 -1.34087863824259 0.05306780521903512 2.683137768649595
2073 -1.353843736880639 0.08042567556985897 2.675937003521981
2074 -0.9637180484147113 0.08080454477146264 2.839844740246202
2075 -1.838871328250765 -0.5197417886109849 2.312665283024917
2076 -1.828456046431866 -0.5050255078016349 2.324155270789034
2077 -1.836144422892473 -0.4810763430656068 2.323174382267394
2078 -1.854225567318589 -0.4718373873540719 2.310674582323729
2079 -1.846613579915783 -0.4958070659378159 2.311751206301567
2080 -0.6173970144616523 -0.09887467966359856 2.9341173671575
2081 -0.6044303246320327 -0.07859854386157444 2.937428510035275
2082 -0.6106864935751585 -0.05086033216982204 2.936745687521555
2083 -0.6299195459227532 -0.04339925298997844 2.932800346171621
2084 -0.6236879993111305 -0.07114046092503762 2.933590345350668
2085 -1.337704705666217 0.1386705691572064 2.681663027617018
2086 -1.313365703925834 0.149709806944557 2.693075843985093
2087 -1.307336413484711 0.1773560312184316 2.694330406644177
2088 -1.32566900436244 0.1939659201363715 2.684209178268032
2089 -1.331761160550967 0.1663275259737509 2.683048148161228
2090 0.7013215797451837 -1.312139239209708 2.605079395855314
2091 0.6514809528749155 -1.407141471103843 2.568175509645107
2092 0.810691142217141 -1.407466176390225 2.522264624151904
2093 1.177025491320688 -0.569089074418155 2.70013862943353
2094 1.139169938442915 -0.6467516930041978 2.698889419547264
2095 1.275732004419781 -0.6328661499826537 2.640452288738659
2096 0.1911529602240619 -0.2947836780840924 2.979356160134734
2097 0.248326686781765 -0.3128912486296299 2.973286552480769
2098 0.2783158698790834 -0.2734520792828382 2.974519160622325
2099 0.2511149576294214 -0.2158878753829543 2.981666262900227
2100 0.221169191562841 -0.2553752809923787 2.980917250539086
2101 -0.3076507694770126 -0.6884866187181006 2.903676493669072
2102 -0.2793702153016826 -0.6872660919991957 2.906822595479546
2103 -0.2725044774055305 -0.6623383381060763 2.913254063014213
2104 -0.2939127412396396 -0.6386132834762581 2.916468476549107
2105 -0.3007939491378445 -0.6635779492753077 2.910186816236655
2106 -1.451926825292171 0.1395232163024425 2.621534238973358
2107 -1.791069992063884 -0.3201986286671231 2.385275900546512
2108 -1.785282506796796 -0.3458666533380449 2.386030726758163
2109 -1.769229444876113 -0.3303905925250082 2.400139418399343
2110 0.6485567548038342 1.396133394208324 2.574914693999524
2111 0.6953075844513744 1.289709627065772 2.61786104307663
2112 0.8078812548533559 1.39653358084179 2.52923344822849
2113 -0.5890227922850038 0.74572531558319 2.845513293567107
2114 -0.5775562038080245 0.73094313120693 2.851692650056151
2115 -0.5478989298071175 0.7370338051687649 2.855974077745571
2116 -0.5296817665362377 0.7578731780695768 2.853956109011099
2117 -0.5593844272188868 0.7518431142526907 2.849880873674515
2118 -1.67479793955809 0.4378079445185415 2.450178782327613
2119 -1.703056829045295 0.4114160010046057 2.435227773979174
2120 -1.675665988131207 0.3879455589247009 2.457975129965897
2121 -1.298067801338117 0.8692239623080988 2.56114616655876
2122 -1.277753700752054 0.9225575382857273 2.552691338326396
2123 -1.319369748746219 0.9477283474029199 2.522117056288678
2124 -1.381188657929973 0.9194795334496231 2.499374977623978
2125 -1.339951164332929 0.8945717772584836 2.530666357411705
2126 -0.004847292276888913 0.1214427976622236 2.997537014058968
2127 0.01413954215768781 0.142806952598425 2.996565742251807
2128 0.009636317886079829 0.1767300440806925 2.994774387645392
2129 -0.01385334146732533 0.1892910371702915 2.99399014496995
2130 -0.009351576968054658 0.1553769433432999 2.995959037351063
2131 -1.359123595597312 1.158844667312164 2.410365550893224
2132 -1.281022975248734 1.201155030095425 2.432325375142343
2133 -1.320862111245779 1.289039826720263 2.365100337872442
2134 -0.3192577344243897 0.6272601423308336 2.916268028294605
2135 -0.3440585456952885 0.6184856348957465 2.915321463674572
2136 -0.3259283455103539 0.6005848434375995 2.921141653433794
2137 -0.5530514640408749 -0.8100544659193689 2.835127129489316
2138 -0.5599117484338166 -0.8323039205271873 2.827325417747462
2139 -0.4934433781522985 -0.8329497369858557 2.839490864259443
2140 -0.5198377215893145 -0.8104068534634712 2.841304185593697
2141 -0.5267148453357877 -0.832686530187684 2.833585116799369
2142 -0.8586046159053301 0.7639546109763781 2.771131802335282
2143 -0.844976398972477 0.7489699832819134 2.779399008656763
2144 -0.8130388765717202 0.7584992296978605 2.786332123730182
2145 -0.7946804351553192 0.7829697306206078 2.784859315461599
2146 -0.8267046210735854 0.773521135889775 2.77816927522917
2147 -0.1248603940966138 0.321923710229151 2.980062919936143
2148 -0.1093321921412059 0.3430938619003053 2.978310439441787
2149 -0.137107342336458 0.3448022656985079 2.976963717321158
2150 -0.5600564709161175 -0.08854174054955612 2.945928904363688
2151 -0.5757563411712211 -0.0734317128790099 2.943316567945891
2152 -0.5887567958937607 -0.09371347406225058 2.940167209542358
2153 -0.9249505420645949 -0.9102969620445418 2.704778352402815
2154 -0.960907310680982 -0.8802476768242179 2.702188218412146
2155 -0.98823547335372 -0.9145845729289103 2.680844215571989
2156 -1.016633267879363 0.02190458447591809 2.82240624074917
2157 -1.035905662432238 -9.699362047976591e-05 2.815474995295299
2158 -1.011932350273488 -0.006888152265889209 2.824171643478551
2159 -1.336746120865983 0.2369213675752804 2.675252899061322
2160 -1.329484270964052 0.2632659018115567 2.676408533502038
2161 -1.346984408320007 0.2826724039173372 2.665657389051788
2162 -1.371736369189616 0.2757321555455023 2.653735313071128
2163 -1.354317444575897 0.2563411282219006 2.664603813946707
2164 -0.6733683668349104 -0.02671670250685434 2.923330508230851
2165 -0.6975644174085688 -0.01749413525941948 2.917721343582517
2166 -0.7178183696609407 -0.03401886214802063 2.912658494433472
2167 -0.7138782286197342 -0.05976618313222102 2.913212295397738
2168 -0.6936521460264529 -0.04324326372673391 2.91838597866272
2169 0.304809883076183 -0.5030392466299178 2.941775391074085
2170 0.2200369798994776 -0.4843268953131498 2.952458498599606
2171 0.2387593352592264 -0.5525163522906317 2.938999772078594
2172 -1.422056608771645 -0.04724820927955867 2.64112146789366
2173 -1.440211140330266 -0.03099577399865524 2.631507388031206
2174 -1.442400663106745 -0.05967830667277868 2.629813458552126
2175 -1.209233943322127 -0.6259463176819361 2.673189944186167
2176 -1.201397908837131 -0.597527862971609 2.683207691852114
2177 -1.213093154779131 -0.5655765263871028 2.684870237204754
2178 -1.232707462052039 -0.5620831730355916 2.676657396752797
2179 -1.240663677389584 -0.5905570602993052 2.666832577822762
2180 -1.228883229736776 -0.6224697510606304 2.665028595847749
2181 -1.221070658928313 -0.5940636181353083 2.675084085316266
2182 0.04093064611807363 -0.2749338605479571 2.987094918902403
2183 -2.046045295193675 0.696672688611489 2.080467691399861
2184 -2.035713793504509 0.7915253725379214 2.056540039864089
2185 -2.105164735026231 0.8115351729879514 1.97729413628963
2186 -2.183740696264677 0.7361642891798116 1.920765136817577
2187 -2.116241179407866 0.7168815336812684 2.001900131686193
2188 -0.7970051273876513 0.05303677703249391 2.891707095678917
2189 -0.8030852647270282 0.07873103757234615 2.889438610059245
2190 -0.8221438595035505 0.06259663312720108 2.884468952129966
2191 -2.162981234418301 1.226157167951357 1.6787050899535
2192 -2.112212074652735 1.365060724102183 1.635594500848182
2193 -2.208096757571218 1.281562784068634 1.575406468088069
2194 1.056124379161714 0.4886224789870053 2.765112903439727
2195 0.940159869044136 0.5338853272264693 2.798404166308219
2196 0.9632963291551393 0.4277745223067057 2.80874867873605
2197 -0.5848509204687278 -0.8377115332945747 2.820671690894233
2198 -0.6029291663844959 -0.8208687195298664 2.821816961750052
2199 -0.6295371157363264 -0.8261979026989545 2.814441338078702
2200 -0.6380648772069067 -0.8483673912312079 2.805912682527824
2201 -0.6114884049673278 -0.8430818977788481 2.813413379549499
2202 -2.08194057847258 -0.2463790898171541 2.14588461288349
2203 -2.029717559502399 -0.2392797292809763 2.196131107152496
2204 -1.990505107661099 -0.1879839839615798 2.236638423650325
2205 -2.00419354676021 -0.1438671890570703 2.227669288525015
2206 -2.057220498236671 -0.1510244483326622 2.178310225298655
2207 -2.095752569532751 -0.2022586376165699 2.137033600766811
2208 -2.043731794958836 -0.1951833262998238 2.187478872905718
2209 -0.7579934640089014 -0.06281281143207307 2.901982160393096
2210 -0.733968361925993 -0.07416347356950237 2.907884148806444
2211 -0.741839792904583 -0.02266816534738961 2.906743861426917
2212 -0.7619244479411791 -0.03706483769197635 2.901395756086438
2213 -0.7379337358336377 -0.04841776571862271 2.90742317550807
2214 -1.551731735465183 0.1575818289159251 2.562673718666839
2215 -0.7701224273148786 0.04286998678148835 2.899150498194254
2216 -0.7493200358152294 0.0583974466558167 2.904325949708459
2217 -0.7762432940474587 0.06856813358389595 2.897023430955154
2218 0.3899845587346465 1.076266540342483 2.773006018400928
2219 0.3651121850528086 0.9985813732790798 2.805267961045082
2220 0.423597034981436 0.8969809940002411 2.831252487567521
2221 0.5069501834927636 0.873039041159494 2.825031742134584
2222 0.4488787755822337 0.9754923719805685 2.801235883862607
2223 -1.940380052474601 -0.2978796150477399 2.268522203307183
2224 -1.958524877849355 -0.2649815692693438 2.256981406833633
2225 -1.993806518823932 -0.2805017911910536 2.223972641610909
2226 -2.01060184569672 -0.3288799642370239 2.202116751492618
2227 -1.992337835916661 -0.3617626215136366 2.213530608157587
2228 -1.957396584237562 -0.3462890790055921 2.246927343234886
2229 -1.975773617394445 -0.3134253939767082 2.235639312415716
2230 0.6788431362380742 0.8653890427738131 2.791106196659217
2231 0.7673010717757803 0.8815671474332881 2.762985419762122
2232 0.8179663615900554 0.9930041643014199 2.710142756569691
2233 0.7798904749831391 1.087957517150503 2.684794086686404
2234 0.7301189092813193 0.9777502703483959 2.740607740473543
2235 -1.732834216169657 0.4973866233725398 2.397893268300687
2236 -1.732225360088806 0.4412387860005051 2.409295257039703
2237 -1.675535881931315 0.4939841175064284 2.438966830445229
2238 -1.704405747772823 0.5237325521489973 2.41261378193412
2239 -1.70404459613318 0.4676597052423931 2.424361032206611
2240 -0.8737171386128367 -0.03649006104867582 2.869718947412596
2241 -0.8929956138676732 -0.0529494775347086 2.863521466034766
2242 -0.8694272350434373 -0.06249988856349643 2.870573121676972
2243 -2.077511804541116 0.2605365485767313 2.148503062331548
2244 -2.094937220477019 0.318331151801364 2.123653295632985
2245 -2.149694546574121 0.2816260223508681 2.073523604872709
2246 -1.205639903237221 0.1692393846719177 2.741858941374996
2247 -1.191302390826986 0.1554189107462834 2.748934989371765
2248 -1.166627539294841 0.1631226035909366 2.759052591154539
2249 -1.156269615315838 0.184644278921909 2.762054863133383
2250 -1.181014926273905 0.1769512432201814 2.75207049354501
2251 -1.378855350576984 0.3195963840011509 2.645111731764579
2252 -1.387664158068694 0.2941926585540688 2.643452073343564
2253 -1.36298771608809 0.3011492480933264 2.655479922003892
2254 0.640294194200701 -1.189869444865456 2.678476068410626
2255 0.5293011494743214 -1.162399287461948 2.714529091697696
2256 0.5911198240086232 -1.286517841262957 2.644891150458959
2257 -1.5446185507962 0.4866773242993185 2.525331406874968
2258 -1.522412911970429 0.4933727790897814 2.537487384464984
2259 -1.535036840022196 0.5138087564922992 2.525799370798581
2260 -2.136249038730901 -0.08834400964246376 2.104432317866649
2261 -2.135388334093109 -0.1709328483965142 2.100213947186836
2262 -2.097193299085646 -0.1197221885925051 2.141832594725574
2263 -1.428356799094471 0.3073290784619008 2.620180469359382
2264 -1.412416507784349 0.2880593007778329 2.630988682562821
2265 -1.403687698971795 0.3134811191040485 2.632753393639545
2266 -1.283262782870626 0.1850789033006258 2.705361792746429
2267 -1.277537297587922 0.2094135797769741 2.706297176194207
2268 -1.295893519131066 0.226027444323406 2.696214305556353
2269 -1.319951897526966 0.218302326850941 2.685157552604023
2270 -1.30167139506935 0.201700494936304 2.69536054909184
2271 -0.4313258127019119 -0.2273107024440611 2.960116194991579
2272 -0.427427241752317 -0.2511599895459949 2.958753895250374
2273 -0.4093086100677296 -0.228636135246592 2.963138872780675
2274 -0.9750206331671325 0.186656610466982 2.830988179888312
2275 -0.9561726228130748 0.1884681108247329 2.837289848884833
2276 -0.9454119025161268 0.212670136316685 2.839184345494297
2277 -0.9534774152560722 0.2350562525928862 2.834718570989647
2278 -0.9723404330331041 0.2332482140673185 2.828453526739197
2279 -0.9831236511743071 0.2090502186364714 2.826617394093113
2280 -0.9642916953055299 0.2108658947455769 2.832962601376505
2281 -0.7305975120232373 -0.1007814659683789 2.907932318941195
2282 -0.7512556819041559 -0.1160492867269063 2.902093634508869
2283 -0.728178913300062 -0.1276592985436533 2.907483202654916
2284 -0.9693656409306695 0.711861181424412 2.748378415095729
2285 -0.9436040936030203 0.7148132643758808 2.756565491985982
2286 -0.9331611199941595 0.7498379498176657 2.750809585039372
2287 -0.9483937090407005 0.7818434180959558 2.736653109590628
2288 -0.9741468194739022 0.7788823388194864 2.728439164867702
2289 -0.9846786778497892 0.7439253600031824 2.734407241091225
2290 -0.9589676425541667 0.7469207742337759 2.742715883490691
2291 -0.744815911757842 0.003599794015585676 2.906068873766652
2292 -0.7678707583618536 0.01547116536007771 2.900023300164189
2293 -0.7649294466889535 -0.01079728811294472 2.900821669830384
2294 -1.787656191590994 1.405420260039245 1.956803320044609
2295 -1.854863537272069 1.307866352409892 1.961878401515393
2296 -1.76708628702166 1.305048342202305 2.043099331587923
2297 -1.266004821732399 0.168185631678965 2.714580148871472
2298 -1.243010681121412 0.1756256916223397 2.724716510586057
2299 -1.237282068844928 0.1999600396384308 2.725646540669316
2300 -1.254550605034011 0.2168548115720182 2.716445613316575
2301 -1.260331073290083 0.1925283666632307 2.715602771711919
2302 -1.047453544178076 0.1423930045921577 2.807590658381667
2303 -1.057007724704958 0.1659503825227391 2.802712104454292
2304 -1.081633244134113 0.1695785293049627 2.793083000482206
2305 -1.096707736827299 0.1496498328199367 2.788339482114778
2306 -1.072129420135985 0.146027961370043 2.798073326590457
2307 -1.996741777850479 0.6186165263849374 2.151821522773193
2308 -1.937927101111835 0.6356531296747933 2.200087191342861
2309 -1.929214940868535 0.731080065171118 2.177992573504099
2310 -1.977742871305519 0.8089234821937038 2.105748307598943
2311 -1.988309791278026 0.714153221201274 2.129931771338175
2312 -2.050815030035628 -0.7588853313348582 2.053838057507151
2313 -2.05847360570016 -0.8279048298948275 2.01922262449503
2314 -1.996558578276644 -0.8998356244400026 2.050377938941651
2315 -1.926259996154805 -0.9024322010794796 2.115452327439344
2316 -1.989633315771983 -0.83111350850612 2.085811497894485
2317 0.03183568363537653 0.1936779603167194 2.993572337013926
2318 0.03054477156058729 0.2231837609964329 2.991530716164853
2319 0.007054590201826417 0.2357423397843507 2.990714928238746
2320 -0.0151443504148228 0.2187979458803293 2.991972277199283
2321 0.008346090270324283 0.2062463349991689 2.992890374216305
2322 -1.800931796999838 -0.3627696907000827 2.371717271106382
2323 -1.82235463160487 -0.354001792730987 2.356630290777814
2324 -1.836534300605663 -0.3714454860364017 2.34289778129607
2325 -1.829295659844544 -0.3976579245683366 2.344257998579063
2326 -1.815876280905322 -0.3793702064721722 2.357683519662195
2327 -0.1413658293569376 1.192483786948013 2.749181354541084
2328 -0.1952893158648727 1.248123776269052 2.721038243432259
2329 -0.314787185652909 1.253012599664037 2.707557654572085
2330 -0.3803533912457141 1.202218652496472 2.72213181336934
2331 -0.2610730973256536 1.19828645330675 2.737873337770453
2332 -1.399408940423715 0.4203211787310739 2.620111586206262
2333 -1.386366546470863 0.4403533970521346 2.623752405340698
2334 -1.408827602913223 0.4445249033964109 2.611053885987456
2335 -1.909018894391527 -0.08177239549053444 2.312781904156095
2336 -1.963791543807281 -0.09077825665650606 2.266116078357289
2337 -1.95039900541989 -0.1349254989267508 2.275464530463279
2338 -1.227245943069303 0.2472592302654678 2.726303407229002
2339 -1.249529487115771 0.2405038602651351 2.716769028464835
2340 -1.232312667493497 0.2236184749695226 2.726059476091336
2341 -1.809270617687508 -0.5133710223148277 2.337304007915978
2342 -1.800469269486925 -0.5364244029454516 2.338922672847017
2343 -1.77962193775752 -0.5422006657540678 2.353500413577193
2344 -1.767575954233191 -0.5249235479441717 2.366459489370212
2345 -1.78878514110125 -0.5220017172587651 2.351119292199841
2346 -1.784736284661049 -0.9153874454188011 2.230870282868082
2347 -1.713814224631498 -0.9258938998453198 2.281569917771525
2348 -1.675122661932298 -0.8812133580641479 2.327536698969569
2349 -1.708011209100077 -0.8264014310081942 2.323738019746654
2350 -1.77920242792922 -0.8160356642785681 2.27343891826374
2351 -1.817213890531124 -0.8603527570506231 2.22655042824009
2352 -1.746916742857388 -0.8711665105410303 2.278014662910733
2353 -0.7408703327189311 0.8694417263132876 2.774019148211185
2354 -0.7586141479131713 0.8384596617058341 2.778756910972622
2355 -0.7445284238878909 0.8030149823311442 2.792999170099183
2356 -0.7127164036915261 0.7985704760173097 2.802556069509137
2357 -0.6950203253793663 0.8296082265518739 2.797980868009467
2358 -0.7090903295749474 0.8650370538583415 2.783684931876338
2359 -0.7268698269376963 0.8340954186359072 2.788538163141784
2360 -0.2392338361085205 0.4999723541274543 2.948354594815395
2361 -0.212363287705412 0.5039204467843645 2.949739991481892
2362 -0.2032087445842964 0.5291056998972344 2.945972397097558
2363 -0.2209236525967283 0.550339850894066 2.940802405507928
2364 -0.2477926830500075 0.5463880015481857 2.939397716878588
2365 -0.2569484268130393 0.5212059185658752 2.94318227373199
2366 -0.2300884072996311 0.5251782550700043 2.944698138218576
2367 -1.288625674895142 0.2523708079037397 2.697360347695327
2368 -1.305422065751844 0.2709901742835663 2.687459312378505
2369 -1.312755061941326 0.2446589413291781 2.686413249999916
2370 -0.7240175737939429 0.01912738196727849 2.911259640790668
2371 -0.7262700205919912 0.04652638224364812 2.910389519109878
2372 -0.7471013615858537 0.03100001567397671 2.905319010804972
2373 -1.596097687981469 -0.1782707388884561 2.533908387072503
2374 -1.616683845725367 -0.1670262693882386 2.521593854748398
2375 -1.634144122928965 -0.1824800383594565 2.509237737062205
2376 -1.631014477620857 -0.2091779186189664 2.509190381807128
2377 -1.613655770582231 -0.193674130051444 2.521627527097427
2378 -0.405804058030427 -0.07889385684914643 2.971379953125736
2379 -0.406255804637999 -0.1068455551920977 2.970444453029483
2380 -0.3840480671660262 -0.120282054922741 2.972884005367448
2381 -0.3613907520567221 -0.1057675747261994 2.976274507578965
2382 -0.3843167031684918 -0.09354743538354569 2.973810610815501
2383 -0.5611267360474173 -0.2002816003559159 2.940242178231522
2384 -0.5650123331675108 -0.2239511238025629 2.937789467868004
2385 -0.5448000944986267 -0.2408142230991662 2.94027232871165
2386 -0.5206976471943524 -0.234005784938252 2.945185096529876
2387 -0.5409339291567179 -0.2171523601650296 2.942827778984328
2388 -1.269262056453431 -0.886433013340675 2.569671252302009
2389 -1.231576299649559 -0.8461750695558994 2.601385701852681
2390 -1.316093514160362 -0.7932910935055195 2.576545575562335
2391 -1.311593434344799 -0.8600438418005116 2.557351609216971
2392 -1.274070512138993 -0.8198922632948782 2.58930898246754
2393 -1.023239680355356 0.1408417237231899 2.816583775676653
2394 -1.0085739524192 0.1628471029676042 2.82068420840699
2395 -1.01812221383011 0.1864035145239957 2.815791343029305
2396 -1.042342018317818 0.1879556381230897 2.806812390407823
2397 -1.032834577039798 0.1644056600028733 2.811800760265571
2398 -0.1566136224899944 0.461251840024082 2.960188999595289
2399 -0.1710535279711314 0.4845611382296119 2.955662564280004
2400 -0.1971124061794046 0.4831863414052178 2.954264317695626
2401 -0.2087317548900857 0.4585033052511355 2.957398480687763
2402 -0.1942902964464212 0.4351905386484808 2.961901496636511
2403 -0.1682312859800372 0.436564320352139 2.963293746595665
2404 -0.1826798252299279 0.4598956697824805 2.958905888055463
2405 -0.9830416351003751 0.2508713909499644 2.823241521524861
2406 -1.004544146421174 0.2443014137688178 2.816240024770884
2407 -1.015314049388953 0.2201010158981867 2.814372563097145
2408 -1.004594714889712 0.2024736850538384 2.819537881582082
2409 -0.9938618472803072 0.2266824684574066 2.821498482546931
2410 -1.408242706036831 -0.6559115812621052 2.566443546712124
2411 -1.387265515358038 -0.6324754406754134 2.583692939735842
2412 -1.441216671431578 -0.6056155097802025 2.560492991652457
2413 -1.435233821685224 -0.6424889981464182 2.554860419739528
2414 -1.414353248377777 -0.6190954788010413 2.572221933840729
2415 -1.26488520913178 0.258051454887894 2.708038931468655
2416 -1.257956273880741 0.2823542252529244 2.708841469057557
2417 -1.281751672362621 0.2766857501546517 2.698250849357224
2418 -1.158270004446845 -0.5971083839545798 2.70219765646591
2419 -1.175879603700645 -0.5830916010450435 2.697649225231394
2420 -1.191639187788264 -0.6399725489921363 2.677766080647044
2421 -1.166191731758106 -0.6255713183960028 2.69233307196181
2422 -1.183839359907253 -0.6115731978699301 2.687843483832631
2423 -0.9050261384766431 0.1589148065367788 2.855814029823621
2424 -0.9211838274860965 0.1745989198675416 2.849725525933884
2425 -0.9467160240038578 0.1687472428705723 2.841698987915136
2426 -0.9560892125133567 0.1472111733005219 2.839757434741755
2427 -0.9306006525732244 0.1530697637990552 2.847903101027279
2428 -1.093041605549195 0.195065816289523 2.786971362582281
2429 -1.119496870351436 0.2006195189425037 2.776054496203671
2430 -1.134567041774984 0.1806895307376052 2.771300943816782
2431 -1.12318682837085 0.1552067386458078 2.777474071319688
2432 -1.108160959507985 0.1751438763725523 2.782319879235948
2433 -0.5234528337302701 -0.2561041304327529 2.942857082026757
2434 -1.769942538646267 -0.5677837786836788 2.354766440765218
2435 -1.748190917020356 -0.5760815802516661 2.368957266508257
2436 -1.757956572937728 -0.5505254722168585 2.367807085069525
2437 -0.5941612230022514 -0.03232566486585275 2.940395805409783
2438 -0.5968524472560665 -0.006328287199323841 2.940021617094943
2439 -0.6160822751144449 0.001132999270075416 2.936058811843261
2440 -0.6326245787877997 -0.01740297835292826 2.932487558142064
2441 -0.6134084659298003 -0.02486458860182675 2.936513546054115
2442 -0.4593832057159933 -0.3064833860886993 2.948734475051578
2443 -1.399191228393596 -0.01105150248830445 2.653703406690199
2444 -1.401547606884189 -0.03727610151742828 2.65222072948178
2445 -1.380464694221469 -0.02599380762802181 2.663389109757158
2446 -1.072918157332334 0.2130844138810192 2.793464096820929
2447 -1.079281851072828 0.2366623876680457 2.789111256333829
2448 -1.105758409117873 0.2422208004333508 2.778241786544601
2449 -1.125849430549593 0.2241959709627272 2.771678052432359
2450 -1.099444232422164 0.2186519121699484 2.782698999370587
2451 -1.785719463393432 -0.595580012988542 2.335913193204414
2452 -1.779621943307438 -0.6316356952891161 2.331090321573854
2453 -1.757872086864203 -0.6399352510995897 2.345286464512128
2454 -1.742216465210868 -0.6121778877622391 2.364301169919584
2455 -1.764041047311249 -0.603905371594647 2.350203711502508
2456 -0.8861279130477177 0.03929150297238321 2.865873950387886
2457 -0.9060204378619937 0.02256839506744714 2.859828252486579
2458 -0.9020875475790175 -0.002780062946423923 2.861158913404302
2459 -0.8782638995135398 -0.01140538212067082 2.868540123489639
2460 -0.8822314126704963 0.01394360353409002 2.867311163863787
2461 0.5869593805724348 1.281701607826726 2.648154012525029
2462 -0.9749306819075533 0.145398598675627 2.83343773762164
2463 -0.9844058667837481 0.1651230036550142 2.829077496836324
2464 -0.9991264771665164 0.1431259844475052 2.825112605755877
2465 -0.4556753659472178 -0.2113706393666602 2.957648122019013
2466 -0.4761308385862826 -0.2192819588990684 2.953847465095059
2467 -0.451801304650962 -0.2352328437749469 2.95644061166891
2468 -1.611848309339273 -0.5239228553137277 2.475368633024188
2469 -1.597356668076299 -0.5455954633810438 2.480076060384078
2470 -1.575365519219291 -0.5436384331845103 2.494530163140872
2471 -1.567864651898812 -0.5200083076231187 2.504274704046894
2472 -1.589916393737197 -0.5219956123410805 2.489916954764229
2473 -0.7786498374452419 -0.07808051652869187 2.89613671355223
2474 -0.7752830450782597 -0.1046990202257285 2.89619997845072
2475 -0.7546568392000069 -0.08943487263298155 2.902153417482573
2476 -0.9213609909086392 -0.01923940031392643 2.85494724468026
2477 -0.9168158908231315 -0.04432402874091645 2.856130949870884
2478 -0.8975771876142912 -0.02786586753441518 2.862442782956713
2479 -0.6335089074275745 -0.1766620170039878 2.927021864619054
2480 -0.6319452102447936 -0.1479080984430526 2.928953472772079
2481 -0.6560217231134683 -0.1635523921158068 2.922821601438657
2482 0.7212791497638177 -1.070339821589667 2.708159717305348
2483 0.7359583947201706 -1.143316481592096 2.674171397678312
2484 0.8420922717118376 -1.090399859003062 2.664940666020409
2485 -0.7984918640210882 -0.09363309335074936 2.890267044223024
2486 -1.065216321070808 0.003686271273448675 2.804514325284945
2487 -1.07527082831548 0.02947081295817756 2.800522115063069
2488 -1.089249950004954 0.009404820867171754 2.795254209505579
2489 -0.9404728465647965 -0.03542450171610577 2.84855330467107
2490 -1.046017706217481 0.02568961335096186 2.811616439353953
2491 -1.216834958438862 0.01817906302083002 2.742076258164382
2492 -1.233563769238517 0.0363581441804187 2.734410084931267
2493 -1.240838501956185 0.01650715363862246 2.731308720364998
2494 -1.264442651709857 0.06961775728765299 2.719620956752463
2495 -1.278624740550913 0.08469967813221815 2.712553176875139
2496 -1.288865245876155 0.06663107151524476 2.708207281262151
2497 -1.207077140739297 0.04229116204928476 2.746120214760666
2498 -0.3991649594417309 -0.3968268474285043 2.946726283235997
2499 -0.3871901343371624 -0.373599385103804 2.951356857332239
2500 -0.4115727271468101 -0.3735984927576362 2.948055639990223
2501 -1.300990681558458 0.4234597433426748 2.669851136723959
2502 -1.296932325220075 0.3985190376972599 2.675658633008347
2503 -1.273936683260761 0.3942453074694815 2.687313893943331
2504 -1.254972835991323 0.4149045628622721 2.693120380643977
2505 -1.278005477022012 0.4192940908555473 2.681584320150191
2506 -1.028895940901664 0.3491370415446902 2.796332682106601
2507 -1.027371230053974 0.325883429674421 2.799697902617534
2508 -1.004990167401147 0.3160449476028865 2.808934024593974
2509 -0.9841214190661397 0.3294563992472212 2.814775925989545
2510 -1.006468714545852 0.3394883244745537 2.8056671941244
2511 -1.161782502977394 0.3978060014492695 2.73715396004436
2512 -1.156984928264907 0.3754523095085912 2.742338680588616
2513 -1.134098844807728 0.3684715515431691 2.752825553119766
2514 -1.116003923567046 0.3838424962483294 2.758115331282724
2515 -1.138751137611737 0.3914195160601208 2.747732994494778
2516 -0.7624622241545393 0.2122701086640966 2.893716081046142
2517 -0.7603776395846709 0.1855184859390255 2.896102335311122
2518 -0.7386968573191387 0.172405841124171 2.902516697442599
2519 -0.7191132516034707 0.1860474410700862 2.906589493038113
2520 -0.7407262286708031 0.1993192267625204 2.900275245558932
2521 -0.6424471375128722 0.1315067584330046 2.927450708037278
2522 -0.6470748224674602 0.1085751991242986 2.927371790576629
2523 -0.627693334676603 0.09171266884547877 2.932164706147287
2524 -0.6036773510703723 0.0977807984987237 2.937007417636123
2525 -0.6228909940589639 0.1148815059075397 2.932372597253059
2526 -0.8943313047765393 0.2849911518651785 2.849377398775959
2527 -0.8921786100313783 0.2592558273551811 2.85250832492823
2528 -0.8700837234796532 0.247702800119607 2.860349215908555
2529 -0.850147625085393 0.2618866772321904 2.865076680274011
2530 -0.8721875086138435 0.2736161359921718 2.857345474376995
2531 -1.146033993462141 0.2327875846725915 2.762682758887006
2532 -1.146136087757487 0.2594055958646803 2.760268248771132
2533 -1.165792086362905 0.2753489228836952 2.750474828468789
2534 -1.185370637084991 0.2646803679715996 2.743144319124887
2535 -1.165759067937927 0.2487458917727225 2.753022207837541
2536 -0.5262383228627493 0.02436133979042465 2.953384457308973
2537 -0.5297120084750548 -0.002537384682828063 2.952862805779553
2538 -0.5071998291651733 0.006783310352100867 2.956806101183418
2539 -0.4396133176148264 0.851237058569782 2.842909706813276
2540 -0.4755178702262651 0.8578179162684896 2.835142179437261
2541 -0.5114167529569924 0.8358027235060563 2.835469398913482
2542 -0.5114442049107565 0.8072629951406284 2.843721379098132
2543 -0.4755799390595385 0.8293400067796266 2.843592599990177
2544 -1.648169672748277 -0.2247475958413386 2.496602741325975
2545 -1.668459940485864 -0.2136201792036824 2.484070821460389
2546 -1.685560736661986 -0.2289907522129626 2.471122869956985
2547 -1.682367525927496 -0.2554882935080758 2.470701365925256
2548 -1.665278948096822 -0.2402113232235817 2.483776267142578
2549 -1.116694526002071 0.953824516612968 2.61595338779288
2550 -1.187342892889438 0.9650723079736252 2.580475207221995
2551 -1.233407334059419 0.9257343259114816 2.573270740928294
2552 -1.209279319725705 0.8755027758996203 2.602141121514318
2553 -1.138615668876567 0.8642308638685363 2.637547984876448
2554 -1.092146663561159 0.903237303820366 2.644121411406735
2555 -1.163300301984282 0.9149094865659813 2.609535023484999
2556 -1.31190367564732 0.002692815003603289 2.697943938366846
2557 -0.7721989048153579 0.7865586722665552 2.79016743341403
2558 -0.7681198364224827 0.7657228974390158 2.797080685506211
2559 -0.7363617723914707 0.7613319560409497 2.806803340612119
2560 -0.7086297395618819 0.7777250495401098 2.809446144621087
2561 -0.7404670125010299 0.7821984574882032 2.799977531427864
2562 -0.1450600710973 -0.2358794078362059 2.987192407718673
2563 -0.1154533091339566 -0.2479282794296662 2.987507673909652
2564 -0.0901119738104099 -0.2264639281857419 2.99008259441218
2565 -0.0943761996875026 -0.1929470914766877 2.992300879394188
2566 -0.1197255950719212 -0.2144265146683427 2.989930944301534
2567 -0.3265066542446016 -0.1135892804533629 2.980015248299928
2568 -0.3142831814128808 -0.1359263539042368 2.980394287371269
2569 -0.2889512616625938 -0.1365372821705176 2.982928886004673
2570 -0.2758428171079028 -0.1148111424313565 2.985084444672141
2571 -0.3012873364029774 -0.118740591002054 2.982469884671375
2572 -1.544207620936515 -0.04448382741969159 2.571661722027157
2573 -1.565551850678757 -0.03048724761298436 2.558929059307683
2574 -1.585756898063586 -0.04701009971377723 2.546206022844313
2575 -1.584588458062251 -0.07752926259133851 2.546187077183831
2576 -1.564498778298675 -0.06101038257717685 2.559027414061783
2577 -1.733410402691069 -0.1415545278333289 2.44443259090781
2578 -1.713228287860282 -0.1326475307468916 2.459116399494355
2579 -1.70650348223547 -0.09482780154587675 2.465533117435698
2580 -1.719888709474717 -0.06590980114697356 2.457160703969962
2581 -1.72679584263039 -0.1037404449279766 2.45100265972123
2582 -1.027423696857211 -0.6467685228830503 2.743372199491702
2583 -1.033096228121673 -0.6719738544803739 2.735171534353113
2584 -1.008967827960623 -0.6654802880273499 2.745745783641934
2585 -1.644323823573656 -0.5510942420441325 2.447957168664092
2586 -1.635341309428575 -0.5266751544795997 2.459323501154397
2587 -1.657034560208944 -0.528371349473267 2.444393622829382
2588 -1.700070641173412 -0.2706582489688124 2.456929776628823
2589 -1.720961238544471 -0.2593297011231081 2.443571263856015
2590 -1.717220716275914 -0.2853700089807862 2.443300425565211
2591 -1.477916980895188 -0.5166382000199753 2.559071387801007
2592 -1.462503368685365 -0.542668592130503 2.562536769628693
2593 -1.439704417124122 -0.5411102695587048 2.575742779761092
2594 -1.432322770174246 -0.5135230814413363 2.585487483409535
2595 -1.455190696127187 -0.5149491687581687 2.572401094600168
2596 -1.580772531098877 -0.1352042532246934 2.546149645019554
2597 -1.578171021099256 -0.1623632180857603 2.546176430174344
2598 -1.56019081870578 -0.1471895704073826 2.558151645151139
2599 -1.551642084200229 0.4628631042927127 2.525502838886403
2600 -1.536461435038609 0.4457432182635855 2.537833572559698
2601 -1.529478258409098 0.4695706169320283 2.537754852772022
2602 -0.4956374825714147 -0.8022570045256178 2.84793384483556
2603 -0.4502012798643111 -0.09989745113745947 2.964344667353102
2604 -0.4284544516405384 -0.1173473696755845 2.966927093425052
2605 -0.4280174831722534 -0.08939906312098111 2.967963753419502
2606 -0.6549064122429847 -0.8290729127138481 2.807799084088318
2607 -1.273600722996031 -0.5100939939212904 2.667910290049014
2608 -1.262982077327548 -0.5343511942082976 2.668210087979872
2609 -1.239060491465071 -0.5379621574566583 2.678679864342679
2610 -1.225756638855028 -0.5173155366194111 2.688848321842456
2611 -1.249669209478363 -0.5127986507409462 2.678687068449764
2612 -0.3552984292806262 -0.6117805285627298 2.915388072113596
2613 -1.382190320020594 0.5680751123490936 2.60131516467554
2614 -1.395011525523481 0.5875254689366755 2.590126766590274
2615 -1.41795877019443 0.5820180731850363 2.578885008780864
2616 -1.428072579450874 0.5570550238723001 2.578817249864588
2617 -1.405208439334937 0.5628595642837214 2.590092344476585
2618 -0.9107841883261607 -0.7607937385505588 2.755297633591935
2619 -0.9113598558486484 -0.7883014243803221 2.747363113508567
2620 -0.8904856551121829 -0.7775214402063402 2.757262357495
2621 -1.706455185373789 -0.2176627433546923 2.457770052398356
2622 -1.724152541424809 -0.2328318103189073 2.443990049489153
2623 -1.70333037363328 -0.2441701649038199 2.45744716501274
2624 -1.142229854845205 -0.5534337669674823 2.718275560770189
2625 -1.141471496786545 -0.582293573104439 2.712559126866205
2626 -1.120317263233021 -0.5969599436089483 2.71818469854947
2627 -1.099940158540053 -0.5827765412325946 2.729560981297149
2628 -1.120589450768458 -0.5671868523989948 2.72444092563817
2629 -0.3562441738048933 -0.5301657949555648 2.931213796107204
2630 -1.220314865439292 0.2715614723102676 2.727102124223543
2631 -1.235669439579661 0.2891088177302062 2.718370307298019
2632 -1.242653292245181 0.2648178130156923 2.717661553832964
2633 -1.601305099948529 -0.1239551629596138 2.533862090654203
2634 -1.619289898806768 -0.1398687047488661 2.521574303694865
2635 -1.598801087258398 -0.1511223620920135 2.533968649185916
2636 -1.629833966975508 -0.572767787424757 2.452667588928721
2637 -1.606359615527133 -0.5700215557580193 2.468741422582513
2638 -1.620913799998882 -0.5483698485092905 2.46412843866124
2639 -0.5863009393357155 0.0757906537797281 2.941174422800133
2640 -0.5929274575512765 0.047730043024095 2.940435150292333
2641 -0.5739565597582782 0.03019968391575565 2.944428950849694
2642 -0.5483621658480461 0.04073003076956114 2.949176156091723
2643 -0.5672980103921798 0.05832414720224389 2.945296464069145
2644 -0.6343319392831178 0.0636539052030639 2.931479348581142
2645 -0.6169419492588986 0.0416616287094741 2.935582896110737
2646 -0.6103389015142344 0.06972450861770026 2.936430642497183
2647 -0.4290820963875078 -0.7587308549251612 2.8705776499416
2648 -1.547201568571372 -0.5150508594883857 2.518112372065743
2649 -1.534068989772621 -0.5337329650049306 2.522253249910693
2650 -1.511745282446712 -0.531817394731147 2.536098669149425
2651 -1.502501110408689 -0.5112004778492252 2.545813128386956
2652 -1.524927974100747 -0.5130780976148935 2.532063494376251
2653 -0.8504148626618692 -1.130193442976852 2.645648756508679
2654 -0.7955694767341235 -1.092747500703684 2.678240487221945
2655 -0.7900856566350064 -1.016874965248348 2.709562688005354
2656 -0.839639265692854 -0.9787163974846288 2.708711892542556
2657 -0.845422528507104 -1.054936214669966 2.678128139441887
2658 -0.8148929053921353 -0.8321204159891663 2.764692598831845
2659 -0.7944560196391514 -0.8187499818566525 2.774614946270716
2660 -0.8194641168004916 -0.8125985569441898 2.769144659733148
2661 -0.6091317982896751 -0.1958155998655751 2.930975043080659
2662 -0.583193480239053 -0.1862160626645859 2.93687060365491
2663 -0.6076036493603997 -0.1670713272658196 2.933070912352711
2664 -1.621946601844622 0.5571202030611351 2.461484572388339
2665 -1.634297198860907 0.5106753745911422 2.463388586395088
2666 -1.619911355401817 0.4694458160612114 2.481029589993411
2667 -1.593417089912358 0.4747293610566209 2.497129153913751
2668 -1.607879181322635 0.5159894570084086 2.47961275575954
2669 -0.9558196213882615 -0.7794584355027294 2.734749238722416
2670 -0.9338774094035981 -0.7976336509863499 2.737088515744387
2671 -0.9333451375839955 -0.7701621029106747 2.745126078960404
2672 -1.35116278805978 -0.7487674245338537 2.57171274914588
2673 -1.382321140259826 -0.771323345725573 2.548381557288759
2674 -1.377917489415445 -0.8381068232537808 2.529608733614448
2675 -1.342289639380628 -0.8822973576784766 2.533734377681489
2676 -1.347170503448873 -0.8158091229884825 2.553348215478271
2677 -0.0876997514142181 0.2935553681787098 2.984314661595748
2678 -0.1140442982065449 0.2971547385198708 2.983067709493326
2679 -0.1029458909774132 0.2736454515635242 2.985719395785455
2680 -0.9583679641752194 0.6665300349297041 2.763560847489928
2681 -0.9767597575428472 0.6877282237637005 2.751903026322633
2682 -1.000854168997368 0.6802206620892582 2.745103055126972
2683 -1.006562476299974 0.6515189749407018 2.749973637436745
2684 -0.9824699954322127 0.6589086935200846 2.756917126371245
2685 -1.313034013514056 0.5779911824360087 2.634742467942814
2686 -1.326676304587178 0.5933424396163657 2.624476087183308
2687 -1.349986380294095 0.5886642109142258 2.613620328167268
2688 -1.359660439152433 0.568637561932305 2.613039382283302
2689 -1.336398887230451 0.5734076038712563 2.62397441565878
2690 -1.170570627781069 0.6087403767161588 2.694290177232531
2691 -1.18427187274078 0.6283770752041825 2.683773906794848
2692 -1.208164344723165 0.6239627090968324 2.674137141920022
2693 -1.218355669080025 0.5999116827912615 2.675016903959884
2694 -1.194500390368375 0.604287894706366 2.684772794431802
2695 -0.8061308580662112 0.7041791012028651 2.802549702164541
2696 -0.8187372670583924 0.7190802392330355 2.795101589759183
2697 -0.8433018699455506 0.7120497878590962 2.789592632582068
2698 -0.8552395839508387 0.6901001218803436 2.791473996981582
2699 -0.8307507402491321 0.6973295780821863 2.79706715455801
2700 -0.179964617357564 0.4136964477909962 2.965884014182695
2701 -0.2237170629668236 0.4794549797683014 2.952977073753347
2702 -0.273119013336439 0.5411067835216323 2.938130264876118
2703 -0.6554110790230071 0.7427844724421836 2.831732251642567
2704 -0.6681489119249469 0.7684448946381601 2.821891116857285
2705 -0.6935182183491222 0.7649535941295944 2.81671412813691
2706 -0.7061398732926814 0.7357904403165975 2.821343457873377
2707 -0.6808480798847748 0.7399219145571529 2.826475093199177
2708 -0.3674882070610405 0.6354072267794354 2.908815922987828
2709 -0.3661170502621192 0.661103337544073 2.903256909506193
2710 -0.3865301355253984 0.6521971105957787 2.902625257118328
2711 -1.654429420212333 -0.1713520628201246 2.496698172407545
2712 -1.671590058025772 -0.1869224419270791 2.484118893815957
2713 -1.651365797585353 -0.1980577752604965 2.496750712470941
2714 -0.8083235056244529 -0.8624664436804316 2.757311143810256
2715 -0.781280974857958 -0.8794053394951324 2.759754751276361
2716 -0.787920517672709 -0.84913408116232 2.767336728704874
2717 -1.562221136466983 -0.5623167345402902 2.498652639090066
2718 -1.541587593516911 -0.5573691059449527 2.512538033792297
2719 -1.554772792914488 -0.5387049732969991 2.508481316286403
2720 -0.3737522104284783 -0.6863022077301876 2.896428587910377
2721 -1.876989520419352 -0.6458628553627579 2.249393587680599
2722 -1.881614229750173 -0.6061023419810743 2.256583222805381
2723 -1.917465296238627 -0.5565818270607543 2.239094349844648
2724 -1.948686330153912 -0.5468202272219518 2.214409453053389
2725 -1.913270113363435 -0.5964781905644344 2.23240033181579
2726 -1.937328230850197 -0.4550448426698626 2.244926171861874
2727 -1.924889111324392 -0.4747045853840579 2.251545572650072
2728 -1.911618826163431 -0.4641420740227589 2.265013377130342
2729 -0.1711504763333908 -0.05718170229788269 2.994568043537025
2730 -0.145631138386317 -0.06218936560451046 2.995817760535179
2731 -0.1285181464627836 -0.04255575003170758 2.996943792293911
2732 -0.136924489356005 -0.01791447145177025 2.996820107368342
2733 -0.1529567520967372 -0.03850139167169345 2.995850776461899
2734 -0.4989174932525448 0.7242164771615786 2.868203589206015
2735 -0.5051934838240965 0.7514682183515387 2.860083051365683
2736 -0.5229243831115402 0.7322497443929433 2.861880570775777
2737 -0.08104089045727911 0.08423615148852573 2.997721909193094
2738 -0.05243759093319297 0.09215776322975439 2.9981256220735
2739 -0.07423556534387911 0.1094208867914924 2.997084608477352
2740 -0.8089187361401496 0.737625051869142 2.793127236839823
2741 -0.7864820617881229 0.741258351302819 2.798567852153906
2742 -0.7906069959287637 0.7621381525725293 2.791789034719821
2743 -0.3373631292590216 -0.4038121608045464 2.953493161969894
2744 -0.3562971514044055 -0.377099446984144 2.954800898027709
2745 -0.3682847254233576 -0.4003421903147253 2.950269901496108
2746 -1.419766505892402 -0.02102469402648489 2.642692004564129
2747 -1.244647041505107 0.5954228925542044 2.663892888442583
2748 -1.260729547549261 0.6149769266535566 2.651860552069052
2749 -1.284326721659403 0.6105609638975242 2.64153746545381
2750 -1.291869141112744 0.5866047419080035 2.643287536196481
2751 -1.268302067760931 0.5910312642448565 2.653694012051592
2752 -0.3427049665838769 0.6442153914145403 2.909903750185452
2753 -0.078214020389688 0.1951014782698259 2.992627270508543
2754 -1.362837039129142 0.6081273801935344 2.602471189895608
2755 -1.385332444120327 0.6075505712645282 2.590701897676332
2756 -1.372564390053918 0.5881230064304218 2.601956633855214
2757 -0.07217177264914812 0.314726646958137 2.982572442192673
2758 -0.08298812764558866 0.3394962968204879 2.979572995433247
2759 -0.09852000821108597 0.3183378828137426 2.981435023666918
2760 -0.4781705641923144 0.7413054706881038 2.867371463669801
2761 -2.099351843110587 -0.6757408626827476 2.033739443815003
2762 -2.155472150430832 -0.661590541563263 1.978948651186057
2763 -2.163929751691813 -0.7308823578527538 1.945049873068197
2764 -2.115450405795166 -0.8140854252132603 1.965231411583993
2765 -2.108113563549215 -0.7451550587208661 2.000150279764632
2766 -0.1027581792582972 -0.052338877615371 2.997782747045803
2767 -0.08540663412301938 -0.03748189049727967 2.998549785268293
2768 -0.1111702090157789 -0.02769911837335555 2.997811525674809
2769 -1.799445938116319 0.3993211252986555 2.366967882056471
2770 -1.76540038685242 0.3921769409852808 2.39364966548172
2771 -1.766509853955582 0.4484500658386876 2.382925822246069
2772 -0.6285853995355831 0.7315556482350729 2.84072292366328
2773 -0.6145381085404974 0.7460324831825031 2.840031416584685
2774 -0.6413806114686444 0.7572829606193145 2.831104630491031
2775 -1.487217019843975 -0.53727660420456 2.549415498984193
2776 -0.5774293794675471 0.00330077753896472 2.943902922413604
2777 -0.555308729833634 -0.01306773697356265 2.948128465454134
2778 -0.5518588984512073 0.01383174367353102 2.948772700475093
2779 -1.931470998493917 -0.36566021739245 2.266211020049416
2780 -1.940717608047319 -0.4005446390032372 2.252371896020029
2781 -1.897916654255109 -0.3774673161772218 2.292472638597691
2782 -1.909989092778819 -0.3541075437434023 2.286164804411519
2783 -1.919423043892111 -0.3890271837674705 2.272547695619587
2784 -0.5348625397950598 0.8502471076618293 2.826836026273309
2785 -0.5583442675256881 0.8361660725813723 2.826495706344704
2786 -0.5349219575474427 0.8217570796323379 2.835237873866626
2787 -1.431482292843438 0.5998044151399122 2.567312429147329
2788 -1.455115435664593 0.5926258661986183 2.555666968054128
2789 -1.441662993588521 0.5748681751017163 2.567320469706228
2790 -0.4652354194336394 -0.1719787596828289 2.9587124413708
2791 -0.4502271478024639 -0.1877188029040791 2.960077223049749
2792 -0.4312196242471601 -0.141944396762032 2.965451301891838
2793 -0.4557369636904299 -0.1490932819781656 2.961431244043192
2794 -0.4407389091598424 -0.1648374477495429 2.962866488684904
2795 0.9593007333373833 0.000391243233001706 2.842488689502051
2796 1.065702457751124 0.03547340841275785 2.804107684957693
2797 0.9727736133667764 0.09864382496630965 2.836191265224079
2798 -1.224272596448432 0.6435301556825912 2.662146793156334
2799 -1.250546816611844 0.6390328194334369 2.650994099417978
2800 -1.234519706782417 0.6195065364145008 2.663113355624497
2801 -0.3201605971753195 -0.1564057420617396 2.978763910729828
2802 -0.3382721386718116 -0.1545536383211442 2.976858265534336
2803 -0.360626345272314 -0.1709349377349569 2.973336490570329
2804 -0.36486828509428 -0.1891680325063199 2.971714419322632
2805 -0.342529309862059 -0.1727948329295959 2.975368148246239
2806 -0.8896703280409144 0.2034304903738959 2.857814329691453
2807 -0.8892892562691325 0.1733337920395797 2.85991608534612
2808 -0.8459840568572509 0.2070657807689545 2.870789915333041
2809 -0.8680071852672311 0.2202937200024652 2.863220949080237
2810 -0.8676780600943037 0.1902089195325163 2.865476461421601
2811 -1.291514067417114 0.1201003537764404 2.705100241892429
2812 -1.29023256864496 0.1404199690890234 2.70473328649774
2813 -1.314678184863779 0.1293920276821137 2.693488253810584
2814 -1.297962131608927 0.6259090611592892 2.631260563317116
2815 -1.319147046044834 0.6173044293813682 2.622744042482478
2816 -1.305557570871063 0.6019775848233777 2.633086101233962
2817 0.2750654585609466 0.5072306083104841 2.943986430590269
2818 0.2277703390865811 0.5552280965411099 2.939360888602098
2819 0.1612288532424979 0.5447267888966937 2.945721979810791
2820 0.141996362276936 0.4862736490327461 2.956919845270834
2821 0.2085860155830729 0.496881443125363 2.95120326402314
2822 -0.8602181673252052 0.7286120124265715 2.780134752121085
2823 -0.8890411176102061 0.723197099965497 2.772470350752175
2824 -0.9009477457762802 0.701222028801385 2.774271224250489
2825 -0.8840637142465519 0.6846871624026651 2.783816595753674
2826 -0.872176723327133 0.7066783968485201 2.782069985948224
2827 -2.314713354692005 -0.3272070207131096 1.880169580438566
2828 -2.337325693266018 -0.2452340648574462 1.864609572278342
2829 -2.41051894697318 -0.2634574975576964 1.76634893304351
2830 -2.457827966794288 -0.3634051784164241 1.681373950655827
2831 -2.388472872092734 -0.3456330266314982 1.782059244295384
2832 -0.8281391483485611 0.2486631941129885 2.872690753782252
2833 -0.8260523647815541 0.2212510639200409 2.875532204193347
2834 -0.8041482785866445 0.208897078632808 2.882656336885272
2835 -0.7843435196743193 0.2239581555946947 2.886979041781828
2836 -0.8061843825692081 0.236479580298377 2.879955581151107
2837 -0.9627060574410004 0.3144001340877521 2.823889091776093
2838 -0.9621386138005256 0.2859250302376606 2.8271073847517
2839 -0.9398799155065174 0.2752104023479951 2.835645425448484
2840 -0.91818955163746 0.2929710856668995 2.840967421535657
2841 -0.9404018628843513 0.3038699463312926 2.832544331868481
2842 -1.110716602508152 -0.6862121773609698 2.701003790547926
2843 -1.096073419483352 -0.6639574102266982 2.712523477595563
2844 -1.101143011052216 -0.6314920123111183 2.718216677823553
2845 -1.120901685955051 -0.6213085782603432 2.712481347586234
2846 -1.135634835419342 -0.6436136800492791 2.701128458891858
2847 -1.130518289019898 -0.6760535086612403 2.695344143447798
2848 -1.115894799873826 -0.6538104026627126 2.70690058055049
2849 -0.3731508039730863 -0.1467309181542133 2.973084007415845
2850 -0.3899185239766985 -0.1407605569283742 2.971220289758577
2851 -0.377409612657231 -0.1649714268033184 2.971589879611989
2852 -1.097585520201617 0.6250244667986767 2.721148735689906
2853 -1.110623488364799 0.646659667911002 2.710783418310957
2854 -1.13474585338423 0.6419061705756248 2.70190827312924
2855 -1.145818509159364 0.6155104758261231 2.703376924924845
2856 -1.121722012390997 0.6201001534402646 2.712418759450844
2857 -0.7822939005973879 0.1972156193840857 2.889484772854683
2858 -0.8481050371058649 0.2344871110562586 2.868053981497585
2859 -1.413806546656367 0.07766738522167604 2.644828695001705
2860 -1.394888540495385 0.07286845873812506 2.654990799855206
2861 -1.390308483104793 0.09272637015029975 2.65677325755993
2862 -0.9377142591104027 0.2494711830905871 2.838741991986663
2863 -0.9138715328394886 0.2414962259821672 2.847194829003096
2864 -0.9160690619635322 0.2672448086681886 2.844186647523886
2865 -1.00443787663514 0.2875747704160938 2.81218870337693
2866 -0.9830013270405623 0.2725114934539174 2.821248992374124
2867 -0.9836120042400096 0.3009994895238077 2.818138877419166
2868 -1.369950290111342 0.4060360743664284 2.637872420898507
2869 -1.391199727408293 0.4031622103436904 2.627170255352683
2870 -1.377112629996919 0.3847461359029602 2.637334111410746
2871 0.1920041526916149 -0.4206777430583533 2.96414652840316
2872 0.2487801121419533 -0.3758682831226591 2.965945294428921
2873 0.1916239930163525 -0.3578116918831983 2.972415017868829
2874 -2.098381711572883 -0.2947187671738088 2.123660764060967
2875 -2.062964173400584 -0.3360023582428727 2.152041178630389
2876 -2.046698048973216 -0.2876887866607251 2.174456773164027
2877 -0.9252021421728359 0.6936075893897647 2.768196074713587
2878 -0.9325724796203071 0.6694582709939277 2.771666320763134
2879 -0.9083556425735135 0.677117506945067 2.777841231674942
2880 -0.5720277435403185 -0.04869288855623886 2.944556547805496
2881 -0.5525990462941802 -0.03906407481976082 2.948407755398367
2882 -0.5747513069153275 -0.02269693586504702 2.944341315863611
2883 -1.14843477038363 0.6615360226060005 2.6913691067872
2884 -1.173208744805899 0.6547775179733697 2.682321316149055
2885 -1.159568108280436 0.6351740659157685 2.69294554498359
2886 -0.9510270654413736 0.6907013358343986 2.760159268135545
2887 -1.241644261706534 -0.6378613491645104 2.655457103139357
2888 -1.266224308903147 -0.6213609297475223 2.647751233504772
2889 -1.300658120340235 -0.6453665930582868 2.62522197433995
2890 -1.310323558466255 -0.6857847067516306 2.610124806999449
2891 -1.27619218038812 -0.6619336160313622 2.633092745553005
2892 -1.389829790189818 0.03280441411936846 2.65843883223128
2893 -1.382889144836751 0.05043643255742591 2.661780189903659
2894 -1.401887800549735 0.05523846557099312 2.651727607917373
2895 -0.2760207560781632 -0.7133719614465351 2.90084694302129
2896 -0.3009332292345094 -0.7406474325000956 2.891518731095046
2897 -0.2843697995774224 -0.7829424820133443 2.882036586677393
2898 -0.2428729810719575 -0.7979101451223825 2.881727279840339
2899 -0.2179646807456985 -0.7706518695436331 2.891122116742274
2900 -0.2345477116618759 -0.7284057681293371 2.900760660225191
2901 -0.2594780461289392 -0.7557345501340264 2.891632140039744
2902 -0.0098035598135046 1.437399684889799 2.63320831612193
2903 -0.1296867536996194 1.371515933546161 2.664981311368591
2904 -0.0756195085158171 1.316605857144089 2.694592864769315
2905 0.04936448351844959 -0.1090807940520553 2.997609802515319
2906 0.008755133972954576 -0.1011328114739219 2.998282091810658
2907 -0.01986733235217239 -0.127997071611754 2.997202368670494
2908 -0.007881702266032414 -0.1628129224575332 2.995568365277318
2909 0.02074318805785643 -0.1359585561610818 2.996845840405507
2910 -0.7088294767279817 0.05763621038596783 2.914487749189191
2911 -0.6891432708579323 0.04134773160180812 2.919481446648123
2912 -0.6635240520428776 0.04525325379846549 2.925352624108972
2913 -0.65760934284148 0.06544793006530654 2.926305951307512
2914 -0.677315740139028 0.08173846782821313 2.921397304550858
2915 -0.7029169227783593 0.07783170751419997 2.915450226804983
2916 -0.6832477771925585 0.06154482755771961 2.920511035617281
2917 -1.784754840552859 -0.7429395350765126 2.294055580482616
2918 -1.828742738150073 -0.7143484308263958 2.268348808503498
2919 -1.823569736995326 -0.787605085359356 2.248170732802756
2920 -0.6458401653280508 0.9060420106215802 2.786032726986142
2921 -0.6844961996977308 0.9032490040147109 2.777698001825576
2922 -0.6705192976989512 0.8679410871431432 2.792325579272962
2923 -0.280241937807543 -0.1607194402596035 2.982554897703731
2924 -0.2584297195660327 -0.1631783616092063 2.984390541190538
2925 -0.2671460515859002 -0.138999838501229 2.984847070122471
2926 -0.3482814711424564 -0.3507746542076693 2.95899597141063
2927 -0.3213463351614424 -0.3511761588373988 2.961994570950885
2928 -0.3332925764995253 -0.3275993713627215 2.96337556012279
2929 -1.894993931962272 -0.03063067824853575 2.325523545220775
2930 -1.935880174582923 0.01149974040472683 2.291775666514376
2931 -1.950151201928185 -0.03964819656122193 2.279328477891569
2932 -1.520620209173235 -0.02506312271694454 2.585940064915198
2933 -1.518306125419267 0.008356835529531426 2.587407326420458
2934 -1.54206176422102 -0.01106573090991215 2.573309749122127
2935 -0.7489265554357912 0.7321131169333999 2.811248725847135
2936 -0.7338176298151364 0.719344253904689 2.818520095820997
2937 -0.7212700700317104 0.7485833624722258 2.814141509502717
2938 -0.577819860678372 -0.8161791313603964 2.828422852781638
2939 -0.7043053104465907 0.00283865525065894 2.916152597466926
2940 -0.6868720579632437 0.01394861826304215 2.920276050656494
2941 -0.7065991616817887 0.03023882005190198 2.915442202903783
2942 -1.812501232102477 -0.3114322724787175 2.370200249617265
2943 -1.828136487570448 -0.3283325478007779 2.35586814590041
2944 -1.806786145227568 -0.3371139759762117 2.371049976827822
2945 -1.439458283698 0.2812800548648627 2.617029113370432
2946 -0.4277170143893875 -1.153581505755958 2.736111815182202
2947 -0.4953105330312311 -1.10966799380843 2.742864272869785
2948 -0.5463135223232981 -1.231352613567357 2.680543280081027
2949 -0.4532786457243808 -1.214623784125264 2.705407091801065
2950 -0.520949925247479 -1.170859366105247 2.712507976059843
2951 -1.161186710683211 -0.6580746507573302 2.68674211210591
2952 0.06620498811220364 -0.07867597027233585 2.998237314031491
2953 0.04243289274582143 -0.04031894637613727 2.999428917673552
2954 0.001821919358913895 -0.03236770386618058 2.999824830278641
2955 -0.01501525133162549 -0.06277365468698623 2.999305588049455
2956 0.02559732822787615 -0.07073177953636882 2.99905681709287
2957 -0.1842367088801429 0.7476528649609764 2.899495133401099
2958 -0.1930894893030528 0.7088235381731002 2.908657016709336
2959 -0.1494128765012683 0.6682837007079607 2.920800008166203
2960 -0.09685985654091539 0.6664951848251677 2.923423051286922
2961 -0.1405739925432152 0.707222049858856 2.912056992027096
2962 -1.239304768906496 0.3273112115592387 2.712377381662301
2963 -1.227593756178093 0.3479682556600305 2.715130137368277
2964 -1.24158060166236 0.370286551256104 2.705802187805789
2965 -1.267239508429904 0.3719359890293277 2.693653216050483
2966 -1.253339310015818 0.3496422071061119 2.703126134862937
2967 -1.663585965661452 -1.102427212415253 2.23989642085981
2968 -1.653368695842508 -1.019487668969278 2.286267011621265
2969 -1.7253652412107 -1.009615623386551 2.236915527559262
2970 -1.222579303403752 0.3909337545965035 2.711543959888144
2971 -1.229274019319416 0.4132416730687554 2.705201786385929
2972 -1.248327320540641 0.392611107281412 2.699543557572481
2973 -1.027448325116882 0.639744650311596 2.745009421042523
2974 -1.042661381341651 0.656693846121442 2.735253267309071
2975 -1.066761656431513 0.6502231334197482 2.727495086179496
2976 -1.075646341140106 0.6268016099551688 2.729487990548687
2977 -1.051516219372135 0.6328929639264398 2.737473312492697
2978 -1.896663606318058 0.07214867337099733 2.323243795515094
2979 -1.936513853811181 0.06288395876839017 2.29040601241941
2980 -1.896110222108366 0.02076329566549524 2.324722544986663
2981 -0.2557180254560139 -0.2074569016565616 2.98187355959503
2982 -0.2461684003161395 -0.1865475357427454 2.984057830470801
2983 -0.2679907023852278 -0.1840955136263821 2.982329597026075
2984 -0.965584849096629 0.1669390379816089 2.835450097743358
2985 0.1590444190940168 0.9109975914008113 2.853907542513767
2986 0.158952694321476 0.9891896075182036 2.827762005782298
2987 0.08636390784813969 1.009790550476515 2.823626094154382
2988 0.01382691996775814 0.9519312144894664 2.844931594812925
2989 0.08646906404691838 0.9317712680815552 2.85032022849022
2990 -1.356876325304181 0.4260583171725407 2.641469467587525
2991 -1.365083032315598 0.4432161877040208 2.634408420469606
2992 -1.378199826566893 0.423207171836669 2.630866953640376
2993 -0.187475175455458 0.6395554341418452 2.925033658823019
2994 -0.1730188879070696 0.6091528786501782 2.932404684701551
2995 -0.1204890914621411 0.6074363726285473 2.935388122897294
2996 -0.08239678477097673 0.6360538292365723 2.930639229958696
2997 -0.1349559683800935 0.6379055118574939 2.928286776349001
2998 -2.020121881325417 1.169896036658034 1.884264006980467
2999 -2.115972011718533 1.128080135584533 1.802802721687374
3000 -2.151227039202664 1.020383164580797 1.825113811038483
3001 -2.089217178260881 0.9537743644043233 1.930151818864198
3002 -2.055899649088035 1.062450685807074 1.909050856605913
3003 -1.105830463297483 0.2688316812715691 2.775764491737001
3004 -1.126022847335076 0.2774247833588919 2.766786590407305
3005 -1.12598870148376 0.2508220423649858 2.769338864638052
3006 -1.365435595531567 0.04293815327436808 2.67090657819564
3007 -1.046821054298988 0.3117475309581439 2.794097198956732
3008 -1.067789218094482 0.3208633596943329 2.785116315367608
3009 -1.087712006896078 0.3067306517162449 2.778992424846069
3010 -1.086674185082472 0.2834844081801648 2.781865526188152
3011 -1.065717751114984 0.2743716454934245 2.790871884395207
3012 -1.045787335044936 0.2885022766345989 2.796979672117097
3013 -1.066791060460442 0.2976280302038244 2.788077184899779
3014 -0.7836953238087316 0.7078130936307349 2.807992568352918
3015 -0.7738654083821452 0.7263475397723831 2.805984957403753
3016 -0.7963291019806933 0.7227392312634232 2.800626352252542
3017 1.00262898725775 -0.740427957523168 2.728827871747972
3018 0.9034218505915955 -0.7560930646716617 2.759012909978688
3019 0.9921008446112722 -0.8513590518322526 2.700171046245939
3020 -1.622390804320468 0.2831131942151832 2.507527666311512
3021 -1.596309994899318 0.2517722427749288 2.527529453429301
3022 -1.569572560817967 0.3256931485449406 2.535816623756184
3023 -1.608956981924557 0.3200599588060448 2.511736262644885
3024 -1.583122319753776 0.2887650603006555 2.531864621311136
3025 -1.871822260595104 -0.3822961215845372 2.313035040841806
3026 -1.857797792245994 -0.3637646203543609 2.327286545336513
3027 -1.869950000077386 -0.340419335644619 2.321077696487099
3028 -1.896048036120764 -0.335590827345408 2.300517472510091
3029 -1.884011381056334 -0.3589579532597285 2.306870239922868
3030 -1.150190876672329 0.3307367392390989 2.750940594876092
3031 -1.148199566293566 0.3083764400277387 2.754367754530808
3032 -1.127069049455812 0.3006733152312461 2.763930338352728
3033 -1.107914314074451 0.3153265934101328 2.770035200526755
3034 -1.109902561193875 0.3376862396644846 2.766601581037019
3035 -1.131048591561243 0.3453935474789241 2.757069527757189
3036 -1.129096817688683 0.3230443721439797 2.760576517670067
3037 -0.4704111571643129 -1.417958470195715 2.601558594384443
3038 -0.5550761230292863 -1.333403244330052 2.629434594290732
3039 -0.7158461461804623 -1.333763189478824 2.590104254540704
3040 -0.7917785097113685 -1.418341242141925 2.522180586793607
3041 -0.6324564948263777 -1.417285044570206 2.567353089193141
3042 -2.391398058828704 1.333129912309158 1.226368607367656
3043 -1.049871356850096 0.3582553541738097 2.787368514436427
3044 -1.069314803408615 0.3441174105759901 2.781752875247848
3045 -1.048383644978939 0.3350133617703268 2.790816686988957
3046 -1.712008741176717 -0.6086717715008094 2.387162488125301
3047 -1.697564544797316 -0.6329595434769808 2.391158052611432
3048 -1.673223258457016 -0.630018044203284 2.409024946183986
3049 -1.663285524555731 -0.6027729017614518 2.422838437185907
3050 -1.687733430189189 -0.6057533155638367 2.40512344575185
3051 -1.065768505943117 0.2527348265211212 2.79289502115692
3052 -1.045905175092744 0.2452325687996946 2.801061111777841
3053 -1.025969250029505 0.2593615195325585 2.807154912038104
3054 -1.025902523319468 0.2809940890419242 2.805096492916108
3055 -1.045878010729757 0.2668754481561583 2.799092117427259
3056 -0.1959319947634711 0.9200938333026722 2.848690574868812
3057 -0.1273076388869852 0.9068789057394595 2.85681000687932
3058 -0.0682831222948619 0.9749240869064542 2.836346318766325
3059 -0.07786623681931906 1.05592950107803 2.80694669310208
3060 -0.1369707340885101 0.9884884261598224 2.82915705632461
3061 -0.2880738001831122 -0.6040787122147421 2.924397783321728
3062 -0.2608321743225239 -0.5932800115087042 2.929161211811739
3063 -0.2599190957679549 -0.5633390144205763 2.935147563324001
3064 -0.2862427439668236 -0.5441845564003831 2.936312016816616
3065 -0.2871737983666985 -0.5741628364908841 2.930506482969179
3066 -0.2452697670044355 -0.6515591120641367 2.918101003200503
3067 -0.239435696084267 -0.6170339863117235 2.926079220933176
3068 -0.2666878381253351 -0.6278567631041786 2.92141634862619
3069 -0.0009495626821189358 0.2651189792367514 2.988262208237285
3070 -0.03115361116345748 0.2775433772212907 2.986971564356125
3071 -0.02315021471498597 0.2481835874768777 2.989626895528229
3072 -1.02179843392154 0.6684836087290649 2.740265977108072
3073 -1.053033019757015 0.2055778694644184 2.80158155313885
3074 -1.039533390096059 0.2216531579246952 2.805394840028299
3075 -1.059442661764169 0.2291653212193503 2.797331675362163
3076 -1.183019077945545 0.4029832514817273 2.727282596329557
3077 -1.199452205067196 0.3858046702798826 2.722585015045384
3078 -1.194652627698233 0.363450253092978 2.727766304627351
3079 -1.173421928063376 0.3582750356019812 2.737648622012041
3080 -1.178263949471837 0.3806431384803835 2.732545492119543
3081 -1.088733262997981 0.6484653892281771 2.719219101325768
3082 -1.31776236710545 1.02307820992823 2.493353829726277
3083 -1.377503883184795 1.069814485579746 2.440897379705782
3084 -1.43902713849096 1.041324449901704 2.417611276595854
3085 -1.441127171402146 0.9663454109195504 2.447310569306882
3086 -1.379843818643603 0.9950065801435412 2.471030744774758
3087 -0.06439369491864923 -0.1721652147557008 2.994363470068864
3088 -0.03014489099008026 -0.1848968113433508 2.994145029002813
3089 -0.054113968964068 -0.1152606629887166 2.997296558222152
3090 -0.07637630823204246 -0.1373440310659667 2.995881051822884
3091 -0.04213220310369079 -0.1500900016926576 2.995946906881617
3092 -1.080163510839366 -0.5929507157961577 2.735261639859704
3093 -1.080781134395105 -0.6173173449874692 2.729621115670314
3094 -1.061496963333343 -0.6349654990824852 2.733137942330943
3095 -1.041609907818105 -0.62825574852653 2.742324472847538
3096 -1.060549010154772 -0.6101623907744644 2.739149074793872
3097 -1.319557294882068 0.4352228325502693 2.658824859134282
3098 -1.334113456703898 0.4220616482383992 2.653677683843285
3099 -1.315578952387558 0.4103077042845585 2.664751321950998
3100 -0.2011140218257493 -0.3121117586246451 2.976934564338508
3101 -0.1706872534495135 -0.3211433589094034 2.977873873174995
3102 -0.1517357906395611 -0.2947395160395013 2.981627888842568
3103 -0.1632049700129528 -0.2592896985849342 2.984314492470725
3104 -0.1936259846780487 -0.2502485807488596 2.983267441227929
3105 -0.2125841959513087 -0.2766654238994543 2.979641623224221
3106 -0.1821702617883387 -0.2857181613674712 2.980801759256184
3107 0.5143925428544392 -1.088931704356314 2.747658649669459
3108 0.6106558941336121 -1.043381004583173 2.745624784677412
3109 0.6262293109972776 -0.9274667518319364 2.783458689166087
3110 0.54529870751438 -0.8567828501377536 2.822866002362311
3111 0.5302964431881158 -0.9737078588512267 2.787593709268514
3112 0.2044992858155101 0.2503717025896717 2.98253148393161
3113 0.1624757396312325 0.2245851604038868 2.987166406438992
3114 0.1518144791106314 0.1692125422121807 2.991374179117427
3115 0.1831846723530801 0.1396395863476358 2.991144289689074
3116 0.2252391354534394 0.1654490936223518 2.986953954998257
3117 0.2358913555903568 0.2208152236887305 2.982548558757265
3118 0.1938796035171574 0.1950404538146446 2.987368393873747
3119 -0.647605018553396 0.9981877933024634 2.753947869740168
3120 -0.6274427655594083 0.9535834935474944 2.774345706068535
3121 -0.5583392814208813 0.9251547478980763 2.79863286968192
3122 -0.5094102485664455 0.941347548241654 2.802564181615632
3123 -0.529800173728747 0.9863750911219121 2.783231207702879
3124 -0.5989253521939902 1.014805648031887 2.758887079824378
3125 -0.5787254400809404 0.9701478182483571 2.779188744175371
3126 -1.10058803920678 -0.6071598886923585 2.723979228540126
3127 -0.6228402177064553 0.02146554175704809 2.934554360328745
3128 -0.6461444982822354 0.02326224622985596 2.929497594339333
3129 -0.662678136459153 0.004726330833743997 2.925890522431739
3130 -0.6559161335894956 -0.01560596386526789 2.927376040003888
3131 -0.6394014752112884 0.002929801112641874 2.93106758191671
3132 -1.397449500353398 -0.5213421722054546 2.602947796910675
3133 -1.411153733279507 -0.5036248845896539 2.599039652770494
3134 -1.418654068427813 -0.5312551365644697 2.589437895375574
3135 -1.133509128634863 0.1336801770625667 2.774398433095354
3136 -1.155246732945875 0.1376404804998392 2.765223333502315
3137 -1.153177130244692 0.1145546283628121 2.767139270691173
3138 -0.5869028469316986 -0.2095768170575093 2.934556628524233
3139 -0.7669583899222085 0.9096728473640996 2.753955362546101
3140 -0.8107018274350906 0.9188114197480169 2.738347699240189
3141 -0.7847999621482029 0.8787907741411584 2.75895193772863
3142 -1.091802325959697 0.3530554722508203 2.771880140724477
3143 -1.094853387079735 0.3761336171592847 2.767637903130159
3144 -1.11299416437069 0.3607775964540898 2.762441585983964
3145 -1.489991112988679 -0.6504037471247873 2.521289640033607
3146 -1.459656021222981 -0.6648980730011976 2.535214951878201
3147 -1.465753657491798 -0.6280741440425167 2.541080298836437
3148 -0.666223455603117 0.1019476738265683 2.923311987969397
3149 -0.6807485716678952 0.1182522602384124 2.919348863209162
3150 -0.69185438793194 0.09804503515268272 2.917486020014703
3151 -0.2350744096590329 -0.2268601403375043 2.982159368419049
3152 -0.2048696219792771 -0.2253440624303225 2.984501380719645
3153 -0.2255290619702886 -0.20595501625228 2.984412701602666
3154 0.3327127690346889 0.1801657642641862 2.976044776327865
3155 0.2896415389700325 0.228188615075946 2.977253387747303
3156 0.2682987125270618 0.1174285496050632 2.985670165405745
3157 0.3220160605396328 0.1247768269895723 2.980056442452214
3158 0.2790217152016483 0.1728390911252637 2.98199153771853
3159 -0.1201020715214333 -1.214296984550083 2.740631008678263
3160 -0.1580682254788458 -1.275335601891375 2.710817872643297
3161 -0.09413697561105387 -1.392511082113543 2.65556982887172
3162 0.007937771956031308 -1.44743898427113 2.627709530863054
3163 -0.05609161217776226 -1.33241213157332 2.687290762585906
3164 -0.1811686967706798 -0.6730134218486744 2.917915495233189
3165 -0.2161362057799312 -0.6795490587426897 2.914017538950817
3166 -0.1830099999244574 -0.7641820763170778 2.895260453597115
3167 -0.1646190737352195 -0.7153907247227931 2.908799867908268
3168 -0.1995974757134741 -0.7219530967054872 2.904986157255516
3169 -0.2264122688849305 0.6043917723859579 2.92975221989344
3170 -0.2141728929625319 0.6371782576160075 2.923719179391462
3171 -0.2450293212592873 0.6259069668776261 2.923730681943408
3172 -1.82087947304209 -0.2807521066108557 2.367609807229123
3173 -1.844829588209216 -0.2669618269887032 2.350603150980333
3174 -1.860458205316931 -0.2838616014420983 2.336261513079311
3175 -1.852143929256515 -0.3145526339091743 2.338935549736041
3176 -1.836587107934279 -0.297664039387184 2.353368631265681
3177 -0.7956677344169624 1.426838595350333 2.51615668813102
3178 -0.7238874936005559 1.351213247983918 2.578800041701848
3179 -0.5632733390821111 1.351110980597876 2.618629844706413
3180 -0.4744887810105011 1.426730603151672 2.596016213879574
3181 -0.6364435329605961 1.425940344938609 2.561568613570403
3182 -1.206129387637977 0.4083723363219333 2.71633649152733
3183 0.05196730495934732 -0.7326274200138378 2.90870357077842
3184 0.121568871470842 -0.7011249633395489 2.914385835003907
3185 -0.005959074889763685 -0.6567623653952914 2.927221837310394
3186 -0.01179392016931398 -0.7103270417265793 2.914669174578653
3187 0.05782004373878147 -0.6791167773527348 2.921550486515693
3188 -1.838809904840388 -0.4367805433842996 2.329807050118486
3189 -1.855571702166251 -0.449692796795426 2.314007356649963
3190 -1.845596742488138 -0.4594629652399036 2.320057423360492
3191 0.5650191606125513 0.0804341206659409 2.945213693498892
3192 0.5133406838352396 0.0363889434401594 2.955529933381639
3193 0.5103493744754611 -0.04457311037861659 2.955935850759228
3194 0.5590828208646397 -0.08149130058745147 2.946317288980024
3195 0.5622731528027811 -0.0005281555295452872 2.94683705397651
3196 -1.105748024910641 0.7509295111050613 2.685782227723932
3197 -1.135945602239388 0.7383782168224247 2.676644391336871
3198 -1.151928975062031 0.7066162174269508 2.678386297321909
3199 -1.1377908080261 0.6874529239770232 2.689394086869151
3200 -1.121866827721958 0.7192540057429909 2.687766451178326
3201 -1.106912061155258 0.2920895726298103 2.772982035720743
3202 -0.1039830018020273 -0.283372243480789 2.984775989410412
3203 -0.1221207725269725 -0.3067713138500603 2.981774283529208
3204 -0.09861433743087107 -0.336910221066633 2.979390326122763
3205 -0.05695599297575475 -0.3436167699964409 2.979711987800391
3206 -0.08047582063726696 -0.3135201200024734 2.982487011982851
3207 -0.6569631142895828 0.1478093752176232 2.923448623639675
3208 -0.67611572455291 0.1411825965003811 2.919406618040334
3209 -0.6616143430862244 0.1248824882901864 2.923468971126774
3210 0.5175299277847406 0.794391371666134 2.846244037757395
3211 0.444661080702411 0.7395553530757158 2.873209773588698
3212 0.4282743450397389 0.6335317844364624 2.900899612790752
3213 0.4848954676238563 0.5826037972117594 2.902662433172738
3214 0.5016120564203875 0.6890113011915477 2.87639510006606
3215 -0.2238382684577388 -0.2517731162494253 2.98102444262168
3216 -0.5871084573879192 -0.9439550685048469 2.786440827993228
3217 -0.6199269499907063 -0.954269386983462 2.775799076615854
3218 -0.6227513426062888 -0.9982014037130257 2.759669314049676
3219 -0.5926848460534085 -1.031709214971593 2.753960923651849
3220 -0.5598731084012357 -1.021410811208977 2.764645014687158
3221 -0.5571170676473857 -0.9775862648979597 2.780997243367715
3222 -0.5899748192220658 -0.9879652762182366 2.770533220459722
3223 -0.9215566880170014 0.2046924643642662 2.847601493503544
3224 -0.9057801568632038 0.2191035671136995 2.851588317817094
3225 -0.929669182359415 0.2270900552520441 2.843263146136284
3226 -0.6966884005160087 0.1562665344248944 2.913795813506032
3227 -0.6981044728649896 0.1779764837253021 2.912211276024916
3228 -0.7177154650302081 0.164341404492357 2.908242839589905
3229 -1.709615346696133 -0.01320037170090955 2.465165535319691
3230 -1.685897340842673 0.01059232539279579 2.481458836809987
3231 -1.713202749506907 0.0313554750728905 2.462509527548051
3232 -1.067172090059838 -0.6601718237254576 2.724943466084447
3233 -1.052957194087887 -0.6786666390786331 2.725929702032001
3234 -1.047334636615822 -0.6534933570004658 2.734234187355038
3235 -1.154881038490638 -0.9442968351950271 2.602797201853314
3236 -1.231200331583632 -0.9356976419602275 2.570722790644379
3237 -1.260332745529858 -1.017326996549647 2.525194478181125
3238 -1.212939358791941 -1.107411429201983 2.510461718163855
3239 -1.184573202079827 -1.026438481057027 2.557969971191939
3240 0.1106840501909628 0.5214256579605266 2.952264270734203
3241 -0.131358425297833 -0.5036549563572046 2.954501082930939
3242 -0.1293239114176601 -0.4680640319227123 2.960437702089995
3243 -0.1622949979833057 -0.4478506539061428 2.961940263649056
3244 -0.1972980953305635 -0.4632195553360459 2.957448411237837
3245 -0.1993330825241375 -0.4988121800289749 2.951517022018705
3246 -0.1663644885719202 -0.5190349946671134 2.950072123059555
3247 -0.1643425097789745 -0.4834789252482568 2.956220504008512
3248 0.3612078090521287 0.7633153739768079 2.878693898025701
3249 0.3507132597971439 0.8420782909173511 2.857954576505402
3250 0.2797843711158688 0.8912645726989485 2.850853936477816
3251 0.2194417807728102 0.86193837948188 2.865119113549628
3252 0.2904486057510855 0.8129735112039127 2.87310175202655
3253 -1.297126817506799 -0.5062841523515527 2.657280259284359
3254 -1.310036080221078 -0.5267322223285961 2.646952707261649
3255 -1.299415500071543 -0.550988606760642 2.647249688524637
3256 -1.27588765705947 -0.5547977042638648 2.657877008799851
3257 -1.286571084787907 -0.5305672579203174 2.657674402294341
3258 -0.05837081670703328 0.6191742148064433 2.934828127757361
3259 -0.07243688353855507 0.5736730664674418 2.943747969971795
3260 -0.04807026832881758 0.5297470789996939 2.952466304904103
3261 -0.009645931669753681 0.5313731955603987 2.952549658014604
3262 -0.03401195252301897 0.5753579934869459 2.944113850790463
3263 -1.971114941724747 1.309900114134778 1.843601794721176
3264 -2.016596250987477 1.407169519862376 1.718491635962637
3265 -2.069239481116382 1.269433560695242 1.762607842025504
3266 -1.344424585442457 -0.5048226792951973 2.633946961600992
3267 -1.333673025946673 -0.5259965617122616 2.635269222855441
3268 -1.32084556511044 -0.5051092646714352 2.645795083499697
3269 -2.286006483030503 -0.1934558348953805 1.933067303403439
3270 -2.211030318867915 -0.2235794154015273 2.015280916908499
3271 -2.213074216796769 -0.1409993283625952 2.020500358908818
3272 -2.455268825418457 -0.2101706692734598 1.710988978545864
3273 -0.2592085643111343 -1.391605111519599 2.645041801896576
3274 -0.3223330609817334 -1.446497277658488 2.608399322098656
3275 -0.1575041079516458 -1.446158758452845 2.623702975058054
3276 -0.9840954044716234 -0.7908912315691047 2.721405389633256
3277 -0.9904001788850737 -0.8204768917669278 2.710336723682298
3278 -0.968466447828856 -0.8386606366678815 2.712696274176964
3279 -0.9402184119097681 -0.8272505001716958 2.726104537223683
3280 -0.9622105573273482 -0.8091161258828026 2.723872599481151
3281 -2.239944617540892 -0.357344512375252 1.963403425133226
3282 -2.187595236801015 -0.3054757521439266 2.030052128586262
3283 -2.264205322276522 -0.275549208446664 1.94870390062192
3284 -1.000990293715134 0.7971029331385422 2.713419493161723
3285 -1.038315132973107 0.7803236768169806 2.704255284553932
3286 -1.011583615405621 0.7621909751664179 2.719515307259321
3287 -2.169988722593857 0.8792629965344024 1.875645362732738
3288 0.6879304729182149 -0.4537363753427811 2.884592686346084
3289 0.7296698894071166 -0.3737804672028827 2.885804916280759
3290 0.6876537525503594 -0.3058862943908536 2.904060242403253
3291 0.603963587253608 -0.3179718674174586 2.921321939944793
3292 0.5621796424419666 -0.3978849027716055 2.919870143306077
3293 0.604129484871525 -0.4657422152473139 2.901398241270127
3294 0.6462100348482231 -0.3860035346386773 2.904034066967519
3295 0.06222881679518171 0.1757047423321544 2.994203636675746
3296 0.09133065502966317 0.1872353899959524 2.992758196076809
3297 0.09004240577048678 0.2167479664656329 2.990804688406796
3298 0.05964874063204521 0.2347240058463889 2.990208465779674
3299 0.06094229031302805 0.2052243618229262 2.992351750474161
3300 -1.144949949215663 0.1591708749006291 2.768348649714198
3301 -1.754588197083295 0.1431985650320756 2.429179785365576
3302 -1.765500679143868 0.189723866566879 2.418059595294842
3303 -1.803442413579884 0.1846620964819343 2.390291900798741
3304 -1.830222532901926 0.1330418920611331 2.373306835412322
3305 -1.792627613060305 0.138140306993604 2.401541899796343
3306 -0.1552087475447192 -0.1023658178443228 2.994233037694738
3307 -0.1376598820848671 -0.08478120240378338 2.995640483199435
3308 -0.1631847161164566 -0.07977627852501752 2.99449603336032
3309 -1.471074676728778 -0.9545424231244786 2.434088753094877
3310 -1.455495282764276 -1.03110203746161 2.412128120600864
3311 -1.395886194073239 -1.047555128858735 2.440108601107231
3312 -1.351622819133864 -0.9872688464083398 2.489661820349939
3313 -1.366682257698469 -0.9103487802852797 2.510666187434188
3314 -1.426504684726059 -0.8940692474516043 2.483087707918496
3315 -1.411712976004148 -0.9711679429814274 2.462498588813146
3316 -1.499190481656053 -0.01048385721335349 2.598522270146982
3317 -0.1401615667257454 -0.7967114332052532 2.888876187622622
3318 -0.07889615112259829 -0.7803442602402734 2.895658514543471
3319 -0.06049523783984707 -0.7314546095589253 2.908833869500577
3320 -0.1033619570623756 -0.6990281963835187 2.915591858695767
3321 -0.1217790928996559 -0.7479907932720198 2.902702124867937
3322 0.5494378037611569 -0.2594761715103526 2.937820657599174
3323 0.5786973731594777 -0.1889566205155383 2.937584849134007
3324 0.5394239850462179 -0.1325925666100481 2.948124993217997
3325 0.4709490579339594 -0.1467591496331221 2.95916689911706
3326 0.4416833788089496 -0.2172669517720361 2.959342978526077
3327 0.4809006249514989 -0.2736120535029106 2.948537100512588
3328 0.510337559109033 -0.2031720572386737 2.949284098034647
3329 -0.3400452917756707 1.435539794038134 2.612201121520728
3330 -0.2946461572835675 1.36974129198113 2.652733012393047
3331 -0.1752428159080471 1.435639179552419 2.628351213518977
3332 -0.1336016814874089 -0.2713468077708593 2.984714643080022
3333 0.361490641297802 -0.4580756389452828 2.942701348295299
3334 0.3335186262329557 -0.3945620224827397 2.955179543846703
3335 0.2768659986015112 -0.4395802298609922 2.9546767065677
3336 0.4077284159232329 0.3563049047142673 2.950729461290087
3337 0.3650427656499967 0.407766694861128 2.949655929393907
3338 0.3145347462072661 0.2857718604643237 2.969747857511659
3339 0.3824822983052897 0.295312978045121 2.960827170991449
3340 0.3398760351202971 0.3468572098707989 2.960434825614567
3341 -0.06712953805050094 0.4996057323128912 2.957344710608019
3342 -0.04776703109458847 0.4711061328111841 2.962393849974729
3343 -0.02870865543622659 0.5012757951079695 2.957684633347835
3344 -1.072329198922936 0.3673918132653574 2.777612886037737
3345 -0.03915240540413104 -0.01573776863298627 2.999703220618587
3346 -0.01024699488375211 -0.008849726714813034 2.999969446749904
3347 -0.03724874418055787 0.005179771530422602 2.999764274242872
3348 -1.608053974474459 -0.03446317982251609 2.532385180894371
3349 -1.629240739617908 -0.05243602672701817 2.518496590323357
3350 -1.628051483349977 -0.08295300882124119 2.518445386719641
3351 -1.605696603977963 -0.09549804593985588 2.532314857831724
3352 -1.607000763845848 -0.06498563439581848 2.532454424529894
3353 0.1761507533051907 -0.06322701870859927 2.994156518322854
3354 0.2000166056408169 -0.1107642440634257 2.991274751624294
3355 0.2495419624699795 -0.1108399606291255 2.98754804347886
3356 0.2751995925835928 -0.06337706429572497 2.986678511651878
3357 0.2513209660791388 -0.01583863871750634 2.989412468953159
3358 0.2017997722587269 -0.01576392129918845 2.993163602394897
3359 0.2257062685738196 -0.06331222779182979 2.990827350774116
3360 -0.4529847848753687 -0.1244997662020745 2.962989131415612
3361 -0.1359382836660598 -0.3642772907527658 2.974697100290339
3362 -0.1316130672922349 -0.3983725703722303 2.970518018072429
3363 -0.08996725068590404 -0.4051229681917825 2.971158237867431
3364 -0.05263260260479577 -0.3777295972620975 2.97565961771424
3365 -0.09429483449060512 -0.3710407158298456 2.975472613112893
3366 -1.629359793320622 0.2360024234035679 2.507885467890793
3367 -1.903653196308968 -0.5183384640408312 2.259962332623807
3368 -1.894841457131006 -0.5423087370708279 2.261742046749427
3369 -1.873746602936933 -0.5556614258412574 2.276030326646453
3370 -1.861512802107552 -0.5450586481330109 2.288598076920695
3371 -1.882669508112762 -0.5317226282118644 2.274384877251412
3372 -0.1588206154856635 -0.4180525346020835 2.966480758476199
3373 -0.1903533319272648 -0.4036370216001106 2.96662143925004
3374 -0.193834816526217 -0.433450990541926 2.962186405799013
3375 -0.9331724648307828 0.802222845477742 2.735987510401909
3376 -0.9027462851580297 0.7906200375386074 2.749539798016357
3377 -0.8909368390232117 0.8900087184166585 2.722887443508024
3378 -0.9273669437185353 0.8520009458996632 2.722881734465201
3379 -0.89699989281139 0.8404653009391078 2.736605428302314
3380 -0.1194946922465843 0.521365262185858 2.951931449392205
3381 -0.1524979845940107 0.5146286862361036 2.951593074933885
3382 -0.123618787874413 0.4680149673345938 2.960689174100391
3383 -0.1050557481155606 0.4980622857985402 2.956500845468002
3384 -0.13806356486851 0.4913437857473525 2.956267872886904
3385 -1.004520534073449 0.2659459295853862 2.814286989480952
3386 -0.7935912219383192 1.186578902960165 2.638606351753193
3387 -0.7225667581256331 1.230530844918107 2.638880656596077
3388 -0.7954720122725675 1.308039196015572 2.579972429964702
3389 -2.216618936142514 -0.8472655568127213 1.83541318731594
3390 -2.142447925721062 -0.8725536977589842 1.910122229099657
3391 -2.191184799682166 -0.7894241356292091 1.890904203741666
3392 -0.8168273732539801 -1.194707296473942 2.627825625503893
3393 -0.7280604566908584 -1.221340824569617 2.641638612990563
3394 -0.7620685208636179 -1.157417683621038 2.660758515000948
3395 -0.5563476466351009 -0.06380524030922596 2.947270972848046
3396 -0.3293695468192944 -0.3775107433677201 2.957871082429051
3397 0.3378283893311279 -0.27431886013974 2.968269048171605
3398 0.370134485691304 -0.2176153921500059 2.969115020271433
3399 0.3429066076033536 -0.1600379580565331 2.976038123150148
3400 0.2834037412426998 -0.1591763136759814 2.982338884267541
3401 0.3106874567868222 -0.2167981640838974 2.975982503349976
3402 -0.03611104387109814 0.3093128917065722 2.983793144226767
3403 -0.01086481282212649 0.3286599290958855 2.981922971313818
3404 -0.02168223622872049 0.3534426684245563 2.979028056391724
3405 -0.05774649142842877 0.3588667170681867 2.977898591642839
3406 -0.04692971998685491 0.3341036730283496 2.980968355593686
3407 0.4330684424213945 -0.4577678560489901 2.933070117495832
3408 0.4766280620209192 -0.3938846674576415 2.935588622275942
3409 0.448612116166433 -0.3303342706304849 2.94781723294978
3410 0.3770834266165183 -0.3306962140321519 2.957777561514041
3411 0.4051949246648371 -0.3943434070177951 2.94623664194977
3412 -0.9026384001454444 0.7381566283507239 2.764121688819934
3413 -0.8874452605723546 0.7585565458496133 2.763518206242971
3414 -0.9179950902360555 0.7702638877872197 2.750268815493027
3415 -0.1447843848740343 -0.8595054178184954 2.870590169048396
3416 -0.08810978695495429 -0.9058030567501196 2.858628602638841
3417 -0.02683106451186226 -0.8893148331184397 2.865030404999689
3418 -0.02223112644740768 -0.826655766840988 2.883772879435101
3419 -0.08352503224049689 -0.8432745465867338 2.877831059681608
3420 -1.761713886673437 -0.2363711236721554 2.416711168798608
3421 -1.781581966934187 -0.2247419525345268 2.403217998822804
3422 -1.799926433398099 -0.2402530611052585 2.387999853639935
3423 -1.798396844719569 -0.2673926339860648 2.386266952415989
3424 -1.780135279408153 -0.2518933133197991 2.401596999021949
3425 -0.3379454546395693 0.7873936342829289 2.875031153636283
3426 -0.3708435863983709 0.8160592691127475 2.86295691614847
3427 -0.3797467381685737 0.783938871669252 2.870754649972072
3428 -1.193569154056984 -0.8954875291217245 2.602593852231109
3429 -1.646033236934067 -0.09886656839965798 2.506152426442022
3430 -1.64166340849848 -0.1273253057636793 2.507733941172655
3431 -1.623745763025549 -0.1114160089378471 2.520126221047061
3432 -1.374216762179154 -0.5205872153346658 2.615438250423042
3433 -1.36469057733024 -0.5021158996201531 2.624023485316909
3434 -1.387998146717958 -0.5026254648541659 2.611671646051174
3435 -1.265125107493553 -0.5740019449868573 2.658943442335833
3436 -1.277923646323459 -0.5894119489777659 2.649434790397677
3437 -1.25348649984361 -0.6059812638059194 2.657359272402962
3438 0.004248360335106297 1.033276865188849 2.816437620701011
3439 -0.07200748028130678 0.390390713051802 2.973619009548204
3440 -0.05020585712273873 0.4164970966605234 2.970523445519985
3441 -0.06633149878359679 0.4410699305384932 2.966657622416832
3442 -0.1042581356468456 0.4395236943035541 2.965796547859815
3443 -0.08813611842372505 0.4149774676048531 2.969852812179328
3444 0.06319742801217301 -0.006537418214659862 2.999327149087897
3445 0.1077341326894096 -0.0111129088017754 2.998044339217087
3446 0.1295277735735757 0.01968373327820006 2.997137819072941
3447 0.1067887203001581 0.05505544876850659 2.997593212358467
3448 0.08500096586250996 0.02426024893858912 2.998697429905838
3449 -0.6402543421148339 0.0434589740276556 2.930560645163237
3450 -1.315917046511 -0.606231410332542 2.626946098386486
3451 -1.341054095435568 -0.6076137435955892 2.613882065378858
3452 -1.350907814864265 -0.6481160712349238 2.599037058978895
3453 -1.335430155322136 -0.6871495011117645 2.597008252466316
3454 -1.325861837525812 -0.6467841194633497 2.612232893637682
3455 -0.1345343052124261 0.5618487760480821 2.943845524747227
3456 -0.1105114928143922 0.5449670104558432 2.948015971373078
3457 -0.09646506939272063 0.5905881828931613 2.939710885208614
3458 -0.6771494060620564 0.1634846735773828 2.918002988924977
3459 -0.2780493581347078 0.8750819811749917 2.856032226825133
3460 -0.291578730890481 0.8169813941576605 2.871850143251298
3461 -0.2618258491523076 0.7679835981915257 2.888191201708167
3462 -0.2186065034303909 0.7772421303884151 2.889308890964622
3463 -0.2051192283496413 0.8354871986686367 2.874001955987866
3464 -0.2348172943869936 0.8843256766616093 2.857066491325282
3465 -0.248377467103433 0.8263323469459357 2.873235717136014
3466 0.5777465490969925 -0.7814237131793692 2.838236407610804
3467 0.69110664677471 -0.7767115772981428 2.814087903473316
3468 0.7515263387580062 -0.6923768067565613 2.820606764442462
3469 0.6989307621204454 -0.6130931621455746 2.852299522191187
3470 0.5856799877953606 -0.6178683571190101 2.876667802365626
3471 0.5249626184025309 -0.7018756955647637 2.869108704328826
3472 0.6387749774247461 -0.6977291026440916 2.846952867108883
3473 0.7168533308518489 -0.2353304686676514 2.903573810421094
3474 0.6624339282775092 -0.1768889315470437 2.920597814928131
3475 0.6334232489980043 -0.2475177268199407 2.921901771541731
3476 0.5606240224990228 -0.5296871884152156 2.89916060055765
3477 0.4751015704774387 -0.525717418664486 2.915115725566074
3478 0.500300151213547 -0.6141219693734773 2.893536584428914
3479 -0.3053917005308536 -1.243653520040263 2.712943388893018
3480 -0.2507058340962289 -1.289964746785467 2.696875513775306
3481 -0.2128552561501018 -1.229576586103402 2.72815579812363
3482 -1.392875334061428 -0.6949969358262496 2.564542369109036
3483 -1.356417321245783 -0.7105919417085391 2.579765714750722
3484 -1.372022316143856 -0.6716224330509583 2.581952375901996
3485 -1.886616049581086 -0.2790420442842438 2.315775338625214
3486 -1.904400060545457 -0.3049054511332553 2.29788883004894
3487 -1.878389605049515 -0.3097483662904373 2.318557405203143
3488 -1.343486463783958 0.6353991495559307 2.606014589823487
3489 -1.346602820419426 0.6620812353581988 2.597750812111317
3490 -1.369168748815426 0.6615383047362294 2.586067286176815
3491 -1.388549728685619 0.6342782144955634 2.582560899104494
3492 -1.366083418853685 0.6348700123779404 2.59437008927336
3493 -1.050086879752538 -0.7316013900366527 2.713314753409198
3494 -1.061298545260836 -0.7659522331465453 2.699437455168216
3495 -1.040944400335297 -0.7873100815585908 2.701217797751005
3496 -1.00939179402792 -0.7743267839348934 2.716900115541633
3497 -1.029802197424268 -0.7530104912413834 2.715231598641368
3498 0.4006474824240837 0.1897020737209484 2.967068370977186
3499 0.4255183200826682 0.2472640988285164 2.959357130307957
3500 0.3576765561171123 0.2377938321737135 2.969094403110879
3501 -2.305468903450205 -1.178483853610303 1.515252105097999
3502 -2.297729430356028 -1.108789810781466 1.578298013805683
3503 -2.371718975941272 -1.06011420850927 1.500368942652722
3504 -1.053919547933177 1.000866875233571 2.624408330375537
3505 -1.062095487213436 1.059430045946811 2.597991753987297
3506 -1.133019848625026 1.07095868383825 2.563067209445193
3507 -1.195488842375678 1.023628049844125 2.554014887060679
3508 -1.125209871065473 1.012692751339941 2.590049446910303
3509 -1.830101353486445 -0.5428040340932817 2.31432340361911
3510 -1.810884546661893 -0.5511408805031482 2.327432252182513
3511 -1.819732034703689 -0.5281011174407302 2.325872853711274
3512 -0.1057978798213277 -0.1286848777811979 2.995370930428442
3513 -0.1129569758412853 -0.0979421446567475 2.99627236043535
3514 -0.1305090072106505 -0.1155303541609032 2.994932409304816
3515 -1.206128153196589 -0.5208031779985069 2.697038918490655
3516 -1.199816835699076 -0.5449428789004866 2.695083824208202
3517 -1.176651378213173 -0.5542394438415723 2.703388646317659
3518 -1.15980003476115 -0.5393976430821307 2.713653268567205
3519 -1.182585165605243 -0.528636204423687 2.705926105691532
3520 -1.363467479331863 -0.5417618081468856 2.616763377922779
3521 -1.343189790951534 -0.5444641938623941 2.626670882902033
3522 -1.353995618459806 -0.5233114621445477 2.625422057266181
3523 0.1083081642768561 0.1626590357649738 2.993628463860368
3524 0.09617745625168968 0.1265415209020814 2.995786564559755
3525 0.1275531032835585 0.09697513763838417 2.995717948759988
3526 0.171054955616001 0.1035213862680715 2.993329838949317
3527 0.1396963872802845 0.133104276200733 2.993788264229439
3528 -1.729820506639004 0.1686742547270806 2.445254590140553
3529 -1.219477709815047 -0.541469476606656 2.686947137769473
3530 0.1730369402745034 0.02623106488495088 2.994890673887018
3531 0.1937998900615802 0.06815088176851204 2.992957911485942
3532 0.1503105623458159 0.06160972021018941 2.995598600818025
3533 -0.06013277752812753 -0.2056958713485313 2.992335752815336
3534 0.518830077532758 -0.4619677456910262 2.918458694686033
3535 -0.5830293878474415 1.233521765825139 2.671797295107147
3536 -0.5144830776640112 1.192495404102702 2.704304323479756
3537 -0.4262189650443877 1.269413609168518 2.684571936583978
3538 -0.4060248257881288 1.386128210595993 2.629409139832307
3539 -0.4949184200604273 1.310863211879128 2.652676647695084
3540 0.4094866667846555 -0.2740501256326918 2.959259569278488
3541 0.1314998149345767 -0.0494674130406925 2.996708323097066
3542 0.110736124110815 -0.0832471813257837 2.996799529100708
3543 0.155395334059823 -0.09701752202806815 2.994401424420575
3544 -1.562066268965643 -0.5901672762877509 2.492318510415323
3545 -1.54121265437726 -0.6130468215448948 2.499767418897426
3546 -1.541470007646374 -0.585234480001334 2.506266310459496
3547 -1.096525231029792 -0.7047232730087676 2.702035811419766
3548 -1.067665701252885 -0.7009638165227901 2.714542259441541
3549 -1.081910750382846 -0.6824865724898505 2.713610363810008
3550 -1.159102808297893 -0.5682864612624476 2.708049330743763
3551 -2.090469175704975 -0.4511619972401157 2.103899112997976
3552 -2.059013983105168 -0.4142251041930079 2.142166889024681
3553 -2.130420930660644 -0.331746411976018 2.085965238527256
3554 -2.126457309634466 -0.4099881304873543 2.076075394382784
3555 -2.095156834202479 -0.3730691462960754 2.114506384993094
3556 -1.567937391143824 -0.6826795516100058 2.464857190034883
3557 -1.538935597215296 -0.7096372785042603 2.475498366103413
3558 -1.513363459451396 -0.7030159541786518 2.493090372964363
3559 -1.516875906977133 -0.6694772912764222 2.500177521556716
3560 -1.545845163172616 -0.6425081796050117 2.489487089871422
3561 -1.571332409126642 -0.6490904619529043 2.471759703577601
3562 -1.542492453455599 -0.6761172136493139 2.482656348438022
3563 0.3258209978034391 0.03343250061986922 2.982066891485279
3564 0.3507793982463726 0.08277952418266045 2.978271539692444
3565 0.2433304735279009 0.0680792764591763 2.98934031063201
3566 0.2720884907213743 0.02608286121530606 2.987521972733889
3567 0.2971044670731071 0.0754424644944757 2.984298472035967
3568 0.9114608421657786 -0.1070844395739802 2.856181376593506
3569 0.9704973678254716 -0.1795035969801027 2.833004291863151
3570 1.019022619140001 -0.07208373214226328 2.820708570065595
3571 0.3685633401849275 -0.1125704797255468 2.975145198366978
3572 0.3347203139020958 -0.06424277812987188 2.980576316238092
3573 0.3091150086657681 -0.1117290774464104 2.981939725190725
3574 0.04549759902651743 -0.7984172905249837 2.891445970215173
3575 0.1086283345354536 -0.8327534510868909 2.880055828389256
3576 0.1151239746068891 -0.7671380855824259 2.897972675530196
3577 -1.743440632341313 -0.664229739536248 2.349300665010107
3578 -1.713339675966238 -0.6607616390722211 2.372311364701206
3579 -1.727857278855972 -0.6364992598110281 2.368412530824064
3580 0.4562028950875834 0.1296222113395249 2.962275645655069
3581 0.5365183000914179 0.1270647429387839 2.94889855111513
3582 0.5614036279545195 0.1846465367009568 2.941212610982729
3583 0.5059665900945612 0.2447842269608571 2.946876056426408
3584 0.4812096740274298 0.1872397098834284 2.95522901661871
3585 0.480887114787255 0.3805316336394125 2.936655114008335
3586 0.5112362602968411 0.4561371941365999 2.920715040239785
3587 0.468497012603687 0.5075695790575482 2.919397826880873
3588 0.3954572607444298 0.4834426720272979 2.934262554337566
3589 0.4382952920637804 0.4321083219447213 2.936184536956225
3590 -0.2250968588894552 -0.360495300336613 2.969743177878066
3591 -0.2283166850146789 -0.3317849187097514 2.972842118085094
3592 -0.2492845829372728 -0.3479661941958148 2.96930576472122
3593 0.2225934054328401 0.02616033980327942 2.991616254214299
3594 -1.858116894364794 0.749752114016257 2.23277257561183
3595 -1.836279706287554 0.8465221541689768 2.216185254616051
3596 -1.907898226259498 0.8280868725381496 2.161989012406365
3597 -0.0612727553629472 -0.08451755842091106 2.998183188494125
3598 -0.09069403577930996 -0.0758582768075166 2.997669113446955
3599 -0.08353987721815234 -0.1066070894545927 2.996941110097494
3600 -0.1662449275795338 0.8713247899697004 2.865860382928369
3601 -0.350499985343814 -0.1322191631630296 2.976519419249008
3602 -0.3446113970037718 -0.1117346978424479 2.978046061153716
3603 -0.367280365340147 -0.1262525280769723 2.974754684405049
3604 -1.906209419532086 1.405365036830808 1.841552269728093
3605 -2.030025098529949 0.5373095378791169 2.142497738585178
3606 -2.004443455856371 0.4730244357507436 2.181388162491321
3607 -1.972035278664432 0.5545764140943111 2.19169383368964
3608 0.338836337760192 0.534374379995564 2.932513249453038
3609 0.3552528525701372 0.6094317047468982 2.915885527243837
3610 0.2915958334935412 0.5824956033582226 2.928424617769347
3611 -1.658260051376181 -0.0005473861569573902 2.500034660235386
3612 -1.65436907722121 -0.03547920918671422 2.502359722751653
3613 -1.633263978188405 -0.01750628001883815 2.516374834501428
3614 -1.489611679159028 0.7027145264999565 2.507438800760442
3615 -1.51842396428437 0.7278554270800399 2.482864301961965
3616 -1.540990755199604 0.7135301849815763 2.473099708363881
3617 -1.534788282728369 0.6740849797646108 2.487977967598477
3618 -1.505808500038712 0.6488722561567115 2.512270995812606
3619 -1.483202015160237 0.6631756611977054 2.521965468562089
3620 -1.512269490950861 0.6884334335607266 2.497819127618134
3621 -0.7588410592291476 0.713946322753489 2.813261611556017
3622 -1.705693772715012 -0.04813192807763471 2.467446467751785
3623 -1.678085220670179 -0.05927144955154172 2.486064538067421
3624 -1.682107373314662 -0.0243412741469633 2.483932826590395
3625 -1.270480646141006 0.146764012624525 2.713731610233311
3626 -1.251973283138291 0.132783847200153 2.723037155132235
3627 -1.22895561584243 0.1402211558933137 2.73313119365487
3628 -1.22446921164857 0.1616409161961277 2.733961843906386
3629 -1.24753280840319 0.1542098279477049 2.723945891702328
3630 -0.6801387965035162 -0.006384223666018947 2.921877899430251
3631 -0.3323979107386762 -0.1340749407736898 2.978512303011874
3632 0.4418429056972017 -0.05873265248668873 2.966702769442354
3633 0.4221130676370053 -0.1098108607360761 2.968124345945513
3634 0.4907403211929837 -0.09568389662881407 2.958043023534535
3635 -1.442244310164907 0.3727834545883724 2.604028388052271
3636 0.7983824215873454 -0.2074393742690633 2.884363779918058
3637 0.8253501317211224 -0.1210516213885605 2.881691112008212
3638 0.7442357148562753 -0.1490375595730805 2.902395735692993
3639 -1.524138155715529 0.3961690900559461 2.553439432290554
3640 -1.526951522017529 0.3637032453707168 2.556587373573444
3641 -1.507051378146271 0.3837842704712062 2.565444557453213
3642 -1.028857482022702 0.2040341154061056 2.810662263851058
3643 -1.738014179415717 0.8073782813576659 2.30812630134095
3644 -1.776118205754986 0.8752779767123536 2.25372859560951
3645 -1.819147421655037 0.68152167845621 2.286095111774675
3646 -1.759229933671988 0.7103701278056508 2.323894214888844
3647 -1.798652800337579 0.7788411388299372 2.271179117617955
3648 -0.1669473212539888 -0.9852120069905511 2.828689783841234
3649 -0.09919029007774668 -0.9686271220202332 2.837591017895478
3650 -0.2125222941474347 -0.8759953534721802 2.86137491692114
3651 -0.223607673496755 -0.9388720074325433 2.840513855275653
3652 -0.1559016712923688 -0.9225907989167863 2.850354519466365
3653 -1.34236991251033 0.4392168668447864 2.646720907437363
3654 -0.3293879432023303 -0.80229773031061 2.871902145758344
3655 -0.3329360109747176 -0.8366863200050786 2.861662037088342
3656 -0.29148327854073 -0.851773734992017 2.861733565989136
3657 -0.2464367372641463 -0.8323529495214602 2.871664587299417
3658 -0.2879449187549047 -0.8174177947492153 2.872092594710443
3659 -0.9821174215327865 0.937662865180379 2.675113777315558
3660 -0.9184197349407212 0.9329573421122768 2.699276900999638
3661 -0.8581192551653671 0.999818213843655 2.695179935214144
3662 -0.861364195384844 1.071219078281372 2.66655984542538
3663 -0.9253382320299989 1.076238647271406 2.643001992141324
3664 -0.9858293399599523 1.009534647923176 2.647447885628111
3665 -0.9222549490271815 1.005001419252913 2.671968928766669
3666 -0.9327035819091238 -0.8688854632805971 2.715713917185231
3667 -1.864586028825462 -0.4085090936590871 2.314398250411265
3668 -1.843322890725304 -0.4161900463380065 2.330009992651807
3669 -1.85063657065604 -0.3899933984528313 2.328744174982229
3670 -1.210167215947944 0.1478246870434636 2.741102546667181
3671 0.06706988037828855 0.1150030606465782 2.997044532066209
3672 0.05009826916197142 0.1395877640124244 2.996331994216426
3673 0.03111351660098447 0.1182307426474402 2.99750787164567
3674 0.08697603381347262 -0.04489765422294134 2.998402803191619
3675 -1.547158170738217 0.3553323562568693 2.545592369432882
3676 -1.564472945711935 0.3794083857283252 2.531496332008886
3677 -1.586918581661091 0.3497785890032188 2.521774048929378
3678 -0.7302565438145509 1.004869259980431 2.730744065371635
3679 -0.7925332886465509 0.9666095445549554 2.727188474374726
3680 -0.7047651415816727 0.9479943855138342 2.757646231887914
3681 -0.6862631550242934 0.9953889339334941 2.745586231073219
3682 -0.7487486970688028 0.9574434497102288 2.742749975707729
3683 -0.1765116053219829 0.5314807440690479 2.947265151266588
3684 -0.1675323040619206 0.5550979977997567 2.943433223284402
3685 -0.1852483465502483 0.5763362577466976 2.938285140708255
3686 -0.211942469653428 0.5739527714460264 2.936947157459022
3687 -0.1942360567264576 0.5527419155921898 2.942235328625981
3688 -0.9068068946065496 0.04489468996340091 2.859315603900192
3689 -1.650864269296053 0.5868854156580962 2.435202799203679
3690 -1.692085614255237 0.5701882059658376 2.410753343626829
3691 -1.663414330759797 0.5405043206642103 2.43739776063864
3692 -0.2044773649709603 -0.6105265125050758 2.930093238233712
3693 -0.1753427615670904 -0.6385178066965875 2.926012632661965
3694 -0.1419418796237482 -0.6241109235798443 2.930927849312772
3695 -0.1376720422599054 -0.5816972276555848 2.939842639346159
3696 -0.1667967442767863 -0.553669897925274 2.943743957994662
3697 -0.2001999520779274 -0.5680913443390315 2.938910036676023
3698 -0.1710873142188112 -0.5961581761123552 2.935187312586334
3699 -1.934993891816272 -0.508610360806151 2.235422586338958
3700 -1.957401062215222 -0.5228210491672507 2.212518752956995
3701 -1.926301327325935 -0.5326156210158453 2.237338552073031
3702 -1.269735895647317 0.7535428343948171 2.611502240480932
3703 -1.293936296154879 0.7846405236635619 2.590379916174066
3704 -1.328735248422903 0.7734487701729145 2.576089990570308
3705 -1.339343541247585 0.7311653528942178 2.582935559638577
3706 -1.304689679591435 0.7424409565631939 2.597415304872351
3707 -2.001328485347099 -0.3966002908975057 2.199407307207626
3708 -1.975638254092126 -0.4160128675875389 2.218960743900038
3709 -1.966681780952896 -0.3811825378743249 2.233128443526622
3710 -0.194677243435713 -0.3695392737172867 2.970781293880243
3711 -0.1674699275802567 -0.3498596293637539 2.974819669004782
3712 -0.1979045765167889 -0.3408416823691029 2.97399743210271
3713 -0.9054531130096737 0.1890197052680717 2.853844111222872
3714 -0.5199476198835687 1.11532649082997 2.736000967000983
3715 -0.5940123491481639 1.07930664190098 2.735369536608885
3716 -0.5250316490260303 1.051142205218042 2.760333645038288
3717 0.1112831108049983 0.2668343796529719 2.986036751797401
3718 0.1158591799168785 0.2328024690306761 2.988708694543884
3719 0.1579116929628276 0.258636589372774 2.984655928555791
3720 -2.027650253783013 -0.5208469718141969 2.148802662015678
3721 -2.074834597159795 -0.5044838080981294 2.107263030994366
3722 -2.095839871395789 -0.5553878842315454 2.073402886926824
3723 -2.069413180904389 -0.6225981645809705 2.080841323157435
3724 -2.049008834251883 -0.5718535424267772 2.115312346480227
3725 -1.821713174612192 0.2341511530334782 2.372031691815576
3726 -1.86684185205085 0.2320303516042081 2.336891827912833
3727 -1.893587219033287 0.1804092083200511 2.319866367157194
3728 -1.875237813701194 0.1309129434631612 2.338021587432199
3729 -1.848851336123545 0.1825684400508119 2.355507907354929
3730 -1.482999449412267 -0.7174982670742147 2.507171487909914
3731 -1.456090025273008 -0.6984136902908646 2.528244480961987
3732 -1.486621339478732 -0.684009072004629 2.51437638042156
3733 -1.495266686580791 0.6018062652960746 2.530218716840916
3734 -1.51183442085109 0.618184894862589 2.516387116421791
3735 -1.531522523910005 0.6101311628948353 2.506427482059061
3736 -1.534661980810626 0.5857067263818541 2.510330702382747
3737 -1.515010830112939 0.5937748851389243 2.520351874326036
3738 -0.6030232904954906 0.7323121361534155 2.846064273055409
3739 -0.360579856602152 1.320135021462207 2.669686440786961
3740 -1.201364299638904 0.2738897986188238 2.735271137888466
3741 -1.19780233824841 0.2937726296628572 2.734770045277593
3742 -1.213159941358773 0.3113203761590495 2.726045227077234
3743 -1.232075894763113 0.3089843372163788 2.717814870240177
3744 -1.216771092724809 0.2914490317591659 2.726632642985835
3745 -1.568155720653198 0.7032465710893796 2.45892901402901
3746 -1.588929533911918 0.6534259268736876 2.459336799698593
3747 -1.58239771798283 0.6138484448535771 2.473703205494462
3748 -1.55542627649986 0.6242169204949739 2.488172488904568
3749 -1.561948848687828 0.6637983419620557 2.473800225420637
3750 0.2797385064723603 0.9695973128254697 2.825177413713738
3751 0.2192943079841391 1.018452984076519 2.813301179346319
3752 0.2194448599174787 0.9405518105069262 2.840282775571465
3753 -0.09426401990077275 -0.4478084751469531 2.964891543402339
3754 -0.06123817479792994 -0.4631414461178895 2.963401742395932
3755 -0.05694121303723307 -0.4204803945812199 2.969840725700735
3756 -0.09833635670990208 -0.5190080950419744 2.953127250598917
3757 -0.06327493589665728 -0.4987503741473971 2.957574064461464
3758 -0.0963068554097168 -0.4834436330447344 2.959224094804177
3759 -1.814867600590252 0.3498060284861932 2.363025885334839
3760 -1.795805018857718 0.2930494938774485 2.385205720348583
3761 -1.780870952118531 0.3426654180051682 2.389786405351696
3762 -0.2331651190357805 -0.5478620599854427 2.940319912950551
3763 -0.2327299551837083 -0.5132186145755441 2.946598619020471
3764 -0.2595009105068042 -0.5287319663147551 2.941615506017582
3765 -0.09752629953897486 -0.6454583540584042 2.928117506876124
3766 -0.04882526312388998 -0.6243210348767608 2.933911951489221
3767 -0.04455248501918006 -0.5818742156105859 2.942692215180884
3768 -0.08898074909177958 -0.5605925543566176 2.945813710045323
3769 -0.09326113859600574 -0.60309056838339 2.937274949056485
3770 -0.05466898003200886 -0.6780031877617956 2.92186977464895
3771 -0.1997803314319109 -0.5334899125167833 2.945416156066201
3772 -1.804290393212748 -0.5762574557316331 2.326470184995693
3773 -1.81690742218929 -0.593035428247348 2.312391921806715
3774 -1.810844297581774 -0.6291000000263042 2.307612645112363
3775 -1.792129886839172 -0.6483751807532252 2.316868596550318
3776 -1.798345306445138 -0.6123626549760738 2.321845416382709
3777 -1.541415892963871 0.4202327676157361 2.539181258977076
3778 -1.56157515955718 0.4118505193010904 2.528213236814765
3779 -1.544374441796192 0.3878044784162502 2.542541104888375
3780 0.07920758456879524 0.1511312394537886 2.995143653818284
3781 -0.0439192213880941 -0.06965800313081433 2.998869597797225
3782 -0.05598782260386082 -0.04614167505276086 2.999122589949168
3783 -0.07334260272657227 -0.06100210259355358 2.998482884077289
3784 0.8345776265088682 0.6852796756233134 2.798905491707147
3785 0.8453714589482264 0.7917203682031728 2.767404190747708
3786 0.75737881376108 0.7760163933608684 2.797172838725031
3787 -0.06527511883404284 0.07217436960924339 2.998421254465875
3788 0.846024777350311 -0.6884364857861577 2.794690909769408
3789 0.8880612105808994 -0.6053403085083255 2.800876719378529
3790 0.8355663273906527 -0.5261318988497256 2.832845590134358
3791 0.7409335967335482 -0.5299592666175396 2.858349275536089
3792 0.7939729410539582 -0.6095830148020196 2.82807629263056
3793 -1.571841926312447 0.4544917926936319 2.514507937760488
3794 -1.576815333362397 0.4289873152335513 2.515874259147691
3795 -1.556695951581141 0.437381374196991 2.526933961906492
3796 -1.634519330585342 -0.6022480669970589 2.442466749771868
3797 -1.615677930698971 -0.6289638703372676 2.448262501053075
3798 -1.592183872993818 -0.626210093760753 2.464307495636564
3799 -1.587550232452514 -0.5967483225631796 2.474585965158212
3800 -1.611107786031099 -0.5995258886765635 2.458637917749694
3801 -1.493990533053488 -0.8305994435993108 2.465379656653123
3802 -1.502020838864486 -0.7836258459970818 2.475856202024298
3803 -1.543583078364865 -0.7491027882131255 2.460934028550332
3804 -1.577191579571514 -0.7615906801658643 2.43566137983366
3805 -1.569374016046171 -0.8086713086176315 2.425513535805925
3806 -1.527729981800976 -0.8431592986142872 2.440312172626005
3807 -1.53586010130233 -0.7962362353390479 2.450947083631284
3808 1.044419619606058 -0.6571380683376457 2.734475675028652
3809 0.9872804184089791 -0.5897027369163297 2.770835263508024
3810 0.9459053022915965 -0.6732877968977192 2.766215230535263
3811 -0.2274868531934906 0.7384946416601889 2.898771359707991
3812 0.4120143782273303 0.5586899221295405 2.918580086796461
3813 -1.225213394593269 0.7565910217092625 2.631809674649398
3814 -1.204966037251974 0.7907800991938515 2.631106931272128
3815 -1.22931133121406 0.8219740908185085 2.610201571712767
3816 -1.273764088862785 0.8188812001993869 2.589779648132939
3817 -1.249672157911041 0.7878516111441477 2.611055215149525
3818 -1.213811280799528 0.6728133970570551 2.659696281033674
3819 -1.229588361274034 0.6975800110169645 2.64603374695959
3820 -1.240153727059342 0.6683528301889607 2.648645545866648
3821 -1.497753059253375 1.056249847928522 2.375094110187663
3822 -1.558425250404954 0.9960767536473553 2.362020711116565
3823 -1.560180065007992 0.9208857958215722 2.39119374284179
3824 -1.501621097299801 0.9060751071440756 2.433960143543438
3825 -1.500229369916326 0.9815174144296197 2.405397140351642
3826 -1.425523294556436 0.6305225725378174 2.563264446403698
3827 -1.443120198589449 0.6540289820780203 2.547479182059225
3828 -1.466729088169067 0.6468387662042245 2.535804683419867
3829 -1.472767349286069 0.616154297680618 2.539942955329231
3830 -1.449228902833256 0.6233751972888714 2.551693349640152
3831 -1.860049401258472 0.3476942187628743 2.32794436254754
3832 -1.886120197313619 0.2888151395788383 2.314980867401649
3833 -1.841297530309466 0.2909892174994649 2.350520938042312
3834 0.03629731081321511 -0.9237646665362736 2.85400444044624
3835 0.1040296216735085 -0.8954343641289797 2.861358966881191
3836 0.04091240969990454 -0.8612969800083862 2.873411506721754
3837 -1.710414891156989 -0.1851545061620802 2.457681571920232
3838 -1.732029011282477 -0.16781018692412 2.443750241992896
3839 -1.749748286519414 -0.1829818847811703 2.429999704457658
3840 -1.745831924400888 -0.2154960556402862 2.430150682930211
3841 -1.72819407472813 -0.2003329170016582 2.444015540548012
3842 -1.995945172980816 -0.4838481956066301 2.186799897124286
3843 -2.01167096401333 -0.4305531275905794 2.183530154787804
3844 -2.043686568691564 -0.467617227430066 2.145851657864616
3845 -1.678809173204481 -0.1059616992979598 2.484023324819309
3846 -1.664587030896177 -0.0881839508353971 2.494268150658086
3847 -1.692353773249125 -0.0770514990465592 2.475884038614113
3848 -1.464620116083294 0.7669616289438033 2.503329338159889
3849 -1.505945040388093 0.7599871824310381 2.480836354512534
3850 -1.448147054362784 0.7096199238219471 2.529685686534065
3851 -1.435636530334398 0.7417320011791071 2.527603883363896
3852 -1.477216274467262 0.7348874113844317 2.505548357353685
3853 -1.218915216701617 0.7234812074593018 2.644016005425549
3854 -1.192503241520737 0.7246378934241032 2.655717594620409
3855 -1.172332300862451 0.7588712607737682 2.655136792319029
3856 -1.178500113994572 0.791902504788369 2.642731144900042
3857 -1.19884455431845 0.7577786702222206 2.64358529681515
3858 -1.597967311965386 0.7484299456905285 2.42618076125498
3859 -1.648430164884761 0.7437330336500819 2.393645580731543
3860 -1.669275361858714 0.6939374347402867 2.394153420931401
3861 -1.639586727220204 0.6488078714532948 2.427097795694188
3862 -1.619041833569607 0.6987333901004035 2.427030117388402
3863 0.8772806562242927 -0.4461410341298136 2.833961331401728
3864 0.8243972243371744 -0.3700015747027546 2.860676152804201
3865 0.7830664695001588 -0.4502101780944753 2.860789698646983
3866 -2.178922921819094 -1.239851232482745 1.647745071933871
3867 -2.246736134009898 -1.244376404909659 1.550388372969293
3868 -2.163252649144001 -1.329841970583214 1.597453695493805
3869 -2.235288237199005 -0.4354831515941706 1.952905763552705
3870 -2.178991046203546 -0.4618795221657285 2.009643084621927
3871 -2.184058375895455 -0.3838126518432439 2.020538754631043
3872 -0.6520764067404149 -1.028463781034653 2.741725480581967
3873 -2.243595014652669 -0.8929266308085821 1.780158263250356
3874 -2.197574631737371 -0.9642882238441692 1.800226085606976
3875 -2.122956935606852 -0.98934782660807 1.874631891210819
3876 -2.094426391004518 -0.9430813070751797 1.929760539784448
3877 -2.170689213236431 -0.9186870056194691 1.855834724657597
3878 -1.621468914240596 -0.8281504365841199 2.384324938957976
3879 -1.631816724919871 -0.8820680318577577 2.357780770861949
3880 -1.590359358277381 -0.9166673567671596 2.372862842344047
3881 -1.538358658814907 -0.8972376445723756 2.414211516419267
3882 -1.58019230358744 -0.8628477379364451 2.399684576110156
3883 -1.176719362961445 0.6998676420115979 2.669366371350463
3884 -1.187355056782979 0.6739454807821891 2.671326535275153
3885 -1.162632910663045 0.6807343293752909 2.68046367031026
3886 -1.208652234925342 0.3502970200557444 2.723316318893206
3887 -1.201447045027301 0.3319764312148419 2.728793991328958
3888 -1.180212463927491 0.3268001425943919 2.738667596987718
3889 -1.166187650403433 0.3399456320904497 2.743071878618776
3890 -1.18746560463881 0.3451348545839794 2.733277770361271
3891 -0.8050081409981273 -1.307651873745951 2.577209434643495
3892 -0.7336020112014556 1.076408781735101 2.702438199804897
3893 -0.7990824120398362 1.109479939198327 2.670303646270415
3894 -0.7961257202231699 1.038458360666658 2.699590352398055
3895 -0.8738595738247726 0.7436071431986306 2.771897880842431
3896 -1.437519195422672 -0.8217087716851037 2.501666096290053
3897 -1.461701146454276 -0.84961813094362 2.478220892097015
3898 -1.4023531434096 -0.8661846523732957 2.506617204353741
3899 0.6256916829629932 -1.117090362350381 2.713046081476471
3900 -0.2103218747687395 -0.6450852160512834 2.922264494022715
3901 0.8574118057374537 -0.279850798762242 2.861211024341646
3902 0.9434070178296317 -0.2658723873352803 2.835365068622106
3903 0.8848857030545971 -0.1935668184387218 2.859984122216255
3904 -1.655843218459886 -0.1450997271073513 2.497424534410155
3905 -1.674435039191707 -0.1344194246132325 2.485598261548658
3906 -1.691612809449004 -0.1499911736419483 2.473044429592311
3907 -1.690181429665946 -0.1762419586041337 2.472291549724619
3908 -1.673076901627477 -0.1606771159137386 2.484954032907298
3909 1.010797477193037 0.6798946764729957 2.74153819761897
3910 0.9173272095854113 0.6293969338980243 2.786103065242564
3911 1.034075497221598 0.5846279812495696 2.754795453311545
3912 0.9632815728211874 -0.432160228170446 2.808082290220642
3913 0.9964061466658719 -0.3420421088671645 2.808946775332023
3914 0.9108709272583442 -0.3562130412931818 2.836093514517493
3915 -1.351777178236129 -0.5883911886297941 2.612756067745856
3916 -1.337369170073255 -0.5677890083816637 2.624701763038715
3917 -1.357679921094526 -0.5651004592361989 2.614835884492142
3918 -1.386895994926818 0.6851092253384961 2.570436703871938
3919 -1.423879495608192 0.6813562602892478 2.551141083623407
3920 -1.406331970316876 0.6578730325711345 2.566989182345791
3921 -0.02708429319985225 -0.03925675735140195 2.999620867387097
3922 -2.027282836116826 -0.9758105810470775 1.984418809702902
3923 -1.98804013953105 -1.054526076646257 1.983852604728087
3924 -1.958342966350937 -0.9790886745230134 2.050921303601038
3925 -1.079004320754365 -0.7354007572851543 2.70091380869102
3926 -0.03594662965826145 0.3849963380097258 2.974976581342333
3927 -1.722047213355261 0.6154098475073492 2.37819766095385
3928 -1.7105079368028 0.6772394371869072 2.369706594254527
3929 -1.771147102535395 0.6486643855340236 2.332867860835723
3930 -0.302586401511885 -0.9146976692504036 2.841085997200361
3931 -0.2686221334593638 -0.958148069682989 2.83015802137946
3932 -0.257589688498693 -0.895478182906976 2.851625216664484
3933 -2.169955692734706 -1.169457623878025 1.709871678671183
3934 -2.229989522354883 -1.104284307325541 1.675620153490042
3935 -2.23946033985707 -1.174918710171849 1.613810215203564
3936 0.4043473412519791 0.08553228818768036 2.971394866943778
3937 0.4329599942538526 0.03893897178077706 2.968337817677152
3938 0.4848694236609511 0.08302428142081587 2.959393284221152
3939 -1.57538068811137 -0.9935886398818488 2.351798737609892
3940 -1.50777805265195 -1.050724967489149 2.371198512701123
3941 -1.523625455525398 -0.9743379120888891 2.393581229944221
3942 -0.4706993081176962 -0.1956369877522329 2.956377568978759
3943 -1.305174146266794 -1.078118897458544 2.476727698165368
3944 -1.681058572217533 0.6322050544459408 2.402989564252611
3945 0.05507066324769074 0.2687465585588065 2.987430753894098
3946 0.08088730420716499 0.2848020783664291 2.985355091136774
3947 0.07593201110456615 0.3165826180765164 2.982282645159817
3948 0.04515684757245963 0.3322984743111128 2.981197508231855
3949 0.01933909642404284 0.3162368202858218 2.983223134940632
3950 0.02429674017059565 0.2844654613332134 2.986383945464073
3951 0.05011671879480205 0.300539919033777 2.984487237628001
3952 -1.571486112046005 0.8140994220307073 2.422328122013159
3953 -1.595125386242004 0.8749053602004454 2.385396321968077
3954 -1.645491535268893 0.8701503671772808 2.352699714340881
3955 -1.672324519631823 0.8046507715056908 2.357088847912502
3956 -1.622232123147277 0.8095462133198502 2.390187830930568
3957 -1.933657093490545 0.1711634175857085 2.287285143849379
3958 -1.955161970973791 0.1123954376861304 2.272599598003402
3959 -1.915492703295521 0.1216762890791059 2.305663154994145
3960 0.08547074065094758 0.2507916729074121 2.988276809348974
3961 -0.4415424340381087 0.9198809318739517 2.821145042375243
3962 -0.4226404599559182 0.8822994663758484 2.836004706138751
3963 -0.3573552867283025 0.8742452822554897 2.847453666963055
3964 -0.3109259761571185 0.9036736239585753 2.843712189851905
3965 -0.3763279289152237 0.9120135957887404 2.83312698109613
3966 -1.860124390425518 -0.4291114843015312 2.314260267598403
3967 -0.08569987930929464 0.4695982271296319 2.96177869459605
3968 -1.654415308318139 -0.6567468583300133 2.414869261818589
3969 -1.625635742676152 -0.6562172994904281 2.434478853468077
3970 -1.644561376596085 -0.6295336743878419 2.428807368117145
3971 1.12032801557471 -0.501864461439912 2.737333958409543
3972 1.02530528317282 -0.5121089285308523 2.772452618462015
3973 1.082896091065476 -0.5797829212266152 2.73700343810691
3974 -0.1997239426073605 0.606798842204196 2.931195236051161
3975 -1.566785932094852 -0.6196631363696611 2.482176351594338
3976 -1.512547943647496 0.7990886545066475 2.464478857772265
3977 -1.477636054113265 0.8450721694327167 2.470312676572515
3978 -1.536847892381213 0.8602543812965818 2.428592381430746
3979 -0.005907537265604313 0.2969067765866951 2.985265728041703
3980 -1.751414024891863 -0.7367971336125686 2.321568197859452
3981 -1.762465400190367 -0.702242816005755 2.323912808282643
3982 -1.806560450588287 -0.6737021212772009 2.298361327153946
3983 -1.839488895963104 -0.6796723627927738 2.27031409300214
3984 -1.79579334020793 -0.7083717309105165 2.296374483857475
3985 -1.423978499655547 -0.7175245442655031 2.541150086259235
3986 -1.418581089216178 -0.7556216359635314 2.533113427500245
3987 -1.387728078881 -0.7332290679804725 2.556674776531762
3988 -0.9910941465656379 0.8567443131577028 2.698837078171868
3989 -1.018343031898304 0.8994550422366014 2.674688411082555
3990 -1.055783098673281 0.8827626302452009 2.665717949671048
3991 -1.06586722379727 0.8232635678214818 2.680702176507593
3992 -1.028610007219092 0.8401169683312378 2.690012069223978
3993 -1.220411439496807 0.3296535363635002 2.720647802327301
3994 -1.654185504329526 -0.773261100608885 2.380280989200898
3995 -1.697416011192904 -0.7723691830225423 2.349941431198459
3996 -1.664997272400602 -0.8274087197053684 2.354395653549777
3997 0.08128476285181577 0.3589127694658149 2.977343515827911
3998 0.3544278598060416 -0.01316090456514448 2.978960839417721
3999 0.4079982337408459 -0.01040762881906699 2.97210853141784
4000 0.3794531348607537 0.03619211888368573 2.975685710718633
4001 0.3883459954263316 -0.06149914979588911 2.974122600433734
4002 -1.239755858334673 1.065471066900904 2.515507268389799
4003 -1.221394192074438 1.154525171860473 2.485008622743063
4004 -1.300053085207595 1.11268503811293 2.46410104938938
4005 -1.60156458558451 -0.6951756142841422 2.439615081013024
4006 -1.606170441689138 -0.7346213786999201 2.424984111742002
4007 -1.572720968546776 -0.7222069924129327 2.450503175921867
4008 -0.3272691052429773 -0.9558898677869968 2.824742376468272
4009 -1.253889411394188 0.8725192565886987 2.581951101565528
4010 -0.05391988258341872 -0.5403686851073821 2.950439684253435
4011 -0.3772361488248031 -1.400911174511513 2.625860005626462
4012 -0.3688109490607374 -1.299639123533948 2.678603485481348
4013 -0.4621763596383909 -1.317252413812988 2.655416933533275
4014 -1.822482631347637 -0.2536217816269962 2.369437285585028
4015 -0.9940335721145687 1.06816182912545 2.62124542237245
4016 0.5188960103178109 0.317590233827177 2.93766631424569
4017 0.587348879844257 0.3303172297724599 2.92333915600998
4018 0.5494645287335547 0.3933499676491486 2.922903442574528
4019 0.5745603438508332 0.2575654310806263 2.933179241026069
4020 -1.922806165575476 -0.2720434525464488 2.286658874767189
4021 -1.015736361590807 -0.8039440490661732 2.705910865071752
4022 -1.489359153896824 0.6325443043462078 2.526202092815005
4023 -1.148452124229741 0.8045593349245299 2.652120282894046
4024 -1.112078949428926 0.784075189397915 2.673669109595965
4025 -1.102409719706097 0.8438867419599873 2.659426249521066
4026 -1.683894772246363 0.9381961068969749 2.298757590744341
4027 -1.748827100141691 0.9405665882402238 2.248763719668242
4028 -1.711443726430956 0.8730386351442613 2.304075500673875
4029 -1.702478063828156 -0.6953940139226759 2.370231129570373
4030 -1.721529615538674 -0.7334211575208677 2.344872957864458
4031 -1.635012257283909 -0.7351781309845545 2.405462124884413
4032 -1.659188708245922 -0.6962605216895047 2.400482059163511
4033 -1.678531004331085 -0.7344149046289317 2.375535395517852
4034 -1.477704407985152 -0.7556469115410369 2.499077315270527
4035 -1.445493799881094 -0.7747079826746204 2.51204602188844
4036 -1.450948616037341 -0.7366402697941575 2.520339109432879
4037 -1.842731573337618 -0.5595859716626438 2.300261700099152
4038 -1.836131708490184 -0.5847009182398452 2.299292322712882
4039 -1.823572856449403 -0.5679410525586697 2.313444401328788
4040 -0.6625747064344786 1.120362878406703 2.702920971667782
4041 -0.6570453186762727 1.197400669024756 2.671052804986203
4042 -0.72837447631431 1.153931790199973 2.67168711600362
4043 -0.1631562998691977 -0.3839821498215359 2.970847981710176
4044 -0.5887543341521028 1.156872220160492 2.70462844032929
4045 -1.934370959838772 0.2895223553798392 2.274727631051185
4046 -1.956450432803066 0.3490965663354042 2.247316909418324
4047 -2.00595705713287 0.3400659465965962 2.204652225840665
4048 -2.033185424358889 0.2714200565618254 2.189175228955083
4049 -2.010804386740836 0.2118083284785832 2.216258773304895
4050 -1.961501667946832 0.2208726727501873 2.259142861590206
4051 -1.984257778982158 0.2805432493227883 2.23249110900989
4052 0.3047817253559582 1.047863615766115 2.794474895690174
4053 -1.969903058857749 -0.5031757345395728 2.205968295074398
4054 -1.959935583657399 -0.4693028319997385 2.222252766854067
4055 -1.985959672218216 -0.4499663169799291 2.203064795666808
4056 0.6589055954331737 -0.8524423200652722 2.799854551091644
4057 -0.3811488324518432 -0.8196466522480651 2.860577727134701
4058 -0.3588140881845336 -0.8453547682833182 2.855981051383387
4059 -0.3552844980786963 -0.8110108016387902 2.866362573899223
4060 0.03307500786059566 -0.9906893104601689 2.831508561525989
4061 0.09758653935126452 -1.029237500781142 2.816229222617228
4062 0.1008328011007327 -0.9626028584495773 2.83958244872849
4063 -1.660291550831088 -0.1166471694003305 2.495961819441514
4064 0.9467243089653968 0.9439537535504933 2.685640406676204
4065 1.037189025985659 0.9896402822697183 2.635308527684004
4066 0.9096871927407597 1.040125862581369 2.662819445879273
4067 -1.312177874576427 -0.566383255032442 2.637688236674483
4068 -1.301449490332617 -0.5856023573214074 2.638806378500056
4069 -1.28871393607933 -0.5702199277381969 2.648408130361551
4070 1.059170405076525 -0.4222607799305632 2.774861057195921
4071 -0.5119677952667752 -1.041736094241152 2.766346848564884
4072 -0.4612088536592088 -1.018051159530958 2.784036319785363
4073 -0.5092457556289939 -0.9979811506107472 2.782930538730621
4074 -0.9549458949975529 0.8950258071457162 2.699445710172828
4075 -1.178223396334483 0.3044407807262814 2.742098728959409
4076 -1.162207311992394 0.2952263383259793 2.749930103313546
4077 -1.164237058766585 0.3175968438825602 2.746576835945131
4078 -0.3141180982088474 -1.346056808191993 2.662604155614883
4079 -1.181828945840725 0.2845682910668903 2.74268139427318
4080 -0.06523176814619946 -1.086149603865029 2.795715267055707
4081 -0.04833335342579642 -1.019121357898515 2.82117981433685
4082 -0.1161251107352262 -1.03599263921221 2.813047139696534
4083 -1.732611209054769 -0.6988758027525039 2.347260320157271
4084 -0.5433356654078392 0.879199382272046 2.816344226281346
4085 -0.5752516564196839 0.8940048341251259 2.805323669088349
4086 -0.5668343345732025 0.8651410643604082 2.816066365678603
4087 -1.867204969663435 -0.5807937150016926 2.275131702095222
4088 -1.848370905645634 -0.595305622865194 2.286730463029655
4089 -1.855011308588676 -0.5702035423115228 2.287750197321272
4090 -2.152113081692928 -0.5412794096143426 2.018768407800587
4091 -2.181802170009028 -0.5943450020213714 1.971419110568859
4092 -2.126357640408851 -0.608689562137011 2.026844888495506
4093 -1.858058175095658 -0.6603424376640921 2.260877635561031
4094 -1.843847552891426 -0.635096664924313 2.27966629748705
4095 -1.862803584366915 -0.6206253776829173 2.268212279890423
4096 1.021173373074942 0.7860257973541328 2.709126868202474
4097 0.9385384582066572 0.8419614314530006 2.722176796318102
4098 0.9286889550441187 0.7362801770814446 2.755980465390853
4099 -1.558625666775036 0.5998139955860322 2.492169577209624
4100 -1.142300506179288 0.7715380503708618 2.664559736694314
4101 -1.273024204294149 0.1061220134233595 2.714433180895824
4102 -1.253235744521713 0.1124619609508943 2.723371527352114
4103 -1.271787839526303 0.1264465082389673 2.714142032353354
4104 -2.022945893545953 0.3977833432635926 2.17932519914023
4105 -2.067592749441781 0.3869435957064239 2.139003243615483
4106 -2.050873341341829 0.3292611010669766 2.164602888545047
4107 -1.598468277058578 0.4492455517577514 2.498615136723392
4108 -0.3245027632930753 0.8457174115000256 2.859975527255584
4109 -1.765750316973055 -0.203871795732357 2.4167254931031
4110 -1.586650780724293 -1.077249572533045 2.306961780893728
4111 -1.641672991040876 1.110290672151302 2.252146623517375
4112 -1.630619029408489 1.02323231911258 2.300886177552989
4113 -1.570556549905482 1.083858518982183 2.314865619075703
4114 -0.143520684380324 0.5382583708013088 2.947826273615412
4115 -1.711887594864757 -0.1589070813561561 2.458493319503436
4116 -1.39887910333467 0.7456020358560665 2.547001150054879
4117 -1.374406476485421 0.7172373956073044 2.568380298113459
4118 -1.363973570085874 0.7596172857793825 2.56174894930248
4119 -1.258881176258821 0.09104289708761072 2.721567448172303
4120 -1.983427581562636 0.1621387660467447 2.24493341755194
4121 -1.203224988520778 0.6987649686594103 2.657814354986741
4122 0.4343200222862375 0.8186087037435871 2.853286860516574
4123 -1.947528988871889 -0.4889738897601887 2.228909009501381
4124 -1.908668706569071 0.3484691950073528 2.288133079323595
4125 -2.209419207269375 -0.5151179983850559 1.962936630227512
4126 1.030040772160632 0.8885693784079328 2.673847502652773
4127 -1.32669088446805 -0.587031418050193 2.625887547343063
4128 -1.825287185133024 -0.6544296104169341 2.28911523886385
4129 0.01618749705839263 -1.058144424548532 2.807145942364921
4130 -2.084385461740325 -1.068397797102888 1.874530179546669
4131 -2.016902212859629 -1.100997078271714 1.928707053287015
4132 -2.056488570334287 -1.022445833531575 1.930144885126079
4133 -1.630486010374264 -0.6957671256907401 2.420211452906928
4134 -0.6661706069325056 0.950888598779054 2.766229852194352
4135 -1.114361940179266 1.159686063265971 2.532454481515231
4136 -1.158433189989836 1.201359727815603 2.492943510934974
4137 -1.177598234832252 1.113085824111162 2.524738074629275
4138 -0.44459816787715 -1.086150780467537 2.760907269578253
4139 -2.136934533876772 -1.101591087924511 1.794438038197518
4140 -2.122984702768978 -1.167851477581124 1.768914604530275
4141 -2.071219015017652 -1.135143676256977 1.849729879221045
4142 -1.471281253892985 0.806097400171142 2.487074275806899
4143 -1.411453015360395 0.7135167116044919 2.549253672683666
4144 -1.696204078858477 1.02600838283591 2.251710132591294
4145 -0.4774090273906114 0.9263838269207605 2.813164343899161
4146 -0.494412458156604 0.8953857313685277 2.820255434048694
4147 -0.4585654907243182 0.8889188739034775 2.828345970056517
4148 -0.5264185570123188 0.9103479391294061 2.809653027075748
4149 -2.197054487336566 -1.036497726885657 1.760290896935823
4150 -2.243115369066735 -1.037612156638098 1.700527698525796
4151 -2.184149767580673 -1.103294071259269 1.735578285500668
4152 -2.049495491733019 0.4622828000218692 2.141462780944364
4153 -2.244222791801154 -0.9656423369785054 1.740976432291639
4154 -1.469898509827467 -0.8027388946334796 2.488977428151893
4155 -1.048499723112761 1.290098034955493 2.497257573987201
4156 -0.3043042704226772 -0.7145973304605364 2.897714541893524
4157 -0.402377697799031 -0.8402521550711874 2.851678190857478
4158 -0.6179408948365039 -0.923015542154015 2.786788718118184
4159 -1.322397984192089 0.6440524912407231 2.614662494459145
4160 -0.7992725380348901 -0.9111474139701713 2.74426197728255
4161 -0.8441549256668455 -0.9257699700520207 2.725867279238349
4162 -0.7948430996028391 -0.9642090228420053 2.727366020042748
4163 -0.8263246814293965 -0.8942114202440271 2.74181936982832
$EndNodes
$Elements
882
1 21 2 11 10 34 515 454 766 767 768 769 770 771 772
2 21 2 11 10 619 631 618 773 774 775 776 777 778 779
3 21 2 11 10 644 665 539 780 781 782 783 784 785 786
4 21 2 11 10 489 529 490 787 788 789 790 791 792 793
5 21 2 11 10 404 715 122 794 795 796 797 798 799 800
6 21 2 11 10 264 628 431 801 802 803 804 805 806 807
7 21 2 11 10 612 696 394 808 809 810 811 812 813 814
8 21 2 11 10 562 672 456 815 816 817 818 819 820 821
9 21 2 11 10 426 715 714 822 823 824 825 826 827 828
10 21 2 11 10 60 717 458 829 830 831 832 833 834 835
11 21 2 11 10 547 583 498 836 837 838 839 840 841 842
12 21 2 11 10 756 757 404 843 844 845 846 847 848 849
13 21 2 11 10 545 584 496 850 851 852 853 854 855 856
14 21 2 11 10 643 656 625 857 858 859 860 861 862 863
15 21 2 11 10 395 540 257 864 865 866 867 868 869 870
16 21 2 11 10 491 684 152 871 872 873 874 875 876 877
17 21 2 11 10 432 457 438 878 879 880 881 882 883 884
18 21 2 11 10 87 3 7 106 107 14 15 885 886 887
19 21 2 11 10 4 30 13 39 40 888 889 28 29 890
20 21 2 11 10 394 610 599 891 892 893 894 895 896 897
21 21 2 11 10 418 699 698 898 899 900 901 902 903 904
22 21 2 11 10 595 637 445 905 906 907 908 909 910 911
23 21 2 11 10 464 616 451 912 913 914 915 916 917 918
24 21 2 11 10 399 753 467 919 920 921 922 923 924 925
25 21 2 11 10 483 672 562 926 927 816 815 928 929 930
26 21 2 11 10 578 631 619 931 932 774 773 933 934 935
27 21 2 11 10 457 571 438 936 937 938 939 881 880 940
28 21 2 11 10 462 665 644 941 942 781 780 943 944 945
29 21 2 11 10 60 458 59 834 833 946 947 67 68 948
30 21 2 11 10 480 643 625 949 950 862 861 951 952 953
31 21 2 11 10 412 571 548 954 955 956 957 958 959 960
32 21 2 11 10 423 562 456 961 962 820 819 963 964 965
33 21 2 11 10 452 591 585 966 967 968 969 970 971 972
34 21 2 11 10 548 571 457 957 956 937 936 973 974 975
35 21 2 11 10 552 588 553 976 977 978 979 980 981 982
36 21 2 11 10 59 458 38 947 946 983 984 985 986 987
37 21 2 11 10 541 583 547 988 989 837 836 990 991 992
38 21 2 11 10 487 686 61 993 994 995 996 997 998 999
39 21 2 11 10 2 491 152 1000 1001 876 875 243 244 1002
40 21 2 11 10 512 730 63 1003 1004 1005 1006 1007 1008 1009
41 21 2 11 10 30 450 13 1010 1011 1012 1013 889 888 1014
42 21 2 11 10 424 522 245 1015 1016 1017 1018 1019 1020 1021
43 21 2 11 10 401 583 541 1022 1023 989 988 1024 1025 1026
44 21 2 11 10 625 656 511 860 859 1027 1028 1029 1030 1031
45 21 2 11 10 477 649 566 1032 1033 1034 1035 1036 1037 1038
46 21 2 11 10 64 512 63 1039 1040 1008 1007 75 76 1041
47 21 2 11 10 13 450 12 1013 1012 1042 1043 26 27 1044
48 21 2 11 10 588 713 553 1045 1046 1047 1048 979 978 1049
49 21 2 11 10 404 757 715 846 845 1050 1051 795 794 1052
50 21 2 11 10 424 523 522 1053 1054 1055 1056 1016 1015 1057
51 21 2 11 10 604 605 573 1058 1059 1060 1061 1062 1063 1064
52 21 2 11 10 602 687 628 1065 1066 1067 1068 1069 1070 1071
53 21 2 11 10 480 661 557 1072 1073 1074 1075 1076 1077 1078
54 21 2 11 10 79 512 64 1079 1080 1040 1039 1081 1082 1083
55 21 2 11 10 422 729 533 1084 1085 1086 1087 1088 1089 1090
56 21 2 11 10 279 673 396 1091 1092 1093 1094 1095 1096 1097
57 21 2 11 10 492 502 494 1098 1099 1100 1101 1102 1103 1104
58 21 2 11 10 668 683 430 1105 1106 1107 1108 1109 1110 1111
59 21 2 11 10 61 686 409 996 995 1112 1113 1114 1115 1116
60 21 2 11 10 410 593 592 1117 1118 1119 1120 1121 1122 1123
61 21 2 11 10 515 550 454 1124 1125 1126 1127 769 768 1128
62 21 2 11 10 550 561 559 1129 1130 1131 1132 1133 1134 1135
63 21 2 11 10 621 666 440 1136 1137 1138 1139 1140 1141 1142
64 21 2 11 10 547 584 543 1143 1144 1145 1146 1147 1148 1149
65 21 2 11 10 439 660 435 1150 1151 1152 1153 1154 1155 1156
66 21 2 11 10 463 709 606 1157 1158 1159 1160 1161 1162 1163
67 21 2 11 10 31 450 30 1164 1165 1011 1010 41 42 1166
68 21 2 11 10 430 683 624 1108 1107 1167 1168 1169 1170 1171
69 21 2 11 10 618 631 421 776 775 1172 1173 1174 1175 1176
70 21 2 11 10 453 516 32 1177 1178 1179 1180 1181 1182 1183
71 21 2 11 10 564 570 486 1184 1185 1186 1187 1188 1189 1190
72 21 2 11 10 33 737 453 1191 1192 1193 1194 1195 1196 1197
73 21 2 11 10 498 584 547 1198 1199 1144 1143 841 840 1200
74 21 2 11 10 34 454 33 771 770 1201 1202 47 48 1203
75 21 2 11 10 651 683 521 1204 1205 1206 1207 1208 1209 1210
76 21 2 11 10 11 735 434 1211 1212 1213 1214 1215 1216 1217
77 21 2 11 10 152 684 406 874 873 1218 1219 1220 1221 1222
78 21 2 11 10 399 503 130 1223 1224 1225 1226 1227 1228 1229
79 21 2 11 10 637 638 445 1230 1231 1232 1233 908 907 1234
80 21 2 11 10 453 595 516 1235 1236 1237 1238 1178 1177 1239
81 21 2 11 10 85 440 84 1240 1241 1242 1243 100 101 1244
82 21 2 11 10 33 453 32 1196 1195 1182 1181 45 46 1245
83 21 2 11 10 84 448 83 1246 1247 1248 1249 98 99 1250
84 21 2 11 10 674 744 260 1251 1252 1253 1254 1255 1256 1257
85 21 2 11 10 588 664 546 1258 1259 1260 1261 1262 1263 1264
86 21 2 11 10 260 744 407 1254 1253 1265 1266 1267 1268 1269
87 21 2 11 10 429 735 11 1270 1271 1212 1211 1272 1273 1274
88 21 2 11 10 697 707 447 1275 1276 1277 1278 1279 1280 1281
89 21 2 11 10 452 614 591 1282 1283 1284 1285 967 966 1286
90 21 2 11 10 407 505 259 1287 1288 1289 1290 1291 1292 1293
91 21 2 11 10 494 626 496 1294 1295 1296 1297 1298 1299 1300
92 21 2 11 10 440 751 84 1301 1302 1303 1304 1243 1242 1305
93 21 2 11 10 546 587 536 1306 1307 1308 1309 1310 1311 1312
94 21 2 11 10 566 691 477 1313 1314 1315 1316 1037 1036 1317
95 21 2 11 10 516 724 32 1318 1319 1320 1321 1180 1179 1322
96 21 2 11 10 536 588 546 1323 1324 1263 1262 1311 1310 1325
97 21 2 11 10 619 738 578 1326 1327 1328 1329 934 933 1330
98 21 2 11 10 441 759 442 1331 1332 1333 1334 1335 1336 1337
99 21 2 11 10 38 5 59 57 58 65 66 986 985 1338
100 21 2 11 10 64 6 79 77 78 88 89 1082 1081 1339
101 21 2 11 10 507 540 395 1340 1341 865 864 1342 1343 1344
102 21 2 11 10 648 649 477 1345 1346 1033 1032 1347 1348 1349
103 21 2 11 10 423 727 36 1350 1351 1352 1353 1354 1355 1356
104 21 2 11 10 755 757 756 1357 1358 844 843 1359 1360 1361
105 21 2 11 10 400 627 266 1362 1363 1364 1365 1366 1367 1368
106 21 2 11 10 555 660 439 1369 1370 1151 1150 1371 1372 1373
107 21 2 11 10 474 661 480 1374 1375 1073 1072 1376 1377 1378
108 21 2 11 10 459 538 137 1379 1380 1381 1382 1383 1384 1385
109 21 2 11 10 497 642 493 1386 1387 1388 1389 1390 1391 1392
110 21 2 11 10 534 763 533 1393 1394 1395 1396 1397 1398 1399
111 21 2 11 10 539 665 538 783 782 1400 1401 1402 1403 1404
112 21 2 11 10 36 727 455 1353 1352 1405 1406 1407 1408 1409
113 21 2 11 10 87 586 86 1410 1411 1412 1413 104 105 1414
114 21 2 11 10 585 591 590 969 968 1415 1416 1417 1418 1419
115 21 2 11 10 699 748 426 1420 1421 1422 1423 1424 1425 1426
116 21 2 11 10 455 651 521 1427 1428 1209 1208 1429 1430 1431
117 21 2 11 10 81 750 427 1432 1433 1434 1435 1436 1437 1438
118 21 2 11 10 701 703 702 1439 1440 1441 1442 1443 1444 1445
119 21 2 11 10 458 669 38 1446 1447 1448 1449 984 983 1450
120 21 2 11 10 482 691 567 1451 1452 1453 1454 1455 1456 1457
121 21 2 11 10 37 423 36 1458 1459 1355 1354 53 54 1460
122 21 2 11 10 451 750 81 1461 1462 1433 1432 1463 1464 1465
123 21 2 11 10 559 634 550 1466 1467 1468 1469 1134 1133 1470
124 21 2 11 10 556 643 557 1471 1472 1473 1474 1475 1476 1477
125 21 2 11 10 441 537 8 1478 1479 1480 1481 1482 1483 1484
126 21 2 11 10 530 652 444 1485 1486 1487 1488 1489 1490 1491
127 21 2 11 10 81 427 80 1437 1436 1492 1493 92 93 1494
128 21 2 11 10 459 539 538 1495 1496 1403 1402 1380 1379 1497
129 21 2 11 10 540 657 630 1498 1499 1500 1501 1502 1503 1504
130 21 2 11 10 519 576 532 1505 1506 1507 1508 1509 1510 1511
131 21 2 11 10 507 657 540 1512 1513 1499 1498 1341 1340 1514
132 21 2 11 10 280 673 279 1515 1516 1092 1091 363 364 1517
133 21 2 11 10 12 429 11 1518 1519 1273 1272 24 25 1520
134 21 2 11 10 288 542 397 1521 1522 1523 1524 1525 1526 1527
135 21 2 11 10 438 571 513 939 938 1528 1529 1530 1531 1532
136 21 2 11 10 421 631 594 1173 1172 1533 1534 1535 1536 1537
137 21 2 11 10 552 664 588 1538 1539 1259 1258 977 976 1540
138 21 2 11 10 418 748 699 1541 1542 1421 1420 899 898 1543
139 21 2 11 10 122 715 121 797 796 1544 1545 181 182 1546
140 21 2 11 10 433 582 581 1547 1548 1549 1550 1551 1552 1553
141 21 2 11 10 524 569 527 1554 1555 1556 1557 1558 1559 1560
142 21 2 11 10 10 422 9 1561 1562 1563 1564 20 21 1565
143 21 2 11 10 265 628 264 1566 1567 802 801 333 334 1568
144 21 2 11 10 668 689 431 1569 1570 1571 1572 1573 1574 1575
145 21 2 11 10 498 499 497 1576 1577 1578 1579 1580 1581 1582
146 21 2 11 10 430 689 668 1583 1584 1570 1569 1110 1109 1585
147 21 2 11 10 496 587 545 1586 1587 1588 1589 855 854 1590
148 21 2 11 10 488 489 2 1591 1592 1593 1594 1595 1596 1597
149 21 2 11 10 543 584 545 1146 1145 851 850 1598 1599 1600
150 21 2 11 10 134 660 133 1601 1602 1603 1604 205 206 1605
151 21 2 11 10 422 759 441 1606 1607 1332 1331 1608 1609 1610
152 21 2 11 10 486 739 473 1611 1612 1613 1614 1615 1616 1617
153 21 2 11 10 9 441 8 1618 1619 1483 1482 18 19 1620
154 21 2 11 10 467 468 399 1621 1622 1623 1624 924 923 1625
155 21 2 11 10 411 487 62 1626 1627 1628 1629 1630 1631 1632
156 21 2 11 10 499 500 497 1633 1634 1635 1636 1579 1578 1637
157 21 2 11 10 560 634 559 1638 1639 1467 1466 1640 1641 1642
158 21 2 11 10 412 548 255 959 958 1643 1644 1645 1646 1647
159 21 2 11 10 495 497 493 1648 1649 1391 1390 1650 1651 1652
160 21 2 11 10 79 677 512 1653 1654 1655 1656 1080 1079 1657
161 21 2 11 10 515 601 550 1658 1659 1660 1661 1125 1124 1662
162 21 2 11 10 592 603 410 1663 1664 1665 1666 1122 1121 1667
163 21 2 11 10 411 566 487 1668 1669 1670 1671 1627 1626 1672
164 21 2 11 10 392 551 284 1673 1674 1675 1676 1677 1678 1679
165 21 2 11 10 393 558 268 1680 1681 1682 1683 1684 1685 1686
166 21 2 11 10 430 674 261 1687 1688 1689 1690 1691 1692 1693
167 21 2 11 10 108 488 2 1694 1695 1596 1595 153 154 1696
168 21 2 11 10 568 677 427 1697 1698 1699 1700 1701 1702 1703
169 21 2 11 10 574 765 458 1704 1705 1706 1707 1708 1709 1710
170 21 2 11 10 435 660 134 1153 1152 1602 1601 1711 1712 1713
171 21 2 11 10 447 762 723 1714 1715 1716 1717 1718 1719 1720
172 21 2 11 10 642 684 493 1721 1722 1723 1724 1389 1388 1725
173 21 2 11 10 8 586 7 1726 1727 1728 1729 16 17 1730
174 21 2 11 10 567 691 566 1454 1453 1314 1313 1731 1732 1733
175 21 2 11 10 454 737 33 1734 1735 1192 1191 1202 1201 1736
176 21 2 11 10 403 756 124 1737 1738 1739 1740 1741 1742 1743
177 21 2 11 10 257 540 256 867 866 1744 1745 317 318 1746
178 21 2 11 10 428 569 247 1747 1748 1749 1750 1751 1752 1753
179 21 2 11 10 258 505 395 1754 1755 1756 1757 1758 1759 1760
180 21 2 11 10 514 666 621 1761 1762 1137 1136 1763 1764 1765
181 21 2 11 10 245 522 1 1018 1017 1766 1767 293 294 1768
182 21 2 11 10 560 654 634 1769 1770 1771 1772 1639 1638 1773
183 21 2 11 10 63 411 62 1774 1775 1631 1630 73 74 1776
184 21 2 11 10 62 487 61 1629 1628 998 997 71 72 1777
185 21 2 11 10 527 738 619 1778 1779 1327 1326 1780 1781 1782
186 21 2 11 10 464 647 616 1783 1784 1785 1786 913 912 1787
187 21 2 11 10 129 503 398 1788 1789 1790 1791 1792 1793 1794
188 21 2 11 10 254 548 462 1795 1796 1797 1798 1799 1800 1801
189 21 2 11 10 61 409 60 1115 1114 1802 1803 69 70 1804
190 21 2 11 10 127 563 402 1805 1806 1807 1808 1809 1810 1811
191 21 2 11 10 494 655 626 1812 1813 1814 1815 1295 1294 1816
192 21 2 11 10 456 727 423 1817 1818 1351 1350 964 963 1819
193 21 2 11 10 424 569 524 1820 1821 1555 1554 1822 1823 1824
194 21 2 11 10 499 501 500 1825 1826 1827 1828 1634 1633 1829
195 21 2 11 10 499 583 504 1830 1831 1832 1833 1834 1835 1836
196 21 2 11 10 422 533 443 1089 1088 1837 1838 1839 1840 1841
197 21 2 11 10 601 627 400 1842 1843 1363 1362 1844 1845 1846
198 21 2 11 10 533 763 443 1396 1395 1847 1848 1838 1837 1849
199 21 2 11 10 132 753 131 1850 1851 1852 1853 201 202 1854
200 21 2 11 10 585 650 452 1855 1856 1857 1858 971 970 1859
201 21 2 11 10 408 549 292 1860 1861 1862 1863 1864 1865 1866
202 21 2 11 10 422 441 9 1609 1608 1619 1618 1564 1563 1867
203 21 2 11 10 645 667 602 1868 1869 1870 1871 1872 1873 1874
204 21 2 11 10 481 486 473 1875 1876 1616 1615 1877 1878 1879
205 21 2 11 10 289 542 288 1880 1881 1522 1521 381 382 1882
206 21 2 11 10 577 579 578 1883 1884 1885 1886 1887 1888 1889
207 21 2 11 10 83 754 461 1890 1891 1892 1893 1894 1895 1896
208 21 2 11 10 10 729 422 1897 1898 1085 1084 1562 1561 1899
209 21 2 11 10 465 753 132 1900 1901 1851 1850 1902 1903 1904
210 21 2 11 10 495 498 497 1905 1906 1581 1580 1649 1648 1907
211 21 2 11 10 433 644 539 1908 1909 785 784 1910 1911 1912
212 21 2 11 10 571 630 513 1913 1914 1915 1916 1529 1528 1917
213 21 2 11 10 617 640 632 1918 1919 1920 1921 1922 1923 1924
214 21 2 11 10 410 720 593 1925 1926 1927 1928 1118 1117 1929
215 21 2 11 10 632 640 416 1921 1920 1930 1931 1932 1933 1934
216 21 2 11 10 137 538 136 1382 1381 1935 1936 211 212 1937
217 21 2 11 10 12 725 429 1938 1939 1940 1941 1519 1518 1942
218 21 2 11 10 437 579 577 1943 1944 1884 1883 1945 1946 1947
219 21 2 11 10 437 577 249 1946 1945 1948 1949 1950 1951 1952
220 21 2 11 10 406 642 593 1953 1954 1955 1956 1957 1958 1959
221 21 2 11 10 549 733 504 1960 1961 1962 1963 1964 1965 1966
222 21 2 11 10 614 615 591 1967 1968 1969 1970 1285 1284 1971
223 21 2 11 10 436 688 457 1972 1973 1974 1975 1976 1977 1978
224 21 2 11 10 594 675 421 1979 1980 1981 1982 1536 1535 1983
225 21 2 11 10 496 584 495 853 852 1984 1985 1986 1987 1988
226 21 2 11 10 679 745 522 1989 1990 1991 1992 1993 1994 1995
227 21 2 11 10 433 581 251 1552 1551 1996 1997 1998 1999 2000
228 21 2 11 10 424 524 523 1823 1822 2001 2002 1054 1053 2003
229 21 2 11 10 634 654 613 1772 1771 2004 2005 2006 2007 2008
230 21 2 11 10 32 724 31 1321 1320 2009 2010 43 44 2011
231 21 2 11 10 652 743 444 2012 2013 2014 2015 1488 1487 2016
232 21 2 11 10 63 730 411 1006 1005 2017 2018 1775 1774 2019
233 21 2 11 10 291 549 401 2020 2021 2022 2023 2024 2025 2026
234 21 2 11 10 537 586 8 2027 2028 1727 1726 1481 1480 2029
235 21 2 11 10 268 558 267 1683 1682 2030 2031 339 340 2032
236 21 2 11 10 511 672 625 2033 2034 2035 2036 1030 1029 2037
237 21 2 11 10 428 738 569 2038 2039 2040 2041 1748 1747 2042
238 21 2 11 10 522 745 408 1992 1991 2043 2044 2045 2046 2047
239 21 2 11 10 499 504 501 1835 1834 2048 2049 1826 1825 2050
240 21 2 11 10 567 568 482 2051 2052 2053 2054 1456 1455 2055
241 21 2 11 10 541 542 289 2056 2057 1881 1880 2058 2059 2060
242 21 2 11 10 628 687 431 1068 1067 2061 2062 804 803 2063
243 21 2 11 10 486 590 564 2064 2065 2066 2067 1189 1188 2068
244 21 2 11 10 504 741 549 2069 2070 2071 2072 1965 1964 2073
245 21 2 11 10 569 738 527 2041 2040 1779 1778 1557 1556 2074
246 21 2 11 10 447 723 281 1719 1718 2075 2076 2077 2078 2079
247 21 2 11 10 433 694 582 2080 2081 2082 2083 1548 1547 2084
248 21 2 11 10 504 517 501 2085 2086 2087 2088 2049 2048 2089
249 21 2 11 10 38 669 37 1449 1448 2090 2091 55 56 2092
250 21 2 11 10 409 717 60 2093 2094 830 829 1803 1802 2095
251 21 2 11 10 474 480 478 1377 1376 2096 2097 2098 2099 2100
252 21 2 11 10 407 721 505 2101 2102 2103 2104 1288 1287 2105
253 21 2 11 10 498 583 499 839 838 1831 1830 1577 1576 2106
254 21 2 11 10 284 551 283 1676 1675 2107 2108 371 372 2109
255 21 2 11 10 80 677 79 2110 2111 1654 1653 90 91 2112
256 21 2 11 10 426 748 120 1423 1422 2113 2114 2115 2116 2117
257 21 2 11 10 502 655 494 2118 2119 1813 1812 1101 1100 2120
258 21 2 11 10 606 728 463 2121 2122 2123 2124 1162 1161 2125
259 21 2 11 10 399 718 503 2126 2127 2128 2129 1224 1223 2130
260 21 2 11 10 84 751 448 1304 1303 2131 2132 1247 1246 2133
261 21 2 11 10 124 756 123 1740 1739 2134 2135 185 186 2136
262 21 2 11 10 262 689 430 2137 2138 1584 1583 2139 2140 2141
263 21 2 11 10 702 703 417 1442 1441 2142 2143 2144 2145 2146
264 21 2 11 10 128 563 127 2147 2148 1806 1805 193 194 2149
265 21 2 11 10 539 694 433 2150 2151 2081 2080 1911 1910 2152
266 21 2 11 10 550 601 561 1661 1660 2153 2154 1130 1129 2155
267 21 2 11 10 247 569 246 1750 1749 2156 2157 297 298 2158
268 21 2 11 10 501 592 500 2159 2160 2161 2162 1828 1827 2163
269 21 2 11 10 581 582 580 1550 1549 2164 2165 2166 2167 2168
270 21 2 11 10 625 672 483 2036 2035 927 926 2169 2170 2171
271 21 2 11 10 290 541 289 2172 2173 2059 2058 383 384 2174
272 21 2 11 10 654 682 405 2175 2176 2177 2178 2179 2180 2181
273 21 2 11 10 557 643 480 1474 1473 950 949 1077 1076 2182
274 21 2 11 10 442 514 441 2183 2184 2185 2186 1336 1335 2187
275 21 2 11 10 579 631 578 2188 2189 932 931 1886 1885 2190
276 21 2 11 10 86 586 537 1413 1412 2028 2027 2191 2192 2193
277 21 2 11 10 411 567 566 2194 2195 1732 1731 1669 1668 2196
278 21 2 11 10 431 689 263 1572 1571 2197 2198 2199 2200 2201
279 21 2 11 10 662 713 534 2202 2203 2204 2205 2206 2207 2208
280 21 2 11 10 437 581 580 2209 2210 2167 2166 2211 2212 2213
281 21 2 11 10 495 584 498 1985 1984 1199 1198 1906 1905 2214
282 21 2 11 10 594 631 579 1534 1533 2189 2188 2215 2216 2217
283 21 2 11 10 427 734 568 2218 2219 2220 2221 1702 1701 2222
284 21 2 11 10 554 713 706 2223 2224 2225 2226 2227 2228 2229
285 21 2 11 10 568 693 677 2230 2231 2232 2233 1698 1697 2234
286 21 2 11 10 530 655 502 2235 2236 2119 2118 2237 2238 2239
287 21 2 11 10 249 577 248 1949 1948 2240 2241 301 302 2242
288 21 2 11 10 443 759 422 2243 2244 1607 1606 1840 1839 2245
289 21 2 11 10 519 679 576 2246 2247 2248 2249 1506 1505 2250
290 21 2 11 10 592 593 500 1120 1119 2251 2252 2162 2161 2253
291 21 2 11 10 37 669 423 2091 2090 2254 2255 1459 1458 2256
292 21 2 11 10 489 490 2 792 791 2257 2258 1594 1593 2259
293 21 2 11 10 533 662 534 2260 2261 2207 2206 1398 1397 2262
294 21 2 11 10 593 642 500 1956 1955 2263 2264 2252 2251 2265
295 21 2 11 10 517 518 501 2266 2267 2268 2269 2088 2087 2270
296 21 2 11 10 457 688 548 1975 1974 2271 2272 974 973 2273
297 21 2 11 10 526 731 620 2274 2275 2276 2277 2278 2279 2280
298 21 2 11 10 251 581 250 1997 1996 2281 2282 305 306 2283
299 21 2 11 10 416 704 659 2284 2285 2286 2287 2288 2289 2290
300 21 2 11 10 437 580 579 2212 2211 2291 2292 1944 1943 2293
301 21 2 11 10 85 621 440 2294 2295 1141 1140 1241 1240 2296
302 21 2 11 10 517 519 518 2297 2298 2299 2300 2267 2266 2301
303 21 2 11 10 524 525 523 2302 2303 2304 2305 2002 2001 2306
304 21 2 11 10 442 652 514 2307 2308 2309 2310 2184 2183 2311
305 21 2 11 10 445 710 595 2312 2313 2314 2315 910 909 2316
306 21 2 11 10 503 718 520 2129 2128 2317 2318 2319 2320 2321
307 21 2 11 10 283 535 282 2322 2323 2324 2325 369 370 2326
308 21 2 11 10 451 761 464 2327 2328 2329 2330 917 916 2331
309 21 2 11 10 152 406 151 1221 1220 2332 2333 241 242 2334
310 21 2 11 10 534 713 588 2205 2204 1046 1045 2335 2336 2337
311 21 2 11 10 519 532 518 1510 1509 2338 2339 2300 2299 2340
312 21 2 11 10 281 446 280 2341 2342 2343 2344 365 366 2345
313 21 2 11 10 595 658 636 2346 2347 2348 2349 2350 2351 2352
314 21 2 11 10 700 702 418 2353 2354 2355 2356 2357 2358 2359
315 21 2 11 10 125 575 403 2360 2361 2362 2363 2364 2365 2366
316 21 2 11 10 518 592 501 2367 2368 2160 2159 2269 2268 2369
317 21 2 11 10 580 594 579 2370 2371 2216 2215 2292 2291 2372
318 21 2 11 10 287 589 286 2373 2374 2375 2376 377 378 2377
319 21 2 11 10 136 436 135 2378 2379 2380 2381 209 210 2382
320 21 2 11 10 462 644 253 944 943 2383 2384 2385 2386 2387
321 21 2 11 10 629 634 613 2388 2389 2007 2006 2390 2391 2392
322 21 2 11 10 524 526 525 2393 2394 2395 2396 2303 2302 2397
323 21 2 11 10 402 575 126 2398 2399 2400 2401 2402 2403 2404
324 21 2 11 10 620 722 526 2405 2406 2407 2408 2279 2278 2409
325 21 2 11 10 611 612 394 2410 2411 813 812 2412 2413 2414
326 21 2 11 10 518 603 592 2415 2416 1664 1663 2368 2367 2417
327 21 2 11 10 449 682 654 2418 2419 2176 2175 2420 2421 2422
328 21 2 11 10 619 731 527 2423 2424 2425 2426 1781 1780 2427
329 21 2 11 10 525 576 523 2428 2429 2430 2431 2305 2304 2432
330 21 2 11 10 254 462 253 1800 1799 2386 2385 311 312 2433
331 21 2 11 10 446 673 280 2434 2435 1516 1515 2344 2343 2436
332 21 2 11 10 582 694 609 2083 2082 2437 2438 2439 2440 2441
333 21 2 11 10 255 548 254 1644 1643 1796 1795 313 314 2442
334 21 2 11 10 291 401 290 2025 2024 2443 2444 385 386 2445
335 21 2 11 10 525 600 576 2446 2447 2448 2449 2429 2428 2450
336 21 2 11 10 446 708 673 2451 2452 2453 2454 2435 2434 2455
337 21 2 11 10 577 578 428 1888 1887 2456 2457 2458 2459 2460
338 21 2 11 10 427 677 80 1700 1699 2111 2110 1493 1492 2461
339 21 2 11 10 524 527 526 1559 1558 2462 2463 2394 2393 2464
340 21 2 11 10 548 688 462 2272 2271 2465 2466 1798 1797 2467
341 21 2 11 10 278 596 277 2468 2469 2470 2471 359 360 2472
342 21 2 11 10 250 581 437 2282 2281 2210 2209 2473 2474 2475
343 21 2 11 10 248 577 428 2241 2240 2459 2458 2476 2477 2478
344 21 2 11 10 252 433 251 2479 2480 1999 1998 307 308 2481
345 21 2 11 10 458 765 669 1707 1706 2482 2483 1447 1446 2484
346 21 2 11 10 250 437 249 2474 2473 1951 1950 303 304 2485
347 21 2 11 10 246 424 245 2486 2487 1020 1019 295 296 2488
348 21 2 11 10 248 428 247 2477 2476 1752 1751 299 300 2489
349 21 2 11 10 246 569 424 2157 2156 1821 1820 2487 2486 2490
350 21 2 11 10 1 408 292 2491 2492 1865 1864 389 390 2493
351 21 2 11 10 408 733 549 2494 2495 1961 1960 1861 1860 2496
352 21 2 11 10 1 522 408 1767 1766 2046 2045 2492 2491 2497
353 21 2 11 10 256 412 255 2498 2499 1646 1645 315 316 2500
354 21 2 11 10 150 410 149 2501 2502 2503 2504 237 238 2505
355 21 2 11 10 146 413 145 2506 2507 2508 2509 229 230 2510
356 21 2 11 10 148 420 147 2511 2512 2513 2514 233 234 2515
357 21 2 11 10 142 421 141 2516 2517 2518 2519 221 222 2520
358 21 2 11 10 140 425 139 2521 2522 2523 2524 217 218 2525
359 21 2 11 10 144 419 143 2526 2527 2528 2529 225 226 2530
360 21 2 11 10 576 695 532 2531 2532 2533 2534 1508 1507 2535
361 21 2 11 10 138 459 137 2536 2537 1384 1383 213 214 2538
362 21 2 11 10 714 747 426 2539 2540 2541 2542 827 826 2543
363 21 2 11 10 286 608 285 2544 2545 2546 2547 375 376 2548
364 21 2 11 10 633 728 607 2549 2550 2551 2552 2553 2554 2555
365 21 2 11 10 292 549 291 1863 1862 2021 2020 387 388 2556
366 21 2 11 10 702 736 418 2557 2558 2559 2560 2356 2355 2561
367 21 2 11 10 439 556 555 2562 2563 2564 2565 1372 1371 2566
368 21 2 11 10 135 432 134 2567 2568 2569 2570 207 208 2571
369 21 2 11 10 542 543 397 2572 2573 2574 2575 1524 1523 2576
370 21 2 11 10 664 692 546 2577 2578 2579 2580 1261 1260 2581
371 21 2 11 10 269 393 268 2582 2583 1685 1684 341 342 2584
372 21 2 11 10 279 396 278 1096 1095 2585 2586 361 362 2587
373 21 2 11 10 285 392 284 2588 2589 1678 1677 373 374 2590
374 21 2 11 10 276 394 275 2591 2592 2593 2594 355 356 2595
375 21 2 11 10 288 397 287 1526 1525 2596 2597 379 380 2598
376 21 2 11 10 490 491 2 2599 2600 1001 1000 2258 2257 2601
377 21 2 11 10 262 430 261 2140 2139 1692 1691 327 328 2602
378 21 2 11 10 136 538 436 1936 1935 2603 2604 2379 2378 2605
379 21 2 11 10 264 431 263 806 805 2200 2199 331 332 2606
380 21 2 11 10 273 405 272 2607 2608 2609 2610 349 350 2611
381 21 2 11 10 259 505 258 1290 1289 1755 1754 321 322 2612
382 21 2 11 10 109 414 108 2613 2614 2615 2616 155 156 2617
383 21 2 11 10 267 400 266 2618 2619 1367 1366 337 338 2620
384 21 2 11 10 285 608 392 2547 2546 2621 2622 2589 2588 2623
385 21 2 11 10 271 449 270 2624 2625 2626 2627 345 346 2628
386 21 2 11 10 258 395 257 1759 1758 869 868 319 320 2629
387 21 2 11 10 532 603 518 2630 2631 2416 2415 2339 2338 2632
388 21 2 11 10 397 589 287 2633 2634 2374 2373 2597 2596 2635
389 21 2 11 10 396 596 278 2636 2637 2469 2468 2586 2585 2638
390 21 2 11 10 139 609 138 2639 2640 2641 2642 215 216 2643
391 21 2 11 10 425 609 139 2644 2645 2640 2639 2524 2523 2646
392 21 2 11 10 261 674 260 1690 1689 1256 1255 325 326 2647
393 21 2 11 10 277 610 276 2648 2649 2650 2651 357 358 2652
394 21 2 11 10 515 602 601 2653 2654 2655 2656 1659 1658 2657
395 21 2 11 10 266 627 265 1365 1364 2658 2659 335 336 2660
396 21 2 11 10 252 644 433 2661 2662 1909 1908 2480 2479 2663
397 21 2 11 10 490 529 502 790 789 2664 2665 2666 2667 2668
398 21 2 11 10 267 558 400 2031 2030 2669 2670 2619 2618 2671
399 21 2 11 10 613 719 629 2672 2673 2674 2675 2391 2390 2676
400 21 2 11 10 129 398 128 1793 1792 2677 2678 195 196 2679
401 21 2 11 10 115 416 114 2680 2681 2682 2683 167 168 2684
402 21 2 11 10 110 678 109 2685 2686 2687 2688 157 158 2689
403 21 2 11 10 112 415 111 2690 2691 2692 2693 161 162 2694
404 21 2 11 10 117 417 116 2695 2696 2697 2698 171 172 2699
405 21 2 11 10 127 402 126 1810 1809 2403 2402 191 192 2700
406 21 2 11 10 126 575 125 2401 2400 2361 2360 189 190 2701
407 21 2 11 10 125 403 124 2365 2364 1742 1741 187 188 2702
408 21 2 11 10 119 418 118 2703 2704 2705 2706 175 176 2707
409 21 2 11 10 123 404 122 2708 2709 799 798 183 184 2710
410 21 2 11 10 589 608 286 2711 2712 2545 2544 2376 2375 2713
411 21 2 11 10 627 628 265 2714 2715 1567 1566 2659 2658 2716
412 21 2 11 10 596 610 277 2717 2718 2649 2648 2471 2470 2719
413 21 2 11 10 260 407 259 1268 1267 1292 1291 323 324 2720
414 21 2 11 10 637 639 638 2721 2722 2723 2724 1231 1230 2725
415 21 2 11 10 707 762 447 2726 2727 1715 1714 1278 1277 2728
416 21 2 11 10 133 391 132 2729 2730 2731 2732 203 204 2733
417 21 2 11 10 121 426 120 2734 2735 2116 2115 179 180 2736
418 21 2 11 10 131 399 130 2737 2738 1228 1227 199 200 2739
419 21 2 11 10 417 736 702 2740 2741 2558 2557 2145 2144 2742
420 21 2 11 10 256 540 412 1745 1744 2743 2744 2499 2498 2745
421 21 2 11 10 401 541 290 1025 1024 2173 2172 2444 2443 2746
422 21 2 11 10 111 604 110 2747 2748 2749 2750 159 160 2751
423 21 2 11 10 123 756 404 2135 2134 848 847 2709 2708 2752
424 21 2 11 10 130 503 129 1226 1225 1789 1788 197 198 2753
425 21 2 11 10 109 678 414 2688 2687 2754 2755 2614 2613 2756
426 21 2 11 10 398 563 128 2757 2758 2148 2147 2678 2677 2759
427 21 2 11 10 121 715 426 1545 1544 823 822 2735 2734 2760
428 21 2 11 10 445 735 710 2761 2762 2763 2764 2313 2312 2765
429 21 2 11 10 391 465 132 2766 2767 1903 1902 2732 2731 2768
430 21 2 11 10 444 655 530 2769 2770 2236 2235 1490 1489 2771
431 21 2 11 10 119 748 418 2772 2773 1542 1541 2704 2703 2774
432 21 2 11 10 276 610 394 2651 2650 892 891 2592 2591 2775
433 21 2 11 10 138 609 459 2642 2641 2776 2777 2537 2536 2778
434 21 2 11 10 554 707 697 2779 2780 1276 1275 2781 2782 2783
435 21 2 11 10 426 747 699 2542 2541 2784 2785 1425 1424 2786
436 21 2 11 10 414 488 108 2787 2788 1695 1694 2616 2615 2789
437 21 2 11 10 665 688 436 2790 2791 1973 1972 2792 2793 2794
438 21 2 11 10 566 649 487 1035 1034 2795 2796 1671 1670 2797
439 21 2 11 10 415 604 111 2798 2799 2748 2747 2693 2692 2800
440 21 2 11 10 432 760 457 2801 2802 2803 2804 879 878 2805
441 21 2 11 10 419 619 618 2806 2807 778 777 2808 2809 2810
442 21 2 11 10 504 733 517 1963 1962 2811 2812 2086 2085 2813
443 21 2 11 10 604 678 110 2814 2815 2686 2685 2750 2749 2816
444 21 2 11 10 481 585 486 2817 2818 2819 2820 1876 1875 2821
445 21 2 11 10 417 704 116 2822 2823 2824 2825 2698 2697 2826
446 21 2 11 10 434 729 11 2827 2828 2829 2830 1216 1215 2831
447 21 2 11 10 143 618 142 2832 2833 2834 2835 223 224 2836
448 21 2 11 10 145 620 144 2837 2838 2839 2840 227 228 2841
449 21 2 11 10 560 653 449 2842 2843 2844 2845 2846 2847 2848
450 21 2 11 10 457 760 436 2804 2803 2849 2850 1977 1976 2851
451 21 2 11 10 113 617 112 2852 2853 2854 2855 163 164 2856
452 21 2 11 10 142 618 421 2835 2834 1175 1174 2517 2516 2857
453 21 2 11 10 419 618 143 2809 2808 2833 2832 2529 2528 2858
454 21 2 11 10 583 741 504 2859 2860 2070 2069 1833 1832 2861
455 21 2 11 10 144 620 419 2840 2839 2862 2863 2527 2526 2864
456 21 2 11 10 413 620 145 2865 2866 2838 2837 2509 2508 2867
457 21 2 11 10 593 720 406 1928 1927 2868 2869 1958 1957 2870
458 21 2 11 10 480 625 478 952 951 2871 2872 2097 2096 2873
459 21 2 11 10 706 713 662 2226 2225 2203 2202 2874 2875 2876
460 21 2 11 10 116 704 115 2825 2824 2877 2878 169 170 2879
461 21 2 11 10 609 694 459 2438 2437 2880 2881 2777 2776 2882
462 21 2 11 10 112 617 415 2855 2854 2883 2884 2691 2690 2885
463 21 2 11 10 115 704 416 2878 2877 2285 2284 2681 2680 2886
464 21 2 11 10 654 711 613 2887 2888 2889 2890 2005 2004 2891
465 21 2 11 10 401 741 583 2892 2893 2860 2859 1023 1022 2894
466 21 2 11 10 721 744 623 2895 2896 2897 2898 2899 2900 2901
467 21 2 11 10 81 761 451 2902 2903 2328 2327 1464 1463 2904
468 21 2 11 10 557 661 466 1075 1074 2905 2906 2907 2908 2909
469 21 2 11 10 594 742 425 2910 2911 2912 2913 2914 2915 2916
470 21 2 11 10 636 637 595 2917 2918 906 905 2351 2350 2919
471 21 2 11 10 698 700 418 2920 2921 2358 2357 903 902 2922
472 21 2 11 10 432 435 134 2923 2924 1712 1711 2570 2569 2925
473 21 2 11 10 412 630 571 2926 2927 1914 1913 955 954 2928
474 21 2 11 10 588 763 534 2929 2930 1394 1393 2336 2335 2931
475 21 2 11 10 542 547 543 2932 2933 1148 1147 2573 2572 2934
476 21 2 11 10 418 736 118 2560 2559 2935 2936 2706 2705 2937
477 21 2 11 10 263 689 262 2198 2197 2138 2137 329 330 2938
478 21 2 11 10 580 742 594 2939 2940 2911 2910 2371 2370 2941
479 21 2 11 10 283 551 535 2108 2107 2942 2943 2323 2322 2944
480 21 2 11 10 500 642 497 2264 2263 1387 1386 1636 1635 2945
481 21 2 11 10 521 667 645 2946 2947 1869 1868 2948 2949 2950
482 21 2 11 10 449 654 560 2421 2420 1770 1769 2847 2846 2951
483 21 2 11 10 466 661 467 2906 2905 2952 2953 2954 2955 2956
484 21 2 11 10 615 755 591 2957 2958 2959 2960 1970 1969 2961
485 21 2 11 10 603 646 410 2962 2963 2964 2965 1666 1665 2966
486 21 2 11 10 453 658 595 2967 2968 2347 2346 1236 1235 2969
487 21 2 11 10 410 646 149 2965 2964 2970 2971 2504 2503 2972
488 21 2 11 10 114 640 113 2973 2974 2975 2976 165 166 2977
489 21 2 11 10 536 763 588 2978 2979 2930 2929 1324 1323 2980
490 21 2 11 10 432 438 435 883 882 2981 2982 2924 2923 2983
491 21 2 11 10 527 731 526 2426 2425 2275 2274 2463 2462 2984
492 21 2 11 10 452 750 614 2985 2986 2987 2988 1283 1282 2989
493 21 2 11 10 406 720 151 2869 2868 2990 2991 2333 2332 2992
494 21 2 11 10 591 755 685 2960 2959 2993 2994 2995 2996 2997
495 21 2 11 10 514 621 537 1764 1763 2998 2999 3000 3001 3002
496 21 2 11 10 600 695 576 3003 3004 2532 2531 2449 2448 3005
497 21 2 11 10 549 741 401 2072 2071 2893 2892 2023 2022 3006
498 21 2 11 10 413 663 600 3007 3008 3009 3010 3011 3012 3013
499 21 2 11 10 117 736 417 3014 3015 2741 2740 2696 2695 3016
500 21 2 11 10 458 717 574 832 831 3017 3018 1709 1708 3019
501 21 2 11 10 494 495 493 3020 3021 1651 1650 3022 3023 3024
502 21 2 11 10 554 697 535 2782 2781 3025 3026 3027 3028 3029
503 21 2 11 10 420 695 663 3030 3031 3032 3033 3034 3035 3036
504 21 2 11 10 35 645 34 3037 3038 3039 3040 49 50 3041
505 21 2 11 10 7 586 87 1729 1728 1411 1410 886 885 3042
506 21 2 11 10 146 663 413 3043 3044 3008 3007 2507 2506 3045
507 21 2 11 10 396 673 598 1094 1093 3046 3047 3048 3049 3050
508 21 2 11 10 600 722 413 3051 3052 3053 3054 3012 3011 3055
509 21 2 11 10 451 616 614 915 914 3056 3057 3058 3059 3060
510 21 2 11 10 505 506 395 3061 3062 3063 3064 1757 1756 3065
511 21 2 11 10 505 721 506 2104 2103 3066 3067 3062 3061 3068
512 21 2 11 10 503 520 398 2320 2319 3069 3070 1791 1790 3071
513 21 2 11 10 416 640 114 1931 1930 2974 2973 2683 2682 3072
514 21 2 11 10 525 722 600 3073 3074 3052 3051 2447 2446 3075
515 21 2 11 10 148 646 420 3076 3077 3078 3079 2512 2511 3080
516 21 2 11 10 113 640 617 2976 2975 1919 1918 2853 2852 3081
517 21 2 11 10 728 751 463 3082 3083 3084 3085 2124 2123 3086
518 21 2 11 10 555 557 466 3087 3088 2908 2907 3089 3090 3091
519 21 2 11 10 270 653 269 3092 3093 3094 3095 343 344 3096
520 21 2 11 10 150 720 410 3097 3098 1926 1925 2502 2501 3099
521 21 2 11 10 513 716 439 3100 3101 3102 3103 3104 3105 3106
522 21 2 11 10 423 765 562 3107 3108 3109 3110 962 961 3111
523 21 2 11 10 473 641 470 3112 3113 3114 3115 3116 3117 3118
524 21 2 11 10 670 698 647 3119 3120 3121 3122 3123 3124 3125
525 21 2 11 10 449 653 270 2845 2844 3093 3092 2627 2626 3126
526 21 2 11 10 609 742 582 3127 3128 3129 3130 2440 2439 3131
527 21 2 11 10 394 696 275 811 810 3132 3133 2594 2593 3134
528 21 2 11 10 523 679 522 3135 3136 1994 1993 1056 1055 3137
529 21 2 11 10 253 644 252 2384 2383 2662 2661 309 310 3138
530 21 2 11 10 701 702 700 1444 1443 2354 2353 3139 3140 3141
531 21 2 11 10 420 663 147 3035 3034 3142 3143 2514 2513 3144
532 21 2 11 10 599 611 394 3145 3146 2413 2412 896 895 3147
533 21 2 11 10 425 675 594 3148 3149 1980 1979 2915 2914 3150
534 21 2 11 10 438 439 435 3151 3152 1155 1154 2982 2981 3153
535 21 2 11 10 472 473 470 3154 3155 3117 3116 3156 3157 3158
536 21 2 11 10 455 764 36 3159 3160 3161 3162 1408 1407 3163
537 21 2 11 10 509 721 623 3164 3165 2900 2899 3166 3167 3168
538 21 2 11 10 755 756 403 1360 1359 1738 1737 3169 3170 3171
539 21 2 11 10 551 553 535 3172 3173 3174 3175 2943 2942 3176
540 21 2 11 10 83 671 82 3177 3178 3179 3180 96 97 3181
541 21 2 11 10 149 646 148 2971 2970 3077 3076 235 236 3182
542 21 2 11 10 622 672 511 3183 3184 2034 2033 3185 3186 3187
543 21 2 11 10 282 447 281 3188 3189 2078 2077 367 368 3190
544 21 2 11 10 477 680 648 3191 3192 3193 3194 1348 1347 3195
545 21 2 11 10 632 676 617 3196 3197 3198 3199 1923 1922 3200
546 21 2 11 10 663 695 600 3033 3032 3004 3003 3010 3009 3201
547 21 2 11 10 556 716 643 3202 3203 3204 3205 1472 1471 3206
548 21 2 11 10 140 675 425 3207 3208 3149 3148 2522 2521 3209
549 21 2 11 10 568 650 482 3210 3211 3212 3213 2054 2053 3214
550 21 2 11 10 438 513 439 1531 1530 3105 3104 3152 3151 3215
551 21 2 11 10 668 687 667 3216 3217 3218 3219 3220 3221 3222
552 21 2 11 10 620 731 419 2277 2276 3223 3224 2863 2862 3225
553 21 2 11 10 421 675 141 1982 1981 3226 3227 2519 2518 3228
554 21 2 11 10 545 587 546 1589 1588 1307 1306 3229 3230 3231
555 21 2 11 10 269 653 393 3095 3094 3232 3233 2583 2582 3234
556 21 2 11 10 550 629 454 3235 3236 3237 3238 1127 1126 3239
557 21 2 11 10 585 590 486 1418 1417 2065 2064 2820 2819 3240
558 21 2 11 10 508 510 507 3241 3242 3243 3244 3245 3246 3247
559 21 2 11 10 650 734 452 3248 3249 3250 3251 1858 1857 3252
560 21 2 11 10 273 681 405 3253 3254 3255 3256 2608 2607 3257
561 21 2 11 10 590 591 565 1416 1415 3258 3259 3260 3261 3262
562 21 2 11 10 537 621 86 2999 2998 3263 3264 2192 2191 3265
563 21 2 11 10 274 681 273 3266 3267 3254 3253 351 352 3268
564 21 2 11 10 533 729 662 1087 1086 3269 3270 2261 2260 3271
565 21 2 11 10 11 729 10 2830 2829 1898 1897 22 23 3272
566 21 2 11 10 36 764 35 3162 3161 3273 3274 51 52 3275
567 21 2 11 10 558 561 400 3276 3277 3278 3279 2670 2669 3280
568 21 2 11 10 662 729 434 3270 3269 2828 2827 3281 3282 3283
569 21 2 11 10 416 659 632 2289 2288 3284 3285 1933 1932 3286
570 21 2 11 10 514 537 441 3001 3000 1479 1478 2186 2185 3287
571 21 2 11 10 484 485 479 3288 3289 3290 3291 3292 3293 3294
572 21 2 11 10 520 718 641 2318 2317 3295 3296 3297 3298 3299
573 21 2 11 10 576 679 523 2249 2248 3136 3135 2431 2430 3300
574 21 2 11 10 587 626 536 3301 3302 3303 3304 1309 1308 3305
575 21 2 11 10 133 660 391 1604 1603 3306 3307 2730 2729 3308
576 21 2 11 10 460 737 629 3309 3310 3311 3312 3313 3314 3315
577 21 2 11 10 541 547 542 991 990 2933 2932 2057 2056 3316
578 21 2 11 10 509 623 622 3167 3166 3317 3318 3319 3320 3321
579 21 2 11 10 479 648 475 3322 3323 3324 3325 3326 3327 3328
580 21 2 11 10 82 761 81 3329 3330 2903 2902 94 95 3331
581 21 2 11 10 439 716 556 3103 3102 3203 3202 2563 2562 3332
582 21 2 11 10 478 625 483 2872 2871 2170 2169 3333 3334 3335
583 21 2 11 10 476 481 473 3336 3337 1878 1877 3338 3339 3340
584 21 2 11 10 564 590 565 2067 2066 3261 3260 3341 3342 3343
585 21 2 11 10 147 663 146 3143 3142 3044 3043 231 232 3344
586 21 2 11 10 467 753 465 922 921 1901 1900 3345 3346 3347
587 21 2 11 10 543 544 397 3348 3349 3350 3351 2575 2574 3352
588 21 2 11 10 469 474 471 3353 3354 3355 3356 3357 3358 3359
589 21 2 11 10 538 665 436 1401 1400 2793 2792 2604 2603 3360
590 21 2 11 10 643 716 510 3205 3204 3361 3362 3363 3364 3365
591 21 2 11 10 494 496 495 1299 1298 1987 1986 3021 3020 3366
592 21 2 11 10 723 762 639 1717 1716 3367 3368 3369 3370 3371
593 21 2 11 10 510 657 507 3372 3373 1513 1512 3244 3243 3374
594 21 2 11 10 659 703 701 3375 3376 1440 1439 3377 3378 3379
595 21 2 11 10 565 575 402 3380 3381 2399 2398 3382 3383 3384
596 21 2 11 10 413 722 620 3054 3053 2406 2405 2866 2865 3385
597 21 2 11 10 461 671 83 3386 3387 3178 3177 1895 1894 3388
598 21 2 11 10 710 735 429 2764 2763 1271 1270 3389 3390 3391
599 21 2 11 10 515 645 602 3392 3393 1873 1872 2654 2653 3394
600 21 2 11 10 459 694 539 2881 2880 2151 2150 1496 1495 3395
601 21 2 11 10 540 630 412 1503 1502 2927 2926 2744 2743 3396
602 21 2 11 10 474 478 475 2099 2098 3397 3398 3399 3400 3401
603 21 2 11 10 398 570 563 3402 3403 3404 3405 2758 2757 3406
604 21 2 11 10 478 483 479 3334 3333 3407 3408 3409 3410 3411
605 21 2 11 10 659 704 703 2287 2286 3412 3413 3376 3375 3414
606 21 2 11 10 623 726 622 3415 3416 3417 3418 3318 3317 3419
607 21 2 11 10 392 552 551 3420 3421 3422 3423 1674 1673 3424
608 21 2 11 10 715 757 714 1051 1050 3425 3426 825 824 3427
609 21 2 11 10 550 634 629 1469 1468 2389 2388 3236 3235 3428
610 21 2 11 10 544 589 397 3429 3430 2634 2633 3351 3350 3431
611 21 2 11 10 275 696 274 3133 3132 3432 3433 353 354 3434
612 21 2 11 10 405 711 654 3435 3436 2888 2887 2180 2179 3437
613 21 2 11 10 614 750 451 2988 2987 1462 1461 3059 3058 3438
614 21 2 11 10 563 564 402 3439 3440 3441 3442 1808 1807 3443
615 21 2 11 10 467 469 468 3444 3445 3446 3447 1622 1621 3448
616 21 2 11 10 425 742 609 2913 2912 3128 3127 2645 2644 3449
617 21 2 11 10 613 711 612 2890 2889 3450 3451 3452 3453 3454
618 21 2 11 10 591 685 565 2996 2995 3455 3456 3259 3258 3457
619 21 2 11 10 141 675 140 3227 3226 3208 3207 219 220 3458
620 21 2 11 10 616 757 615 3459 3460 3461 3462 3463 3464 3465
621 21 2 11 10 562 574 484 3466 3467 3468 3469 3470 3471 3472
622 21 2 11 10 485 648 479 3473 3474 3323 3322 3291 3290 3475
623 21 2 11 10 483 562 484 929 928 3471 3470 3476 3477 3478
624 21 2 11 10 521 764 455 3479 3480 3160 3159 1430 1429 3481
625 21 2 11 10 611 613 612 3482 3483 3453 3452 2411 2410 3484
626 21 2 11 10 553 554 535 3485 3486 3028 3027 3175 3174 3487
627 21 2 11 10 414 678 573 2755 2754 3488 3489 3490 3491 3492
628 21 2 11 10 393 559 558 3493 3494 3495 3496 1681 1680 3497
629 21 2 11 10 472 476 473 3498 3499 3339 3338 3155 3154 3500
630 21 2 11 10 450 725 12 3501 3502 1939 1938 1043 1042 3503
631 21 2 11 10 633 754 728 3504 3505 3506 3507 2550 2549 3508
632 21 2 11 10 281 723 446 2076 2075 3509 3510 2342 2341 3511
633 21 2 11 10 391 660 555 3307 3306 1370 1369 3512 3513 3514
634 21 2 11 10 272 682 271 3515 3516 3517 3518 347 348 3519
635 21 2 11 10 274 696 681 3433 3432 3520 3521 3267 3266 3522
636 21 2 11 10 470 641 468 3115 3114 3523 3524 3525 3526 3527
637 21 2 11 10 496 626 587 1297 1296 3302 3301 1587 1586 3528
638 21 2 11 10 405 682 272 2178 2177 3516 3515 2610 2609 3529
639 21 2 11 10 469 470 468 3530 3531 3526 3525 3447 3446 3532
640 21 2 11 10 556 557 555 1476 1475 3088 3087 2565 2564 3533
641 21 2 11 10 483 484 479 3477 3476 3293 3292 3408 3407 3534
642 21 2 11 10 82 671 464 3180 3179 3535 3536 3537 3538 3539
643 21 2 11 10 478 479 475 3410 3409 3327 3326 3398 3397 3540
644 21 2 11 10 469 661 474 3541 3542 1375 1374 3354 3353 3543
645 21 2 11 10 599 610 596 894 893 2718 2717 3544 3545 3546
646 21 2 11 10 393 653 560 3233 3232 2843 2842 3547 3548 3549
647 21 2 11 10 271 682 449 3518 3517 2419 2418 2625 2624 3550
648 21 2 11 10 705 706 662 3551 3552 2875 2874 3553 3554 3555
649 21 2 11 10 597 758 599 3556 3557 3558 3559 3560 3561 3562
650 21 2 11 10 471 472 470 3563 3564 3157 3156 3565 3566 3567
651 21 2 11 10 649 686 487 3568 3569 994 993 2796 2795 3570
652 21 2 11 10 474 475 471 3400 3399 3571 3572 3356 3355 3573
653 21 2 11 10 456 672 622 818 817 3184 3183 3574 3575 3576
654 21 2 11 10 673 708 598 2454 2453 3577 3578 3047 3046 3579
655 21 2 11 10 472 477 476 3580 3581 3582 3583 3499 3498 3584
656 21 2 11 10 476 482 481 3585 3586 3587 3588 3337 3336 3589
657 21 2 11 10 630 657 513 1501 1500 3590 3591 1916 1915 3592
658 21 2 11 10 469 471 470 3358 3357 3566 3565 3531 3530 3593
659 21 2 11 10 652 666 514 3594 3595 1762 1761 2310 2309 3596
660 21 2 11 10 391 555 466 3513 3512 3090 3089 3597 3598 3599
661 21 2 11 10 614 616 615 3057 3056 3464 3463 1968 1967 3600
662 21 2 11 10 436 760 135 2850 2849 3601 3602 2381 2380 3603
663 21 2 11 10 86 621 85 3264 3263 2295 2294 102 103 3604
664 21 2 11 10 442 743 652 3605 3606 2013 2012 2308 2307 3607
665 21 2 11 10 481 650 585 3608 3609 1856 1855 2818 2817 3610
666 21 2 11 10 543 545 544 1599 1598 3611 3612 3349 3348 3613
667 21 2 11 10 572 732 528 3614 3615 3616 3617 3618 3619 3620
668 21 2 11 10 118 736 117 2936 2935 3015 3014 173 174 3621
669 21 2 11 10 545 546 544 3230 3229 3622 3623 3612 3611 3624
670 21 2 11 10 517 745 519 3625 3626 3627 3628 2298 2297 3629
671 21 2 11 10 582 742 580 3130 3129 2940 2939 2165 2164 3630
672 21 2 11 10 135 760 432 3602 3601 2802 2801 2568 2567 3631
673 21 2 11 10 648 680 475 3194 3193 3632 3633 3325 3324 3634
674 21 2 11 10 406 684 642 1219 1218 1722 1721 1954 1953 3635
675 21 2 11 10 485 649 648 3636 3637 1346 1345 3474 3473 3638
676 21 2 11 10 493 684 491 1724 1723 872 871 3639 3640 3641
677 21 2 11 10 526 722 525 2408 2407 3074 3073 2396 2395 3642
678 21 2 11 10 531 666 652 3643 3644 3595 3594 3645 3646 3647
679 21 2 11 10 651 726 623 3648 3649 3416 3415 3650 3651 3652
680 21 2 11 10 151 720 150 2991 2990 3098 3097 239 240 3653
681 21 2 11 10 623 744 624 2898 2897 3654 3655 3656 3657 3658
682 21 2 11 10 633 701 461 3659 3660 3661 3662 3663 3664 3665
683 21 2 11 10 561 601 400 2154 2153 1845 1844 3279 3278 3666
684 21 2 11 10 535 697 282 3026 3025 3667 3668 2325 2324 3669
685 21 2 11 10 519 745 679 3628 3627 1990 1989 2247 2246 3670
686 21 2 11 10 468 718 399 3671 3672 2127 2126 1624 1623 3673
687 21 2 11 10 467 661 469 2953 2952 3542 3541 3445 3444 3674
688 21 2 11 10 492 494 493 1103 1102 3023 3022 3675 3676 3677
689 21 2 11 10 670 701 700 3678 3679 3140 3139 3680 3681 3682
690 21 2 11 10 575 685 403 3683 3684 3685 3686 2363 2362 3687
691 21 2 11 10 578 738 428 1329 1328 2039 2038 2457 2456 3688
692 21 2 11 10 529 530 502 3689 3690 2238 2237 2665 2664 3691
693 21 2 11 10 506 509 508 3692 3693 3694 3695 3696 3697 3698
694 21 2 11 10 639 762 638 3368 3367 3699 3700 2724 2723 3701
695 21 2 11 10 605 606 573 3702 3703 3704 3705 1061 1060 3706
696 21 2 11 10 706 707 554 3707 3708 2780 2779 2228 2227 3709
697 21 2 11 10 657 716 513 3710 3711 3101 3100 3591 3590 3712
698 21 2 11 10 419 731 619 3224 3223 2424 2423 2807 2806 3713
699 21 2 11 10 464 670 647 3714 3715 3124 3123 1784 1783 3716
700 21 2 11 10 473 739 641 1614 1613 3717 3718 3113 3112 3719
701 21 2 11 10 638 705 445 3720 3721 3722 3723 1233 1232 3724
702 21 2 11 10 626 712 536 3725 3726 3727 3728 3304 3303 3729
703 21 2 11 10 599 758 611 3559 3558 3730 3731 3146 3145 3732
704 21 2 11 10 488 528 489 3733 3734 3735 3736 1592 1591 3737
705 21 2 11 10 120 748 119 2114 2113 2773 2772 177 178 3738
706 21 2 11 10 464 761 82 2330 2329 3330 3329 3538 3537 3739
707 21 2 11 10 532 752 603 3740 3741 3742 3743 2631 2630 3744
708 21 2 11 10 528 732 529 3617 3616 3745 3746 3747 3748 3749
709 21 2 11 10 734 750 452 3750 3751 2986 2985 3251 3250 3752
710 21 2 11 10 510 656 643 3753 3754 858 857 3364 3363 3755
711 21 2 11 10 508 656 510 3756 3757 3754 3753 3242 3241 3758
712 21 2 11 10 626 655 444 1815 1814 2770 2769 3759 3760 3761
713 21 2 11 10 506 507 395 3762 3763 1343 1342 3064 3063 3764
714 21 2 11 10 509 511 508 3765 3766 3767 3768 3695 3694 3769
715 21 2 11 10 509 622 511 3320 3319 3186 3185 3766 3765 3770
716 21 2 11 10 506 508 507 3697 3696 3246 3245 3763 3762 3771
717 21 2 11 10 446 749 708 3772 3773 3774 3775 2452 2451 3776
718 21 2 11 10 492 493 491 3676 3675 3640 3639 3777 3778 3779
719 21 2 11 10 641 718 468 3296 3295 3672 3671 3524 3523 3780
720 21 2 11 10 391 466 465 3598 3597 3781 3782 2767 2766 3783
721 21 2 11 10 567 693 568 3784 3785 2231 2230 2052 2051 3786
722 21 2 11 10 131 753 399 1853 1852 920 919 2738 2737 3787
723 21 2 11 10 574 690 484 3788 3789 3790 3791 3469 3468 3792
724 21 2 11 10 490 492 491 3793 3794 3778 3777 2600 2599 3795
725 21 2 11 10 396 597 596 3796 3797 3798 3799 2637 2636 3800
726 21 2 11 10 460 758 635 3801 3802 3803 3804 3805 3806 3807
727 21 2 11 10 574 717 690 3018 3017 3808 3809 3789 3788 3810
728 21 2 11 10 615 757 755 3462 3461 1358 1357 2958 2957 3811
729 21 2 11 10 482 650 481 3213 3212 3609 3608 3588 3587 3812
730 21 2 11 10 605 607 606 3813 3814 3815 3816 3703 3702 3817
731 21 2 11 10 415 605 604 3818 3819 1059 1058 2799 2798 3820
732 21 2 11 10 463 751 740 3085 3084 3821 3822 3823 3824 3825
733 21 2 11 10 414 572 488 3826 3827 3828 3829 2788 2787 3830
734 21 2 11 10 444 712 626 3831 3832 3726 3725 3760 3759 3833
735 21 2 11 10 622 726 456 3418 3417 3834 3835 3575 3574 3836
736 21 2 11 10 608 664 392 3837 3838 3839 3840 2622 2621 3841
737 21 2 11 10 638 706 705 3842 3843 3552 3551 3721 3720 3844
738 21 2 11 10 546 692 544 2580 2579 3845 3846 3623 3622 3847
739 21 2 11 10 709 732 572 3848 3849 3615 3614 3850 3851 3852
740 21 2 11 10 605 676 607 3853 3854 3855 3856 3814 3813 3857
741 21 2 11 10 529 732 531 3746 3745 3858 3859 3860 3861 3862
742 21 2 11 10 484 690 485 3791 3790 3863 3864 3289 3288 3865
743 21 2 11 10 31 724 450 2010 2009 3866 3867 1165 1164 3868
744 21 2 11 10 434 705 662 3869 3870 3554 3553 3282 3281 3871
745 21 2 11 10 667 687 602 3219 3218 1066 1065 1871 1870 3872
746 21 2 11 10 429 746 710 3873 3874 3875 3876 3390 3389 3877
747 21 2 11 10 635 658 460 3878 3879 3880 3881 3806 3805 3882
748 21 2 11 10 617 676 415 3199 3198 3883 3884 2884 2883 3885
749 21 2 11 10 646 752 420 3886 3887 3888 3889 3079 3078 3890
750 21 2 11 10 34 645 515 3040 3039 3393 3392 767 766 3891
751 21 2 11 10 461 701 670 3662 3661 3679 3678 3892 3893 3894
752 21 2 11 10 703 704 417 3413 3412 2823 2822 2143 2142 3895
753 21 2 11 10 629 719 460 2675 2674 3896 3897 3314 3313 3898
754 21 2 11 10 669 765 423 2483 2482 3108 3107 2255 2254 3899
755 21 2 11 10 506 721 509 3067 3066 3165 3164 3693 3692 3900
756 21 2 11 10 485 686 649 3901 3902 3569 3568 3637 3636 3903
757 21 2 11 10 589 692 608 3904 3905 3906 3907 2712 2711 3908
758 21 2 11 10 411 730 567 2018 2017 3909 3910 2195 2194 3911
759 21 2 11 10 485 690 686 3864 3863 3912 3913 3902 3901 3914
760 21 2 11 10 681 696 612 3521 3520 809 808 3915 3916 3917
761 21 2 11 10 414 573 572 3491 3490 3918 3919 3827 3826 3920
762 21 2 11 10 466 467 465 2955 2954 3346 3345 3782 3781 3921
763 21 2 11 10 595 710 516 2315 2314 3922 3923 1238 1237 3924
764 21 2 11 10 393 560 559 3548 3547 1641 1640 3494 3493 3925
765 21 2 11 10 563 570 564 3405 3404 1185 1184 3440 3439 3926
766 21 2 11 10 531 652 530 3646 3645 1486 1485 3927 3928 3929
767 21 2 11 10 624 651 623 3930 3931 3651 3650 3657 3656 3932
768 21 2 11 10 724 725 450 3933 3934 3502 3501 3867 3866 3935
769 21 2 11 10 472 680 477 3936 3937 3192 3191 3581 3580 3938
770 21 2 11 10 658 737 460 3939 3940 3310 3309 3881 3880 3941
771 21 2 11 10 462 688 665 2466 2465 2791 2790 942 941 3942
772 21 2 11 10 629 737 454 3312 3311 1735 1734 3238 3237 3943
773 21 2 11 10 529 531 530 3861 3860 3928 3927 3690 3689 3944
774 21 2 11 10 520 739 570 3945 3946 3947 3948 3949 3950 3951
775 21 2 11 10 732 740 531 3952 3953 3954 3955 3859 3858 3956
776 21 2 11 10 712 763 536 3957 3958 2979 2978 3728 3727 3959
777 21 2 11 10 641 739 520 3718 3717 3946 3945 3298 3297 3960
778 21 2 11 10 647 714 616 3961 3962 3963 3964 1786 1785 3965
779 21 2 11 10 282 697 447 3668 3667 1280 1279 3189 3188 3966
780 21 2 11 10 564 565 402 3342 3341 3383 3382 3442 3441 3967
781 21 2 11 10 396 598 597 3049 3048 3968 3969 3797 3796 3970
782 21 2 11 10 690 717 409 3809 3808 2094 2093 3971 3972 3973
783 21 2 11 10 685 755 403 2994 2993 3170 3169 3686 3685 3974
784 21 2 11 10 597 599 596 3561 3560 3545 3544 3799 3798 3975
785 21 2 11 10 463 740 732 3824 3823 3953 3952 3976 3977 3978
786 21 2 11 10 520 570 398 3950 3949 3403 3402 3070 3069 3979
787 21 2 11 10 636 708 637 3980 3981 3982 3983 2918 2917 3984
788 21 2 11 10 611 719 613 3985 3986 2673 2672 3483 3482 3987
789 21 2 11 10 632 659 633 3285 3284 3988 3989 3990 3991 3992
790 21 2 11 10 603 752 646 3743 3742 3887 3886 2963 2962 3993
791 21 2 11 10 636 658 635 2349 2348 3879 3878 3994 3995 3996
792 21 2 11 10 570 739 486 3948 3947 1612 1611 1187 1186 3997
793 21 2 11 10 471 680 472 3998 3999 3937 3936 3564 3563 4000
794 21 2 11 10 475 680 471 3633 3632 3999 3998 3572 3571 4001
795 21 2 11 10 448 751 728 2132 2131 3083 3082 4002 4003 4004
796 21 2 11 10 635 758 597 3804 3803 3557 3556 4005 4006 4007
797 21 2 11 10 624 683 651 1168 1167 1205 1204 3931 3930 4008
798 21 2 11 10 607 728 606 2552 2551 2122 2121 3816 3815 4009
799 21 2 11 10 511 656 508 1028 1027 3757 3756 3768 3767 4010
800 21 2 11 10 521 645 35 2949 2948 3038 3037 4011 4012 4013
801 21 2 11 10 552 553 551 981 980 3173 3172 3423 3422 4014
802 21 2 11 10 461 754 633 1893 1892 3505 3504 3664 3663 4015
803 21 2 11 10 476 691 482 4016 4017 1452 1451 3586 3585 4018
804 21 2 11 10 477 691 476 1316 1315 4017 4016 3583 3582 4019
805 21 2 11 10 553 713 554 1048 1047 2224 2223 3486 3485 4020
806 21 2 11 10 559 561 558 1132 1131 3277 3276 3496 3495 4021
807 21 2 11 10 488 572 528 3829 3828 3619 3618 3734 3733 4022
808 21 2 11 10 632 633 607 3991 3990 2554 2553 4023 4024 4025
809 21 2 11 10 531 740 666 3955 3954 4026 4027 3644 3643 4028
810 21 2 11 10 598 636 635 4029 4030 3995 3994 4031 4032 4033
811 21 2 11 10 611 758 719 3731 3730 4034 4035 3986 3985 4036
812 21 2 11 10 723 749 446 4037 4038 3773 3772 3510 3509 4039
813 21 2 11 10 670 671 461 4040 4041 3387 3386 3893 3892 4042
814 21 2 11 10 510 716 657 3362 3361 3711 3710 3373 3372 4043
815 21 2 11 10 464 671 670 3536 3535 4041 4040 3715 3714 4044
816 21 2 11 10 712 743 443 4045 4046 4047 4048 4049 4050 4051
817 21 2 11 10 427 750 734 1435 1434 3751 3750 2219 2218 4052
818 21 2 11 10 638 707 706 4053 4054 3708 3707 3843 3842 4055
819 21 2 11 10 562 765 574 3110 3109 1705 1704 3467 3466 4056
820 21 2 11 10 624 744 674 3655 3654 1252 1251 4057 4058 4059
821 21 2 11 10 726 727 456 4060 4061 1818 1817 3835 3834 4062
822 21 2 11 10 544 692 589 3846 3845 3905 3904 3430 3429 4063
823 21 2 11 10 677 693 512 2233 2232 4064 4065 1656 1655 4066
824 21 2 11 10 681 711 405 4067 4068 3436 3435 3256 3255 4069
825 21 2 11 10 686 690 409 3913 3912 3972 3971 1113 1112 4070
826 21 2 11 10 667 683 668 4071 4072 1106 1105 3221 3220 4073
827 21 2 11 10 659 701 633 3378 3377 3660 3659 3989 3988 4074
828 21 2 11 10 420 752 695 3889 3888 4075 4076 3031 3030 4077
829 21 2 11 10 35 764 521 3274 3273 3480 3479 4012 4011 4078
830 21 2 11 10 695 752 532 4076 4075 3741 3740 2534 2533 4079
831 21 2 11 10 455 726 651 4080 4081 3649 3648 1428 1427 4082
832 21 2 11 10 598 708 636 3578 3577 3981 3980 4030 4029 4083
833 21 2 11 10 699 747 698 2785 2784 4084 4085 901 900 4086
834 21 2 11 10 639 749 723 4087 4088 4038 4037 3370 3369 4089
835 21 2 11 10 705 735 445 4090 4091 2762 2761 3723 3722 4092
836 21 2 11 10 637 749 639 4093 4094 4088 4087 2722 2721 4095
837 21 2 11 10 567 730 693 3910 3909 4096 4097 3785 3784 4098
838 21 2 11 10 528 529 489 3748 3747 788 787 3736 3735 4099
839 21 2 11 10 607 676 632 3856 3855 3197 3196 4024 4023 4100
840 21 2 11 10 733 745 517 4101 4102 3626 3625 2812 2811 4103
841 21 2 11 10 743 759 443 4104 4105 2244 2243 4048 4047 4106
842 21 2 11 10 490 502 492 2667 2666 1099 1098 3794 3793 4107
843 21 2 11 10 714 757 616 3426 3425 3460 3459 3964 3963 4108
844 21 2 11 10 392 664 552 3840 3839 1539 1538 3421 3420 4109
845 21 2 11 10 453 737 658 1194 1193 3940 3939 2968 2967 4110
846 21 2 11 10 740 751 440 3822 3821 1302 1301 4111 4112 4113
847 21 2 11 10 565 685 575 3456 3455 3684 3683 3381 3380 4114
848 21 2 11 10 608 692 664 3907 3906 2578 2577 3838 3837 4115
849 21 2 11 10 606 709 573 1160 1159 4116 4117 3705 3704 4118
850 21 2 11 10 408 745 733 2044 2043 4102 4101 2495 2494 4119
851 21 2 11 10 443 763 712 1848 1847 3958 3957 4050 4049 4120
852 21 2 11 10 415 676 605 3884 3883 3854 3853 3819 3818 4121
853 21 2 11 10 568 734 650 2221 2220 3249 3248 3211 3210 4122
854 21 2 11 10 638 762 707 3700 3699 2727 2726 4054 4053 4123
855 21 2 11 10 444 743 712 2015 2014 4046 4045 3832 3831 4124
856 21 2 11 10 434 735 705 1214 1213 4091 4090 3870 3869 4125
857 21 2 11 10 693 730 512 4097 4096 1004 1003 4065 4064 4126
858 21 2 11 10 612 711 681 3451 3450 4068 4067 3916 3915 4127
859 21 2 11 10 708 749 637 3775 3774 4094 4093 3983 3982 4128
860 21 2 11 10 455 727 726 1406 1405 4061 4060 4081 4080 4129
861 21 2 11 10 710 746 516 3876 3875 4130 4131 3923 3922 4132
862 21 2 11 10 598 635 597 4032 4031 4006 4005 3969 3968 4133
863 21 2 11 10 670 700 698 3681 3680 2921 2920 3120 3119 4134
864 21 2 11 10 728 754 448 3507 3506 4135 4136 4003 4002 4137
865 21 2 11 10 521 683 667 1207 1206 4072 4071 2947 2946 4138
866 21 2 11 10 516 746 724 4131 4130 4139 4140 1319 1318 4141
867 21 2 11 10 463 732 709 3977 3976 3849 3848 1158 1157 4142
868 21 2 11 10 573 709 572 4117 4116 3851 3850 3919 3918 4143
869 21 2 11 10 666 740 440 4027 4026 4112 4111 1139 1138 4144
870 21 2 11 10 647 747 714 4145 4146 2540 2539 3962 3961 4147
871 21 2 11 10 698 747 647 4085 4084 4146 4145 3122 3121 4148
872 21 2 11 10 724 746 725 4140 4139 4149 4150 3934 3933 4151
873 21 2 11 10 442 759 743 1334 1333 4105 4104 3606 3605 4152
874 21 2 11 10 725 746 429 4150 4149 3874 3873 1941 1940 4153
875 21 2 11 10 719 758 460 4035 4034 3802 3801 3897 3896 4154
876 21 2 11 10 448 754 83 4136 4135 1891 1890 1249 1248 4155
877 21 2 11 10 407 744 721 1266 1265 2896 2895 2102 2101 4156
878 21 2 11 10 624 674 430 4058 4057 1688 1687 1170 1169 4157
879 21 2 11 10 431 687 668 2062 2061 3217 3216 1574 1573 4158
880 21 2 11 10 573 678 604 3489 3488 2815 2814 1063 1062 4159
881 21 2 11 10 602 628 601 1070 1069 4160 4161 2656 2655 4162
882 21 2 11 10 601 628 627 4161 4160 2715 2714 1843 1842 4163
$EndElements
