$MeshFormat
2.2 0 8
$EndMeshFormat
$Nodes
8649
1 1 0 0
2 0.4842954 0.05316926 0
3 4.5 0 0
4 0.9901592000875994 -0.001387591201634198 0
5 0.9803160723627401 -0.002758572508007811 0
6 0.9704706830114787 -0.004113217397771824 0
7 0.9606231146553563 -0.005451930253969376 0
8 0.9507734261476573 -0.006774954145060757 0
9 0.9409216805634706 -0.008082572350994827 0
10 0.9310679404528704 -0.0093750749982956 0
11 0.921212262708892 -0.01065271889796266 0
12 0.911354700768937 -0.01191574351313905 0
13 0.9014953048374605 -0.0131643710765504 0
14 0.8916341187942431 -0.01439878162860755 0
15 0.8817711936821686 -0.01561921929129124 0
16 0.8719065672211044 -0.01682582816073146 0
17 0.8620402810646384 -0.01801879011417245 0
18 0.8521723730783294 -0.01919826153338178 0
19 0.8423028707616574 -0.02036431697471589 0
20 0.8324318150816373 -0.02151714883076508 0
21 0.8225592276341759 -0.02265678854027948 0
22 0.8126851389898926 -0.02378334765696796 0
23 0.8028095763460125 -0.02489691148973527 0
24 0.7929325585568723 -0.02599749390485507 0
25 0.783054104712935 -0.0270851113459196 0
26 0.7731742374360937 -0.02815981355605571 0
27 0.7632929710395723 -0.02922157452865982 0
28 0.7534103198762545 -0.03027036815720658 0
29 0.7435262994260822 -0.03130617782441048 0
30 0.7336409164461322 -0.03232890212594189 0
31 0.7237541821484994 -0.03333847956118108 0
32 0.7138661065705363 -0.03433483414401801 0
33 0.7039766934517537 -0.03531782415982352 0
34 0.6940859492390962 -0.03628732914467302 0
35 0.6841938769145917 -0.03724318764816681 0
36 0.6743004758098128 -0.03818519319075793 0
37 0.6644057503903456 -0.0391131847976744 0
38 0.6545097015303387 -0.04002695489790985 0
39 0.6446123257157067 -0.04092623807994162 0
40 0.6347136209804478 -0.04181077313939812 0
41 0.6248135854734781 -0.04268028669863562 0
42 0.6149122164798396 -0.04353448123277922 0
43 0.6050095089519931 -0.04437301487639689 0
44 0.5951054589587826 -0.04519553987171686 0
45 0.5852000639211585 -0.04600170571808061 0
46 0.5752933178048037 -0.04679109291010981 0
47 0.5653852146887139 -0.04756326025856859 0
48 0.5554757513320703 -0.04831777095896053 0
49 0.5455649243905222 -0.04905415255367555 0
50 0.5356527306456604 -0.0497719000609694 0
51 0.5257391673346214 -0.05047047508088499 0
52 0.515824233110693 -0.05114931374665404 0
53 0.5059079282353847 -0.05180782589048812 0
54 0.4959902540755138 -0.05244538181272483 0
55 0.486071214471346 -0.05306132762399059 0
56 0.4761508159591623 -0.05365498308170338 0
57 0.4662290663679118 -0.05422561022422612 0
58 0.4563059768220587 -0.05477243853089293 0
59 0.446381562891308 -0.05529467620053151 0
60 0.4364558436336944 -0.05579148340355452 0
61 0.426528842385971 -0.05626197537192713 0
62 0.4166005874047811 -0.05670521919419151 0
63 0.4066711124824122 -0.05712023103383576 0
64 0.3967404579372745 -0.05750598050746555 0
65 0.3868086720587828 -0.05786140415977573 0
66 0.376875810656974 -0.05818537147206384 0
67 0.3669419378652753 -0.05847667072764323 0
68 0.3570071284602703 -0.05873403938664142 0
69 0.3470714688509985 -0.0589561578934967 0
70 0.3371350580920883 -0.0591416333622056 0
71 0.3271980092866986 -0.05928898028182971 0
72 0.3172604516225052 -0.05939662277579925 0
73 0.307322532499231 -0.05946288843363765 0
74 0.2973844200261604 -0.05948601876356256 0
75 0.2874463054446754 -0.05946414517356118 0
76 0.2775084063170558 -0.05939526326729931 0
77 0.2675709705041798 -0.05927721654253527 0
78 0.2576342801973633 -0.05910771479355054 0
79 0.2476986568624378 -0.05888430713170367 0
80 0.2377644682188686 -0.05860432131700253 0
81 0.2278321347476281 -0.05826488343807713 0
82 0.2179021382016113 -0.0578628876316177 0
83 0.2079750331026439 -0.05739493793993174 0
84 0.1980514615593867 -0.05685728137856264 0
85 0.1881321666731503 -0.05624582189552281 0
86 0.1782180146526068 -0.05555602506450277 0
87 0.1683100224773587 -0.05478282065151206 0
88 0.1584093908594348 -0.05392052360211143 0
89 0.1485175481142076 -0.0529627143781823 0
90 0.1386362123199336 -0.05190204638420801 0
91 0.1287674652078062 -0.05073009444982994 0
92 0.1189138719693209 -0.04943699025718992 0
93 0.109078626087469 -0.04801113396250174 0
94 0.09926577456388 -0.04643865728763859 0
95 0.0894805552366732 -0.04470266105083182 0
96 0.07972989225841325 -0.04278224305912855 0
97 0.07002321581720024 -0.04065087619379797 0
98 0.06037379162345947 -0.03827408584304179 0
99 0.05080109160905881 -0.03560556694641583 0
100 0.04133526513108167 -0.03258059977402715 0
101 0.03202621506329086 -0.02910448302051525 0
102 0.0229646231781157 -0.02502950958437809 0
103 0.01433710514589552 -0.02010840400170337 0
104 0.006599928641961397 -0.01389975818881608 0
105 0.001072429339778272 -0.005726556105170828 0
106 0.0005277630842711376 0.004033744164632313 0
107 0.005384610621463056 0.01260076446414999 0
108 0.01286553315103141 0.01910869139862415 0
109 0.02138029634626754 0.02422019215274378 0
110 0.03038224256531671 0.0284244214319419 0
111 0.03965536172807914 0.03199487705888 0
112 0.049097596293501 0.03509248022180859 0
113 0.05865378557170085 0.03781940161219319 0
114 0.06829113962210243 0.04024458437184374 0
115 0.07798868357194207 0.04241706576370315 0
116 0.08773225489193505 0.04437310178450807 0
117 0.0975118557139811 0.0461404413104926 0
118 0.1073201861624838 0.04774084964914269 0
119 0.1171517498581909 0.04919185658346826 0
120 0.127002314038244 0.05050781860223071 0
121 0.1368685530300119 0.05170068589088438 0
122 0.1467478001095435 0.05278062219581722 0
123 0.1566378973862544 0.05375627809513851 0
124 0.1665370679501628 0.0546351789921935 0
125 0.1764438366579406 0.05542389505598773 0
126 0.186356965648344 0.05612823248456088 0
127 0.19627540759041 0.05675336642777669 0
128 0.2061982713014437 0.05730392388731691 0
129 0.2161247936437883 0.0577840683728431 0
130 0.2260543156852355 0.05819761119524958 0
131 0.2359862681985765 0.05854801080193263 0
132 0.2459201572886103 0.05883842237831999 0
133 0.2558555521810154 0.0590717575992032 0
134 0.2657920763644021 0.05925072255522022 0
135 0.2757294005276417 0.05937780761972565 0
136 0.2856672358613201 0.05945532898075211 0
137 0.2956053286734412 0.05948546680455938 0
138 0.3055434562978414 0.0594702507067156 0
139 0.3154814230209952 0.05941157546525287 0
140 0.3254190567945439 0.05931121534455502 0
141 0.3353562066779071 0.05917085672290507 0
142 0.345292740405347 0.05899209514221035 0
143 0.355228542155721 0.05877643221661749 0
144 0.3651635104436246 0.05852527431734326 0
145 0.3750975567333981 0.05823995514974721 0
146 0.3850306041501861 0.0579217457455616 0
147 0.3949625868958013 0.05757186674560387 0
148 0.4048934477561244 0.05719146715535609 0
149 0.4148231370378597 0.0567816172045764 0
150 0.4247516130468582 0.05634335301205085 0
151 0.4346788409793867 0.05587766953953421 0
152 0.4446047915600794 0.05538550627643148 0
153 0.4545294406934535 0.05486775822745572 0
154 0.4644527686618916 0.05432527460066984 0
155 0.4743747587109766 0.05375884411191407 0
156 0.9967199985040182 -0.0004644094481932899 0
157 0.9934397261707941 -0.0009269019832058847 0
158 0.9868784115870186 -0.001846407885624256 0
159 0.983597368449913 -0.00230340009193085 0
160 0.9770345227958261 -0.00321191388841525 0
161 0.9737527245868101 -0.003663451809683181 0
162 0.9671884012183516 -0.004561226563539373 0
163 0.9639058781681603 -0.005007464617347749 0
164 0.9573401162523909 -0.005894657577313339 0
165 0.9540568864719547 -0.00633566574767993 0
166 0.947489736800183 -0.007212527304976991 0
167 0.9442058207666951 -0.007648395965513059 0
168 0.9376373188978132 -0.008515070282673206 0
169 0.9343527382382246 -0.008945901926237898 0
170 0.9277829273264632 -0.009802596658146411 0
171 0.9244977007609685 -0.01022847507520014 0
172 0.9179266152166563 -0.01107533763165602 0
173 0.9146407605125156 -0.01149634226780198 0
174 0.9080684374941603 -0.01233354697561628 0
175 0.9047819717695904 -0.01274975496000019 0
176 0.8982084388132947 -0.01357740592831886 0
177 0.8949213760775466 -0.0139888723598556 0
178 0.8883466684280203 -0.01480713947579371 0
179 0.8850590262827196 -0.01521395044835018 0
180 0.8784831720248651 -0.01602295141052896 0
181 0.8751949627176357 -0.01642515235074361 0
182 0.8686179872639364 -0.0172249871761813 0
183 0.8653292246433457 -0.01762263838266979 0
184 0.858751157524007 -0.01841344488831845 0
185 0.8554618546484181 -0.01880660217085689 0
186 0.8488827140004503 -0.01958842715542966 0
187 0.8455928792680092 -0.01997710889812454 0
188 0.8390126901245585 -0.0207500596886651 0
189 0.8357223380713829 -0.02113433749429806 0
190 0.8291411216524146 -0.02189849226884097 0
191 0.8258502587066728 -0.02227837006056314 0
192 0.8192680298390866 -0.02303375425575359 0
193 0.8159766666564269 -0.02340927320070074 0
194 0.8093934475694032 -0.02415597838252358 0
195 0.8061015931192722 -0.02452716613111733 0
196 0.7995173978992548 -0.02526521456047448 0
197 0.7962250584220729 -0.02563207535726428 0
198 0.7896398990449178 -0.02636147110729496 0
199 0.7863470807904442 -0.02672400939383671 0
200 0.7797609717207136 -0.0274447794961349 0
201 0.7764676824999572 -0.02780301432247339 0
202 0.769880636899421 -0.02851517473569835 0
203 0.7665868812616211 -0.02886909543456798 0
204 0.7599989069289199 -0.02957261257450439 0
205 0.7567046896398493 -0.02992221023937818 0
206 0.7501157981348968 -0.03061708499828232 0
207 0.7468211245977667 -0.0309623564202053 0
208 0.7402313227883548 -0.03164854461602614 0
209 0.7369361949589418 -0.03198945318218674 0
210 0.7303454877897495 -0.03266689035404624 0
211 0.7270499095338346 -0.03300341677282162 0
212 0.7204583058017447 -0.03367207384030779 0
213 0.7171622805770863 -0.03400419392880805 0
214 0.7105697838883163 -0.03466398889928916 0
215 0.7072733127552024 -0.03499165358426048 0
216 0.7006799262637616 -0.03564249659356881 0
217 0.6973830114809559 -0.03596566681950285 0
218 0.6907887394572023 -0.03660747553527784 0
219 0.6874913820420625 -0.03692609777550286 0
220 0.680896224048321 -0.03755873735533823 0
221 0.6775984236058838 -0.03787274099321929 0
222 0.6710023808892549 -0.03849608857630035 0
223 0.6677041390733343 -0.0388054216782543 0
224 0.6611072146769721 -0.03941936803618182 0
225 0.657808531772024 -0.0397239614010077 0
226 0.6512107238264668 -0.04032833860032609 0
227 0.6479115985764607 -0.04062810285588153 0
228 0.6413129051921351 -0.041222734686725 0
229 0.6380133369694618 -0.0415175830722629 0
230 0.6314137571253726 -0.04210229422780212 0
231 0.6281137453137803 -0.04239213564542978 0
232 0.6215132775230809 -0.0429667364360032 0
233 0.6182128212683922 -0.04325147232525322 0
234 0.6116114629527936 -0.04381575002164913 0
235 0.6083105604942879 -0.04409526555519796 0
236 0.6017083082338526 -0.04464898539796311 0
237 0.5984069582548619 -0.04492316457787785 0
238 0.5918038102726629 -0.04546609861197678 0
239 0.588502012029676 -0.04573482605031198 0
240 0.5818979656989267 -0.04626672108938711 0
241 0.5785957170683301 -0.04652985564209849 0
242 0.5719907677346598 -0.04705041677146619 0
243 0.5686880667306016 -0.04730781122268625 0
244 0.5620822115003368 -0.04781674787219893 0
245 0.5587790571051177 -0.04806825745109232 0
246 0.5521722940340017 -0.0485652701492035 0
247 0.5488686850832654 -0.04881073677374347 0
248 0.5422610118501732 -0.04929549838988508 0
249 0.5389569473060458 -0.04953475425329076 0
250 0.5323483617946541 -0.05000691572726276 0
251 0.5290438407116245 -0.05023978107764876 0
252 0.5224343416104306 -0.05069897621459709 0
253 0.5191293635255118 -0.05092526294783815 0
254 0.512518950417458 -0.05137110675552324 0
255 0.5092135154506107 -0.05159061869580338 0
256 0.502602188847812 -0.05202270465915096 0
257 0.4992962974106283 -0.05223523131639474 0
258 0.4926840589965966 -0.05265313131898065 0
259 0.4893777123763051 -0.05285845490169366 0
260 0.4827645655880574 -0.05326172449189497 0
261 0.4794577660044573 -0.05345961902028269 0
262 0.4728437157540671 -0.05384778846020769 0
263 0.4695364657484528 -0.05403800693650791 0
264 0.4629215180682233 -0.05441056942088406 0
265 0.4596138213600522 -0.05459285527588113 0
266 0.4529979851040156 -0.0549492899237981 0
267 0.4496898469038753 -0.0551233797180788 0
268 0.4430731337929378 -0.05546314713661826 0
269 0.4397645604109409 -0.05562876028783129 0
270 0.4331469843893244 -0.05595128340238312 0
271 0.4298379836295216 -0.05610812565808421 0
272 0.4232195617861876 -0.05641279774067737 0
273 0.41991014304513 -0.05656055786199899 0
274 0.4132908961539304 -0.05684674381451048 0
275 0.4099810706798823 -0.05698509375269556 0
276 0.4033610231574264 -0.05725211748555836 0
277 0.4000508043840024 -0.05738071385377301 0
278 0.3934299857149747 -0.05762787781039269 0
279 0.3901193897282225 -0.0577463661099247 0
280 0.3834978348118242 -0.05797294757525312 0
281 0.3801868802193071 -0.05808095159979394 0
282 0.3735646286395735 -0.05828616231932567 0
283 0.3702533367929226 -0.05838327784197826 0
284 0.3636304347654707 -0.0585662936375414 0
285 0.3603188305595825 -0.05865209922871308 0
286 0.3536953317876071 -0.05881206339628828 0
287 0.3503834440276873 -0.05888611998943682 0
288 0.3437594101095507 -0.05902212571373651 0
289 0.3404472718038531 -0.05908396959449745 0
290 0.3338227733461715 -0.05919506074876266 0
291 0.3305104221477974 -0.05924419548287859 0
292 0.3238855397339383 -0.05932935424249619 0
293 0.3205730186943323 -0.05936525564734985 0
294 0.3139478442219258 -0.05942339374747825 0
295 0.3106352024442888 -0.05944550431973097 0
296 0.3040098408820725 -0.05947547998134472 0
297 0.3006971343682383 -0.05948321284165164 0
298 0.2940717052315982 -0.0594838250028123 0
299 0.2907589976901872 -0.05947655824427829 0
300 0.2841336368817957 -0.05944651153388099 0
301 0.2808210007817641 -0.05942357793840981 0
302 0.2741958630570064 -0.05936148640194364 0
303 0.2708833809740052 -0.05932216592580988 0
304 0.2642586425621041 -0.05922655027212492 0
305 0.2609464085144203 -0.05917007908625426 0
306 0.25432227002249 -0.05903936412702854 0
307 0.2510103910424897 -0.05896492802802875 0
308 0.2443870816447157 -0.05879740202853967 0
309 0.2410756802281707 -0.05870410967245097 0
310 0.2344534618849566 -0.05849792773420637 0
311 0.2311426781439684 -0.05838481966716896 0
312 0.224521850455002 -0.05813799754823128 0
313 0.2212118448230645 -0.05800403972440525 0
314 0.2145927520240987 -0.05771441264033103 0
315 0.211283709069799 -0.05755847596569004 0
316 0.2046667488661963 -0.05722365872547791 0
317 0.2013588824729719 -0.05704449154152529 0
318 0.1947445149271238 -0.05666187280730264 0
319 0.1914380726079411 -0.05645810945612195 0
320 0.1848268311294925 -0.05602483162301544 0
321 0.1815221014061557 -0.05579496004045437 0
322 0.174914610866362 -0.05530782693526502 0
323 0.1716119321695284 -0.05505016051719292 0
324 0.1650089284749657 -0.05450559110054401 0
325 0.1617087004090908 -0.05421823740905821 0
326 0.155111054976409 -0.05361221046912718 0
327 0.1518137527769538 -0.0532930329654196 0
328 0.1452225077305016 -0.05262097782411873 0
329 0.141928703251528 -0.05226752849732803 0
330 0.135345116355113 -0.05152420994490065 0
331 0.1320555019915707 -0.05113368518967611 0
332 0.1254811077380537 -0.05031305114790555 0
333 0.1221965370757836 -0.04988216239169249 0
334 0.1156332395763923 -0.04897707910728999 0
335 0.1123547742441884 -0.04850196758181068 0
336 0.1058049580362196 -0.04750402416035671 0
337 0.1025339428295228 -0.04698007696948244 0
338 0.09600066473199474 -0.0458790907399579 0
339 0.09273883926197111 -0.04530068852462013 0
340 0.08622609206524459 -0.04408418056339718 0
341 0.08297575401571558 -0.04344437776823015 0
342 0.07648888617092869 -0.0420967388265093 0
343 0.07325316433714686 -0.04138671408550479 0
344 0.06679957388292194 -0.03988788834072247 0
345 0.06358286697819848 -0.03909617767520047 0
346 0.05717315609046769 -0.0374197326774636 0
347 0.05398190017158146 -0.03653099252934035 0
348 0.04763201667255351 -0.03464073602027193 0
349 0.04447613940825451 -0.03363358803169063 0
350 0.03821148684483927 -0.03147794692722589 0
351 0.03510742955595191 -0.03032096435270414 0
352 0.02897182399329567 -0.02782217531083317 0
353 0.02594916951824067 -0.02646679840656132 0
354 0.02002648127687947 -0.02349968012879107 0
355 0.01714565526883541 -0.0218645880270997 0
356 0.01162153575746746 -0.01821184643335771 0
357 0.009028284138162715 -0.01615154232355513 0
358 0.004398955212609814 -0.01142605972848931 0
359 0.00251572724069235 -0.008703857038193569 0
360 0.0002068112198759093 -0.002534679570165778 0
361 1.885841220018684e-05 0.0007665034291106819 0
362 0.001677128744635966 0.007135448949751435 0
363 0.003341013163314378 0.009996146487134165 0
364 0.00770017534117011 0.01496798822524626 0
365 0.01021124480955677 0.01712744583331664 0
366 0.01562721883585812 0.02093756724535339 0
367 0.01847135417719021 0.02263559768488115 0
368 0.02434112515368635 0.02570568105401219 0
369 0.02734418536881817 0.02710390516820569 0
370 0.03344959000819665 0.02967543756642068 0
371 0.03654181975182119 0.03086365553859764 0
372 0.04278734523247774 0.03307401326766803 0
373 0.04593540651844595 0.03410532373411788 0
374 0.05227227231057482 0.03603872370400864 0
375 0.05545806557134533 0.03694684588594234 0
376 0.06185843977146615 0.03865855872890581 0
377 0.06507113867816491 0.03946637674131276 0
378 0.07151777274831309 0.04099482448772057 0
379 0.07475045711074219 0.04171855075885849 0
380 0.08123198646954721 0.04309162099513394 0
381 0.08447996621937964 0.04374328826549173 0
382 0.09098852267033779 0.0449820108029085 0
383 0.09424847998884076 0.04557084971125742 0
384 0.1007784084727154 0.04669152298804013 0
385 0.1040479203194287 0.04722476996205292 0
386 0.1105950231762697 0.04824035553679105 0
387 0.1138722638162833 0.04872384176381617 0
388 0.1204333394982086 0.0496448876996783 0
389 0.1237169022062733 0.05008339065880459 0
390 0.1302894618953167 0.05091858601100162 0
391 0.1335782413812786 0.05131607975180593 0
392 0.140160305150605 0.05207276294030692 0
393 0.1434534140934066 0.05243263446945146 0
394 0.1500433879933744 0.05311703823025223 0
395 0.153340108877766 0.05344216465418009 0
396 0.1599366911402934 0.05405965336447866 0
397 0.1632364325962093 0.0543525416259238 0
398 0.1698385456475275 0.05490780150758538 0
399 0.1731408169312168 0.05517063748262899 0
400 0.1797475617550734 0.05566777929326482 0
401 0.1830519509612473 0.05590249470674261 0
402 0.1896625695754778 0.0563451716218689 0
403 0.1929687279668079 0.05655349076087528 0
404 0.1995825774463812 0.0569449602219714 0
405 0.2028902081071987 0.05712842755575617 0
406 0.2095067400281368 0.05747160184125749 0
407 0.2128155889027916 0.05763160345572519 0
408 0.2194343309319494 0.05792913627119704 0
409 0.2227441785643276 0.05806694252696047 0
410 0.2293647223168148 0.05832126453245614 0
411 0.2326753792595972 0.05843802481192757 0
412 0.2392973718223136 0.05865133291259508 0
413 0.2426086735069294 0.05874810036064042 0
414 0.2492318078843165 0.058922405821407 0
415 0.2525436108163515 0.0590001511091945 0
416 0.2591676186366191 0.05913732466150837 0
417 0.2624797974049558 0.05919694970204625 0
418 0.2691044439008958 0.05929873124482367 0
419 0.2724168888542672 0.05934106380205439 0
420 0.2790419687092931 0.05940904567419168 0
421 0.2823545836152591 0.05943485908779535 0
422 0.2889799164508626 0.05947053624067139 0
423 0.2922926167969957 0.05948055770835303 0
424 0.298918044198885 0.05948533684434392 0
425 0.302230755816806 0.05948024112513638 0
426 0.3088561387087301 0.05945543221858166 0
427 0.3121687964033071 0.05943585176912729 0
428 0.3187940124741201 0.05938266894319312 0
429 0.3221065589286867 0.05934919499513818 0
430 0.3287315007357533 0.05926879171078923 0
431 0.3320438856581607 0.05922198573926662 0
432 0.3386684590967664 0.05911546110527721 0
433 0.341980638429317 0.059055855156348 0
434 0.3486047609476897 0.05892423663537281 0
435 0.3519166961212223 0.05885233190193495 0
436 0.3585402954682138 0.05869658885011578 0
437 0.3618519526531373 0.05861285302454702 0
438 0.368474965690992 0.05843390020925295 0
439 0.3717863153985322 0.05833877804127597 0
440 0.3784086869910218 0.05813747862138353 0
441 0.3817197036143848 0.05803139389790486 0
442 0.3883413863233111 0.05780857892301071 0
443 0.3916520479323968 0.05769193817727869 0
444 0.3982730011332343 0.05744840467494262 0
445 0.401583288699693 0.05732159160095694 0
446 0.4082034765761347 0.05705807091411635 0
447 0.4115133735225838 0.05692144159489523 0
448 0.4181327656783309 0.0566386357242406 0
449 0.4214422580982987 0.05649253513069639 0
450 0.428060829277769 0.05619112485831607 0
451 0.4313699056164805 0.05603588544413442 0
452 0.4379876343765505 0.05571651190688357 0
453 0.4412962848761801 0.05555244663031104 0
454 0.4479131535862922 0.05521572320136822 0
455 0.4512213701915395 0.05504312975721643 0
456 0.4578373643967837 0.05468963926016672 0
457 0.4611451405999312 0.05450880177372626 0
458 0.467760248019422 0.05413908656953723 0
459 0.4710675781670774 0.05395026657440005 0
460 0.4776817893430935 0.0535648489915536 0
461 0.4809886698288329 0.05336831102029296 0
462 0.4942488291294694 0.05255510396440223 0
463 0.5042008850523001 0.05191908174901688 0
464 0.5141515622461514 0.05126183949342419 0
465 0.5241008594956812 0.05058402673039097 0
466 0.5340487763886891 0.04988624636044391 0
467 0.5439953139386891 0.04916907099048879 0
468 0.5539404747109538 0.04843304884746888 0
469 0.563884261943558 0.04767869580164585 0
470 0.5738266791926349 0.04690649536671908 0
471 0.5837677295027022 0.04611689148980617 0
472 0.5937074182892904 0.04531032849477246 0
473 0.6036457522062204 0.04448723873234169 0
474 0.6135827340478353 0.04364798265185862 0
475 0.6235183674245046 0.04279290997184388 0
476 0.6334526575794251 0.04192237004659971 0
477 0.643385607494551 0.04103666837364828 0
478 0.65331721914007 0.04013608399295025 0
479 0.6632474943519548 0.03922088079258546 0
480 0.6731764366057252 0.03829132761022808 0
481 0.6831040459273916 0.03734764496442908 0
482 0.6930303175545662 0.03638999385321543 0
483 0.7029552517806248 0.03541857976646383 0
484 0.7128788463984712 0.03443357476771149 0
485 0.7228010947635957 0.03343509965384485 0
486 0.7327219930501894 0.03242329790044949 0
487 0.7426415319606335 0.03139825478251917 0
488 0.7525596996301995 0.03036002748294182 0
489 0.7624764893876317 0.02930872023593969 0
490 0.7723918863171235 0.02824435672682108 0
491 0.782305875379159 0.02716695846750646 0
492 0.7922184427473059 0.02607655752492042 0
493 0.8021295657598371 0.02497310540253017 0
494 0.81203922482816 0.02385658263968556 0
495 0.8219474010785078 0.02272697682854977 0
496 0.8318540678858268 0.02158420901141585 0
497 0.841759193677181 0.02042816035314548 0
498 0.851662757080608 0.01925880277574851 0
499 0.8615647172106878 0.01807594590572373 0
500 0.8714650455565209 0.01687950812825387 0
501 0.8813637047914804 0.01566933891760891 0
502 0.8912606525271575 0.01444525179267905 0
503 0.9011558507569994 0.01320710178373896 0
504 0.9110492484144599 0.01195464601255341 0
505 0.920940800669366 0.01068769835323165 0
506 0.9308304573087924 0.009406038007840062 0
507 0.9407181641847869 0.008109421687579348 0
508 0.950603864126405 0.006797592054412393 0
509 0.9604874937135184 0.005470254153380397 0
510 0.9703689896458992 0.004127124709620759 0
511 0.9802482920527025 0.002767955118315648 0
512 0.9901253178384075 0.001392339314478785 0
513 0.4876133617394416 0.05296701025314805 0
514 0.4909311715766826 0.05276228370836465 0
515 0.4975663340669276 0.05234549461768101 0
516 0.5008836861115151 0.05213347926438706 0
517 0.5075179307655252 0.05170232637902178 0
518 0.5108348231712212 0.05148323750994428 0
519 0.5174681480087022 0.05103815661029827 0
520 0.5207845804443466 0.0508122117925805 0
521 0.5274169851476964 0.05035362306459394 0
522 0.5307329574249388 0.05012102243336036 0
523 0.5373644420834094 0.04964931554463608 0
524 0.5406799545676513 0.04941025031359189 0
525 0.5473105203315827 0.04892579789557215 0
526 0.5506255738924548 0.04868045095471541 0
527 0.557255222895113 0.04818361000424468 0
528 0.5605698185821223 0.04793215285330488 0
529 0.5671985531136486 0.04742325637209455 0
530 0.5705126921658672 0.0471658508356913 0
531 0.5771405143149436 0.04664520613723257 0
532 0.580454197683737 0.0463819993442641 0
533 0.5870811100229867 0.04584989926728574 0
534 0.5903943395171123 0.04558103937152529 0
535 0.597020346610152 0.04503778264912092 0
536 0.6003331245663898 0.04476341516988014 0
537 0.6069582296011932 0.04420926600987472 0
538 0.61027055683834 0.04392950967934924 0
539 0.6168947614103404 0.04336469817613639 0
540 0.6202066391279518 0.04307966952561065 0
541 0.6268299465278427 0.0425044326114901 0
542 0.6301413765571077 0.04221424903260165 0
543 0.6367637896793792 0.04162880645694955 0
544 0.6400747729547668 0.04133356906494065 0
545 0.646696293338919 0.04073811417429858 0
546 0.6500068305340675 0.04043791615258568 0
547 0.656627459231734 0.03983262739687012 0
548 0.6599375509219682 0.03952755629840345 0
549 0.6665572896790297 0.03891261097625737 0
550 0.6698669370722151 0.03860275694250737 0
551 0.676485788081387 0.03797832888481895 0
552 0.679794991264401 0.03766376619390994 0
553 0.686412951864986 0.03702997079465543 0
554 0.689721709049025 0.0367107509939094 0
555 0.6963387774718474 0.0360677076739162 0
556 0.6996470888949984 0.03574390073274663 0
557 0.7062632658529389 0.03509174906733048 0
558 0.7095711308208369 0.03476341270977646 0
559 0.7161864123312326 0.0341022395901443 0
560 0.7194938284860255 0.03376941263826223 0
561 0.7261082110743905 0.03309930637769531 0
562 0.7294151773014752 0.03276203824774904 0
563 0.7360286577718991 0.0320830864557862 0
564 0.7393351709208911 0.03174140501836502 0
565 0.7459477405416642 0.03105363871333956 0
566 0.7492537964863459 0.03070756139801753 0
567 0.7558654498084729 0.03001104155424688 0
568 0.7591710466259518 0.02966060596834512 0
569 0.7657817773772875 0.02895538368269687 0
570 0.7690869098816886 0.02860059565779 0
571 0.7756967062941311 0.02788666923505183 0
572 0.7790013694395319 0.02752753566906947 0
573 0.7856102235161504 0.0268049380153824 0
574 0.7889144129482774 0.02644147190394647 0
575 0.7955223119875654 0.02571019232221951 0
576 0.7988260198764365 0.02534237497160778 0
577 0.8054329489895686 0.02460238360074049 0
578 0.8087361689131521 0.02423020951086327 0
579 0.8153421160017643 0.02348150222933038 0
580 0.8186448416988531 0.02310496751846099 0
581 0.8252497928483645 0.02234752458018167 0
582 0.8285520155907652 0.02196660415762374 0
583 0.8351559486767768 0.02120033578706518 0
584 0.8384576574355009 0.02081498570861958 0
585 0.8450605567789157 0.02003986010484194 0
586 0.8483617452123966 0.01965007768299076 0
587 0.8549635904882514 0.01886602520679767 0
588 0.8582642440888607 0.01847173950806972 0
589 0.8648650092233392 0.01767864496431957 0
590 0.8681651192275238 0.01727983502750389 0
591 0.874764786396736 0.01647765518755265 0
592 0.8780643399762111 0.0160742675666404 0
593 0.88466287942108 0.01526286363792178 0
594 0.8879618624482142 0.01485483621866547 0
595 0.8945592483401632 0.01403410576499724 0
596 0.8978576484557169 0.01362139270564501 0
597 0.9044538528397622 0.0127912200258275 0
598 0.9077516524981281 0.01237373615115652 0
599 0.9143466395018406 0.01153394731553604 0
600 0.9176438243092713 0.0111116349666658 0
601 0.9242375663290618 0.01026212632320044 0
602 0.9275341192000068 0.009834909125194358 0
603 0.9341265787236963 0.008975504640817937 0
604 0.9374224816381003 0.008543301750164002 0
605 0.9440136239098882 0.007673852456042385 0
606 0.9473088580764367 0.007236580070851682 0
607 0.9538986396863667 0.006356877468886088 0
608 0.957193183156583 0.005914431246910481 0
609 0.9637815679881312 0.005024328138185303 0
610 0.9670754003067026 0.00457661842559174 0
611 0.9736623371334173 0.003675862426018661 0
612 0.9769554396969051 0.003222816268275342 0
613 0.9835408892302419 0.00231125046815856 0
614 0.986833231696926 0.001852713231478838 0
615 0.993417139791016 0.0009300801129914009 0
616 0.9967087062298349 0.0004660050073068561 0
617 4.351669149391197 1.079187084628098 0
618 3.917677618185953 2.078335800141735 0
619 3.230212572874616 2.923343857112497 0
620 2.340260150924608 3.551540873609501 0
621 1.313824052210535 3.916336350729292 0
622 0.2270303465413165 3.990675076762157 0
623 -0.8395184486839438 3.769043688475282 0
624 -1.806721288459467 3.267879572041769 0
625 -2.60284516281768 2.524351777304211 0
626 -3.168845206021814 1.593604359384961 0
627 -3.462743784145325 0.5446665963849743 0
628 -3.462743784145321 -0.5446665963850015 0
629 -3.168845206021804 -1.593604359384984 0
630 -2.602845162817664 -2.524351777304231 0
631 -1.806721288459443 -3.267879572041786 0
632 -0.839518448683912 -3.769043688475294 0
633 0.2270303465413536 -3.990675076762159 0
634 1.313824052210565 -3.916336350729285 0
635 2.340260150924632 -3.551540873609489 0
636 3.23021257287463 -2.923343857112484 0
637 3.91767761818596 -2.078335800141725 0
638 4.351669149391199 -1.079187084628091 0
639 4.483427370126125 0.363739449235388 0
640 4.433846806534968 0.7244648388394234 0
641 4.237575348642684 1.424966846357668 0
642 4.092510821454784 1.758938884023624 0
643 3.714524461819912 2.38051097127516 0
644 3.484734743390741 2.662960478789763 0
645 2.953067001134864 3.159503487566235 0
646 2.655594543662301 3.369482477077647 0
647 2.009676783010458 3.704170083951221 0
648 1.6665837578193 3.826105374397339 0
649 0.9543207442018997 3.974115330660124 0
650 0.5910527914244236 3.998963539365397 0
651 -0.1347301858250044 3.949318623661878 0
652 -0.4912311439715984 3.875236872659626 0
653 -1.176706081666655 3.631619021277157 0
654 -1.499999999999998 3.464101615137756 0
655 -2.094328357851023 3.04457884963586 0
656 -2.360438005419597 2.796049788031529 0
657 -2.819541167996102 2.231736192738531 0
658 -3.008730409610379 1.920627739223658 0
659 -3.298558795601279 1.253375871939522 0
660 -3.396796330693919 0.9027615172848328 0
661 -3.495854694586911 0.1820583965318418 0
662 -3.49585469458691 -0.1820583965318674 0
663 -3.396796330693912 -0.9027615172848595 0
664 -3.298558795601271 -1.253375871939548 0
665 -3.008730409610366 -1.920627739223682 0
666 -2.819541167996087 -2.231736192738554 0
667 -2.360438005419578 -2.796049788031548 0
668 -2.094328357851001 -3.044578849635878 0
669 -1.499999999999971 -3.464101615137771 0
670 -1.176706081666624 -3.631619021277171 0
671 -0.4912311439715641 -3.875236872659634 0
672 -0.1347301858249668 -3.949318623661885 0
673 0.591052791424459 -3.998963539365396 0
674 0.9543207442019339 -3.974115330660121 0
675 1.666583757819327 -3.826105374397331 0
676 2.009676783010483 -3.70417008395121 0
677 2.655594543662323 -3.369482477077633 0
678 2.953067001134884 -3.15950348756622 0
679 3.484734743390753 -2.66296047878975 0
680 3.714524461819922 -2.380510971275146 0
681 4.092510821454789 -1.758938884023615 0
682 4.237575348642688 -1.42496684635766 0
683 4.433846806534969 -0.7244648388394178 0
684 4.483427370126126 -0.3637394492353839 0
685 0.6433628277001715 -3.045653993644872 0
686 0.8590227039031602 -0.02627328875111792 0
687 0.7089836285844066 -0.04620837634392887 0
688 0.7146732837456281 2.994830515977666 0
689 0.8560589893620081 0.02934654354846379 0
690 0.708809022502156 0.04391007437738183 0
691 -1.501555652761399 2.32128316841427 0
692 -1.606421069146476 -2.222551652990318 0
693 2.951996989766654 -1.875480550566381 0
694 2.911729650342484 2.071055022975775 0
695 -2.519353566020913 -1.000884403974532e-14 0
696 3.719418367375712 -0.4607907427622939 0
697 3.43562233056273 -1.201477340746825 0
698 2.64934150279802 -1.14038142841953 0
699 2.682704711321118 -0.2319695593914699 0
700 2.107670239165239 -1.531637998065058 0
701 1.998001298566647 -0.9182501079894344 0
702 1.473929355748922 -1.460501037342308 0
703 0.2941070158251918 -0.07235660582632611 0
704 0.4020947051611582 -0.06556334202745465 0
705 0.512447260013576 -0.06434354433853215 0
706 1.429017234035403 -0.8335603163515236 0
707 1.635403097935896 -2.021307045304376 0
708 1.072522035199211 -1.785650272850328 0
709 1.024995223681916 -1.23657472654646 0
710 0.1822325333351202 -0.06472262375877999 0
711 0.6366197886129918 -1.543242996014077 0
712 0.637386073288703 -1.049861098288078 0
713 0.6098217016086984 -0.05174315828973042 0
714 0.2762487618016524 -1.274365993547357 0
715 0.1933591933214342 -0.9671474971939823 0
716 0.5091842460828322 -0.7251901658067487 0
717 -0.07899308209081529 -1.101760852133397 0
718 -0.205406921889649 -0.8161725768590756 0
719 0.1144456484528334 -0.05911483043679294 0
720 -0.4402436204958518 -1.001545764752056 0
721 -0.4450127929681465 -0.6535780874838407 0
722 -0.7486082499725768 -0.8468723055906405 0
723 -0.7287533878834094 -0.4972629028778074 0
724 -0.110518118320803 -1.577526441361783 0
725 -0.5218083005848195 -0.3103281758243319 0
726 -0.7440932530151878 -0.1655584446725533 0
727 -0.5239360285992551 0.03465655399930688 0
728 -0.7851050928034149 0.1561088676756803 0
729 -0.5379407257974957 0.3216259473799153 0
730 0.2015039435984147 0.06742648280268068 0
731 0.131005684231165 0.05959001373647897 0
732 -0.7949942886332311 0.490112568341853 0
733 -0.5117281805153027 0.6560074221835318 0
734 0.5604126701247334 0.05776977046850372 0
735 0.4390438376123226 0.0636143575924394 0
736 0.3411197952702073 0.07077676629144897 0
737 -0.2378597592428474 0.5019620951736964 0
738 -0.2021811116535054 0.800609830321403 0
739 0.1141796433836334 0.7255618664212357 0
740 0.07852003431350491 1.021392716642926 0
741 0.3252849520317402 0.8456563591529666 0
742 0.4067275611570373 1.160011410371617 0
743 0.7269471913211574 1.069270762809538 0
744 0.03988931570743082 1.417345176191969 0
745 0.6756668335915552 0.6650612558734281 0
746 0.8929082269990003 0.7762058117239793 0
747 1.015194877321483 1.162385986805954 0
748 1.272251552056763 0.9161608592256094 0
749 0.9364661053887346 0.4928466093786751 0
750 0.7782819351100674 0.03629142397189776 0
751 0.9580734499111619 0.01533007055153228 0
752 -0.5409534687176059 1.051907958700239 0
753 -1.08760156937676 -0.7465115291476706 0
754 0.7057032843561883 0.3828329222440297 0
755 0.6192910653972935 0.05182495719722414 0
756 0.6589297414065898 0.04811884199978182 0
757 0.5885608793263063 0.05362625663430821 0
758 1.408053717617578 1.341106401134541 0
759 1.70251158915826 0.98091728156137 0
760 1.756117900184189 0.589567281872125 0
761 -1.105943360301755 -0.01763917233220186 0
762 -0.7861946007330534 -1.290474693199107 0
763 2.132081178050084 0.7110382573142937 0
764 -0.2643977292154527 -0.127788354189366 0
765 0.05393501790046495 -0.04647025072013073 0
766 0.4255625529486264 1.630355153691711 0
767 0.000390420059310892 1.898229611550757 0
768 -0.2263928892800336 0.1998579424010958 0
769 0.06950552289982365 0.0527292631364534 0
770 0.05471799526369453 0.3641553466310713 0
771 0.2706339035550447 0.06877907899140001 0
772 -0.233609014614541 -0.455210135253633 0
773 0.04436387642483797 -0.5615524004085741 0
774 0.3931609440558658 0.5350649781471134 0
775 0.9131279876979097 -0.9025714901646414 0
776 0.9469799839388837 -0.01596062518447729 0
777 1.967266783889399 0.2962258859974499 0
778 1.649346691014187 0.132578056344459 0
779 1.857190395264476 -0.08873170835018471 0
780 1.607500955114073 -0.2719255544839989 0
781 1.301648106384081 0.004691536839056521 0
782 1.347296401537963 0.3916693803192601 0
783 1.869355161770679 1.496832728135995 0
784 1.464939753929092 1.896712666955156 0
785 0.5235114969638891 -2.170524796450242 0
786 2.112134874902239 2.152547605356795 0
787 2.550256342521556 0.339341690476034 0
788 2.618527197549788 0.8995078603075234 0
789 3.100446752026466 0.526345617129839 0
790 1.801650292014803 -0.4543451822713082 0
791 0.4803739727745399 2.171824844164708 0
792 -0.06364476045001527 2.541729164014218 0
793 -0.6963295895995454 2.138429383781554 0
794 3.307863375325572 1.200779786694472 0
795 1.47152629444371 2.578687529229052 0
796 1.161170704402544 -2.495457056067247 0
797 -0.1137268493431923 -2.593330238859913 0
798 1.750766471118553 -2.717504068894097 0
799 2.176454916679978 -0.3849663152055433 0
800 -0.8213154839856713 2.883597307298146 0
801 -1.142637279447687 1.628030533219833 0
802 -1.896264361276568 1.623261714863035 0
803 -1.428615940131638 0.9940840532874257 0
804 -2.159131181742753 0.8558852127646378 0
805 -1.815319540516024 0.2870038791019881 0
806 -1.974712761698291 -0.4540185864171306 0
807 -2.58683600454935 -0.9238390531549968 0
808 -1.905530845672337 -1.278485699151418 0
809 1.483393087982451 -0.4917331211480696 0
810 1.273762010658565 -0.3402619667153286 0
811 1.216265243005667 -0.5573674963075597 0
812 0.9992194988799532 -0.43353885003118 0
813 0.7800033512142057 -0.03751153902827621 0
814 0.8203923640835422 -0.03244082991621736 0
815 1.067987231590041 -0.2178096553075809 0
816 -0.484909683296305 1.53807493236494 0
817 2.336051586964267 -2.436802398925314 0
818 0.9285776631758478 1.678842542115801 0
819 0.1801069902181487 0.5144890556960503 0
820 0.2471287721267507 0.3196991998778735 0
821 0.1236241130438986 0.2320690771641627 0
822 -0.9535070725557235 -2.880048603685346 0
823 -0.7800078478589665 -2.193711583959568 0
824 -1.205662595111784 -1.684113315935735 0
825 -1.221357104388191 0.3970654085892151 0
826 0.7027553729852907 1.371399172329672 0
827 -0.1175744843931435 3.243759069521578 0
828 -1.224058134591558 -1.115048973928795 0
829 1.012018193613764 2.264179619688476 0
830 0.9763316390713179 -0.6639924224384455 0
831 0.8197750845118998 -0.5090081196132058 0
832 0.8629408407398811 -0.3333348572392393 0
833 0.7052589860568037 -0.3725985603994034 0
834 0.7267783881539824 -0.2275195638280218 0
835 0.659155011816219 -0.04709640431846713 0
836 0.6406323703890455 -0.04906159249362054 0
837 0.6806791541808916 -0.04533059075889893 0
838 0.6537759418625014 -0.5336457953433329 0
839 0.554919825847073 -0.38772199820757 0
840 0.6058290347789221 -0.2754539181774416 0
841 0.4610950015564056 -0.06379093683639088 0
842 0.4325118293610647 -0.06553190245153827 0
843 0.5594037377037832 -0.05759949587797014 0
844 0.4770295570315647 -0.3167684660654546 0
845 0.3422638899352218 -0.0676540795530894 0
846 0.5150824041601011 -0.2008240485720517 0
847 0.4234176799904318 -0.403244008447766 0
848 0.3461570488330276 -0.3269386287227731 0
849 0.2332413344547261 -0.06854850894246307 0
850 0.2812469737734213 -0.4188017127157816 0
851 0.199613505396633 -0.3197659035442284 0
852 0.278082854196591 -0.2055482936973382 0
853 0.4017221270413085 -0.2052558263707839 0
854 0.3751850898624648 -0.5716085908432629 0
855 0.7515968287525274 -0.7307115152757421 0
856 0.1208267627337491 -0.4423847177660609 0
857 0.06835440166717849 -0.3107661542598937 0
858 0.1361779735065838 -0.2060154801750085 0
859 0.2014877357921019 -0.5886658788685922 0
860 -0.06727526030060577 -0.4238409116345984 0
861 -0.0703980728935179 -0.2706647825143966 0
862 -0.2484988853076405 -0.2892792158974658 0
863 0.005008483155113264 -0.222962796871063 0
864 -0.07237089792228263 -0.1275871344621891 0
865 0.02320399576935883 -0.03462203574770677 0
866 0.06933466591585302 -0.1371042618625 0
867 0.08038572344844686 -0.05451151808508813 0
868 0.005127908962552552 -0.1523353079070679 0
869 0.03374510054365548 -0.1038227074079946 0
870 0.0780282142966035 -0.09653964000722563 0
871 0.1153967313407039 -0.1169151659482214 0
872 0.151627137422152 -0.06338352787882427 0
873 0.133408559910224 -0.06092928538947921 0
874 0.1094288073686331 -0.0885104976989342 0
875 0.1519313094288738 -0.1038287236728704 0
876 0.1495321341602692 -0.1437154495011372 0
877 0.1846635862159455 -0.1153537768555511 0
878 0.1868174954726646 -0.1626345801621133 0
879 0.2206611008613488 -0.1299155054901586 0
880 0.262860719589014 -0.06898281327827034 0
881 0.213319566885626 -0.1003845755758075 0
882 0.2031723357743903 -0.06729037962273945 0
883 0.2424854466308018 -0.09998660808857603 0
884 0.2585608415836591 -0.1299874852634165 0
885 0.2863534742451251 -0.1081130933140895 0
886 0.2951447680732948 -0.1386438686605898 0
887 0.3164852810294727 -0.1098258534362905 0
888 0.323503134581334 -0.07005548568402518 0
889 0.3303102795822264 -0.1436328303075875 0
890 0.3711236782185087 -0.06569342730442987 0
891 0.3539079924365538 -0.1138554880514427 0
892 0.3681688664971253 -0.1498747281269506 0
893 0.388535611548905 -0.1209175680092449 0
894 0.3427911343553434 -0.1858650853394034 0
895 0.2339680669520884 -0.1703332764560785 0
896 0.3757820968131589 -0.09566970493709955 0
897 0.4033070122793855 -0.09349491112330625 0
898 0.4200270890198062 -0.1191607746614156 0
899 0.4081518686305617 -0.156611845474169 0
900 0.4495408132497244 -0.1348313638587077 0
901 0.4660780451477888 -0.1091115510288992 0
902 0.4872402382202536 -0.1390536993128492 0
903 0.4991854769383876 -0.1048474277181572 0
904 0.522372569842032 -0.1305972411979469 0
905 0.4924594265626971 -0.06234106931960694 0
906 0.5332980954009274 -0.09721770615277718 0
907 0.5557421734269117 -0.1232960643503318 0
908 0.5413419588538594 -0.06124572910879131 0
909 0.5630353749066176 -0.09380593200595133 0
910 0.5841749641722694 -0.1145810920543713 0
911 0.5809303202230051 -0.05497589309842436 0
912 0.579458901502764 -0.1534176858374756 0
913 0.615804981776908 -0.1357816576455108 0
914 0.6319385412525043 -0.1005780545762274 0
915 0.6572501524379785 -0.126786305621863 0
916 0.664071104453834 -0.08919465783889455 0
917 0.6907624612919214 -0.1130152003464194 0
918 0.6966918448432085 -0.07838712612886999 0
919 0.740222242839067 -0.0416369456683347 0
920 0.721310323602237 -0.1003706166779016 0
921 0.6519592305308488 -0.1710846230377121 0
922 0.7252995432971729 -0.07193766420630107 0
923 0.7483702349947026 -0.09164015169977668 0
924 0.7458074785103579 -0.1260002898606438 0
925 0.7826042452923199 -0.1049032022695237 0
926 0.7780768060815721 -0.1535012652598605 0
927 0.8214810578868346 -0.1321538213821671 0
928 0.8976337427108354 -0.0223216139630909 0
929 0.9178519402840561 -0.02188306876453998 0
930 0.8226927686449852 -0.08618843275542595 0
931 0.861445341763126 -0.1117565907850123 0
932 0.8657622022875395 -0.1629883578184693 0
933 0.9152080237485906 -0.1285633537536806 0
934 0.9095805604639902 -0.07817590363298836 0
935 0.9465040708145095 -0.08869034971229904 0
936 0.9869129185023856 -0.009204047371460623 0
937 0.8596786531474834 -0.07451005204652614 0
938 0.9246968518138492 -0.1924467034751455 0
939 0.941119898240184 -0.05568433133783608 0
940 0.980491296801373 -0.06429770170540471 0
941 0.9894708630756064 -0.1106056422350693 0
942 1.023141522385023 -0.08070526479694894 0
943 0.787923702725476 -0.07060583697121223 0
944 0.798824199781578 -0.03400095101348137 0
945 0.7612305513801536 -0.06078930091065395 0
946 1.007131630235664 -0.04364787328774166 0
947 1.047134992492399 -0.04113641910687856 0
948 0.9649153091151679 -0.03890803903724564 0
949 0.9659893549244973 -0.01436185090180219 0
950 0.7592599273828859 -0.03830459830073393 0
951 0.8338676030081974 -0.05689659719973945 0
952 0.8370535862367061 -0.02997000668105276 0
953 0.4777529951132042 -0.089444319745055 0
954 0.4537793214598897 -0.08840327134606819 0
955 0.9132438021403735 -0.04830866295866419 0
956 0.6395286219380463 -0.07671356368915572 0
957 0.6176359806539156 -0.07979235474949241 0
958 0.3374225972987928 -0.09226452898447367 0
959 0.3569140210712662 -0.08418365755291121 0
960 0.512012378172589 -0.08319810214889875 0
961 0.6754754569916356 -0.06901722723337821 0
962 0.1711556448362094 -0.08924752843890184 0
963 1.046895433410458 -0.1370167415321761 0
964 0.9925517105659369 -0.1733061082566509 0
965 1.131333335357284 -0.1283726042774535 0
966 0.9761814121491048 -0.2735717614428583 0
967 0.3007849797580464 -0.08967633332675552 0
968 0.5463806444490898 -0.07676094148861205 0
969 1.077555717440194 -0.09089650139029405 0
970 1.105822025167168 -0.03768336103961576 0
971 1.0659744154783 0.01235693526016162 0
972 1.122564350136805 0.02138109515563329 0
973 1.070451129209487 0.08507638595161443 0
974 1.189790064079635 0.09818403929810951 0
975 1.08652297545313 0.19209667895012 0
976 0.9985378101395548 0.140905753081823 0
977 0.8977516398243943 0.02252720821064319 0
978 0.9274437132013504 0.02197798543569202 0
979 1.027230088981068 0.05794521861017455 0
980 0.9863781231755718 0.01063390244662889 0
981 0.9588747374852757 0.09115118775952316 0
982 0.9275356788515312 0.156259097426687 0
983 0.8168665386544498 0.03100778713367843 0
984 0.8415371629510289 0.03087600262805074 0
985 0.9763308384830141 0.22822664212906 0
986 0.8678459078249898 0.2179064593783947 0
987 0.8192860621794733 0.1406723884274456 0
988 0.7751881945323928 0.2015692312265664 0
989 0.7399511256836436 0.1423424480189681 0
990 0.7011298815157998 0.1903444393885014 0
991 0.4988964628206175 0.06195513725981771 0
992 0.4708493328491266 0.06166735124598614 0
993 0.517910980390084 0.06204447485745494 0
994 0.6706484427300957 0.1510119752098809 0
995 0.6360578185787048 0.1836335406666897 0
996 0.6093152378304884 0.1444431066918072 0
997 0.5760774567729886 0.176053433968579 0
998 0.5522194017290907 0.1285073616176687 0
999 0.5230704897273415 0.1750043751698862 0
1000 0.3912027394612281 0.06811546600389183 0
1001 0.3700007813170094 0.07058545279869917 0
1002 0.4097069194892494 0.06732851974468769 0
1003 0.5386197210883223 0.2478205890516359 0
1004 0.4698993450580587 0.2176871446510393 0
1005 0.4481079021170577 0.1518142938981249 0
1006 0.396849749914244 0.2037400326555303 0
1007 0.4182240756451731 0.2835985714027264 0
1008 0.38008242337979 0.1413237760835084 0
1009 0.3375726240000134 0.1667746993124487 0
1010 0.7167118866591008 0.1015269681421087 0
1011 0.7483853280976198 0.04443942331877774 0
1012 0.7286880276267234 0.04201626095494142 0
1013 0.3133877672614387 0.1316440542967133 0
1014 0.3014326229087421 0.06911797106572302 0
1015 0.2831873404469621 0.1661577498883732 0
1016 0.6432483073549129 0.09588896110955335 0
1017 0.7786687086356143 0.09638382502055633 0
1018 0.8705911380360887 0.09136101277040963 0
1019 0.2736957943302247 0.1174503281734255 0
1020 0.2317406105285261 0.06608157964960827 0
1021 0.236391081363683 0.1413298670866014 0
1022 0.5770976781660681 0.09932166458707872 0
1023 0.4192632006778853 0.1159808869327186 0
1024 1.056232692054724 0.3333343239491935 0
1025 0.3573067012377494 0.1053877330816307 0
1026 0.6571612009548279 0.2711664217553328 0
1027 0.2312656164882883 0.1070687344696501 0
1028 0.1954050518232409 0.1316784815253691 0
1029 0.160826332387564 0.06276865920981499 0
1030 0.2093948551004939 0.1869285093521386 0
1031 1.188083908673385 -0.02957724191394799 0
1032 1.279293656841176 -0.142318124976244 0
1033 0.4897547928673818 0.1183187108646305 0
1034 0.5247817989834311 0.1014985937953468 0
1035 0.3019137946954159 0.100814464318821 0
1036 0.3198450822360559 0.06951988984363223 0
1037 1.376020589527275 0.1695058596020381 0
1038 0.8029645930944893 0.3051553941214835 0
1039 0.5755898977880798 0.3437843371430388 0
1040 1.036285404894734 -0.009905425617557301 0
1041 1.025268089954007 0.01727831377576674 0
1042 0.9119606760101053 0.3348580918601017 0
1043 0.1952618588851545 0.09875788552451947 0
1044 0.166453743278466 0.1099107369811162 0
1045 0.2575959867271692 0.09358149478616226 0
1046 0.2498076307993909 0.06857811013101944 0
1047 0.8541797323656002 -0.04853284166302538 0
1048 0.8749426028055154 -0.05078502991114833 0
1049 0.8767104654398008 -0.02335677912315996 0
1050 1.014002601129012 -0.02011866916864242 0
1051 0.984679336543113 -0.03675486062658418 0
1052 1.15748024419778 0.5286695305817336 0
1053 0.2916213109552125 0.2285954966750342 0
1054 0.6265125396130466 -0.06457412250614679 0
1055 0.9253202579130104 -0.03407517025277523 0
1056 0.1768903957149026 0.08533381513969328 0
1057 0.2121082724851532 0.08038515109493594 0
1058 0.1794184970225777 0.06834381665873154 0
1059 0.1521654311924308 0.08816513040913641 0
1060 0.1306555016771755 0.1114164127772147 0
1061 0.1001466981371974 0.05558982014347376 0
1062 0.1545565498377116 0.1535184804979281 0
1063 0.09940392998761055 0.1563305336420621 0
1064 0.04372249024883557 0.1992121955811231 0
1065 0.03272051404690046 0.03891699694899955 0
1066 0.02550997023444196 0.1220274082513179 0
1067 -0.03398388163174643 0.1553132329659828 0
1068 -0.05244002800964648 0.09448336549194246 0
1069 0.0004473252429499364 0.02703449685338135 0
1070 0.08984925153837525 0.1092194746208724 0
1071 -0.006129426934431581 0.08512368343577933 0
1072 -0.1112922159230881 0.1500071425418447 0
1073 -0.1186868209172839 0.06058266881400766 0
1074 -0.01010004339516696 -0.001266646860997695 0
1075 -0.1025812010819298 0.2325649206523395 0
1076 -0.07496251103251456 0.03575289047239048 0
1077 -0.1313568769099389 -0.009533839155569065 0
1078 -0.2131628642023242 0.06333492496594281 0
1079 -0.07170020989788445 -0.059347379698964 0
1080 0.1079313351197704 0.08552341209800261 0
1081 0.1497858460441115 0.07098209815160594 0
1082 -0.1417786542435098 -0.09278120407035725 0
1083 -0.0237752793077512 -0.09302194298650289 0
1084 0.004348653418569381 -0.02534260861845776 0
1085 0.3185454599878187 -0.08351273930857304 0
1086 0.3870610827858833 -0.07986829232319202 0
1087 0.7067843808515619 -0.06139556644810742 0
1088 0.05435156687485465 -0.07633625785710445 0
1089 0.02206648667957539 -0.06816264180930186 0
1090 -0.01586021347250283 -0.05537513609290209 0
1091 -0.04189095218201916 -0.02934287986111247 0
1092 0.2833330347941552 -0.0855668804540453 0
1093 0.3056313848663084 -0.07616854937975165 0
1094 0.3329796912394339 -0.07753523623835644 0
1095 0.8180673383977568 -0.1887855914402021 0
1096 0.4277251813380232 -0.09225414852430475 0
1097 0.7307180093252508 -0.1690762129606793 0
1098 0.09167207666498872 -0.07650122331130911 0
1099 0.08403533116839118 0.0797289617204405 0
1100 0.05478381863095144 0.08772814043405454 0
1101 0.05038055407095554 0.04591504195402155 0
1102 0.02766367180889479 0.06799905831768133 0
1103 -0.0009693741648273968 0.05247290494963912 0
1104 0.08539225482638596 0.05958373390531751 0
1105 0.9866769369909081 0.05721730143692263 0
1106 0.569937377760088 -0.05774581817985068 0
1107 0.5779659653426681 -0.06633399554984951 0
1108 0.5918390035991031 -0.06434431086439074 0
1109 0.5843078365179437 -0.08234197958092883 0
1110 0.563842150102001 -0.07178079889971321 0
1111 0.5907691720616093 -0.05277903857009271 0
1112 0.5302461843557956 -0.05826807100899063 0
1113 0.5216057620566884 -0.0592769863272445 0
1114 0.527127473195492 -0.07045577150869695 0
1115 0.5001311492273068 -0.07185386195247086 0
1116 0.4827314212648552 -0.06093333441454092 0
1117 0.4838975285466096 -0.07291908551618374 0
1118 0.471684118761354 -0.06253278378470001 0
1119 -0.1492775851603916 -0.1850740647540053 0
1120 0.9293533228654918 -0.02019083954605571 0
1121 0.7290077570580558 -0.04253813614303939 0
1122 0.7349415084805373 -0.05515769357855391 0
1123 0.7207816385018611 -0.05327290303626446 0
1124 0.6968675400831255 -0.05169861665190245 0
1125 0.7192786625726718 -0.04193854584568637 0
1126 -0.3631547698391274 0.1383930713356359 0
1127 0.7491930648765456 -0.03895390366660865 0
1128 0.8501418937420524 -0.03227914729254016 0
1129 0.8100706828693152 -0.03458394017474303 0
1130 0.8059936951786267 -0.04487479188600436 0
1131 0.7901935284519929 -0.04614007006830413 0
1132 0.7755404292947174 -0.0509927197274842 0
1133 0.8877612993655325 -0.0235643885838048 0
1134 0.8937515792901399 -0.03566911687213677 0
1135 0.9091290327824922 -0.03100727061483519 0
1136 0.6108514891676581 -0.1941172570797315 0
1137 0.9074929442767563 -0.0200584135864311 0
1138 0.1136237980341634 0.06966635348900661 0
1139 0.361949628732847 -0.06874585192414996 0
1140 0.3517166879848644 -0.06971149668753289 0
1141 0.3821238737545063 -0.06665825761870083 0
1142 0.9383748723370349 -0.01629816539777654 0
1143 0.9435209916124334 -0.028485090579152 0
1144 0.9584732813041021 -0.02360066922047159 0
1145 0.124354624959312 -0.05823644803748353 0
1146 0.1240504085995128 -0.07126903452976631 0
1147 0.1400339169320407 -0.07030157528712654 0
1148 -0.02978699933575563 0.05621014381196406 0
1149 0.1921122619617868 -0.06655999430964479 0
1150 0.1961751524194901 -0.07708666764310222 0
1151 0.2125212407883647 -0.06602577601590937 0
1152 0.9962836344897421 -0.009232810590394439 0
1153 0.6526962602308694 -0.2290536327306808 0
1154 0.976568729527046 -0.01197820487953306 0
1155 0.2516802147488781 -0.06875563848440139 0
1156 0.2559219731489364 -0.08192022448389862 0
1157 0.2420827287706132 -0.07804630583093661 0
1158 0.2424934806111048 -0.06656781634130146 0
1159 0.5847927825341911 0.5010056744525114 0
1160 0.2720352702998226 -0.06721447232619432 0
1161 0.4145889699095936 -0.08092357790153985 0
1162 0.8205984605867509 0.4115319006562647 0
1163 0.2266783159096216 -0.08171928167966375 0
1164 0.4866832702835651 0.29867685087903 0
1165 0.4411685952581716 0.3866773971721009 0
1166 0.2899160024408803 0.06930698162279389 0
1167 0.2968810640862056 0.07958367532939316 0
1168 0.310061464544869 0.07880892718571077 0
1169 0.3264686363892722 0.083168546625269 0
1170 0.279950614925006 0.08129663133354817 0
1171 0.3470152027214667 0.0876150171776567 0
1172 0.3562865975111776 0.07484212609896188 0
1173 0.3677929130340313 0.08775192888393646 0
1174 0.1424446749397116 -0.05989582986356407 0
1175 0.3814486754725506 0.06749173841453415 0
1176 0.3859512298347395 0.0818925299821314 0
1177 0.401710661324893 0.07692980189696992 0
1178 0.4200153489122406 0.07754084392411513 0
1179 0.3860256381296567 0.1049364285385264 0
1180 0.1631457567359919 -0.06458260039000152 0
1181 0.1553415678287781 -0.07811820866563797 0
1182 -0.04008702206790998 0.02270202985108704 0
1183 0.01616053723384792 0.03912368480955233 0
1184 0.3105304502249117 0.06778915151394084 0
1185 0.2096195779837705 -0.2308533210579939 0
1186 0.2803794314619786 0.06764316570964396 0
1187 0.2397376662903366 0.06634025596767908 0
1188 0.2352336646365793 0.07965515687751504 0
1189 1.21458853730065 0.2835891260262065 0
1190 0.1509718612838056 0.06023782716879793 0
1191 0.2220006888072703 0.06805185882471214 0
1192 0.5081356634701926 0.05995206646939209 0
1193 0.5061980989506151 0.07085601432675648 0
1194 0.4898607856351424 0.07298091237389226 0
1195 0.5000159030644852 0.08910186897935556 0
1196 0.4761703159395971 0.09014763361538437 0
1197 0.4558866500294684 0.08029722668497104 0
1198 0.4543382794037598 0.1082636053682785 0
1199 0.5242677841030898 0.07874286070980768 0
1200 0.5405715150912479 0.05936283193268354 0
1201 0.5486181847234918 0.08648408759718205 0
1202 0.571932378626725 0.07767672780906795 0
1203 0.5958160399598025 0.08070024349687115 0
1204 0.6105236716283106 0.1051718280810929 0
1205 0.6209570812020677 0.08039481410508965 0
1206 0.6400751156414395 0.04882826475145652 0
1207 0.6438415891554626 0.07474698887730864 0
1208 0.6660832460368296 0.08172502559235319 0
1209 0.6789574944101459 0.04641704815048085 0
1210 0.5737637724868906 0.06233730736437152 0
1211 0.6682218823700796 0.04918053388728001 0
1212 0.6748357279029584 0.06016867902796331 0
1213 0.6900070898058379 0.05659800080886754 0
1214 0.6580298210488351 0.06059231203000984 0
1215 0.688786854466343 0.0442531925688827 0
1216 0.629240752663295 0.05097617051165255 0
1217 0.4368468147911687 0.09302288021384135 0
1218 0.5294143239261762 0.06196204715620598 0
1219 0.6843641303041064 0.07279114280504695 0
1220 0.7044549018469243 0.07164236156271864 0
1221 0.7285583235369226 0.0789492482696882 0
1222 0.7226190128406405 0.06047028364051424 0
1223 0.7449373768243271 0.06562149451404529 0
1224 0.1699250356066724 0.06347868675564203 0
1225 0.8200627242658829 -0.04681173296546968 0
1226 0.8101617655092077 -0.06033592271286625 0
1227 0.211587193967214 0.06619029699649774 0
1228 0.4004952709854592 0.06542742430930189 0
1229 0.4198833568675311 0.06454572393235425 0
1230 0.1407925175143173 0.06193771782920476 0
1231 0.4670507152492339 -0.07518588877571614 0
1232 0.7454577535879422 -0.06841154801437024 0
1233 0.4618910376705673 0.06498111998254529 0
1234 0.4486257924865607 0.06624564581544753 0
1235 0.4807990992628035 0.06300439572907915 0
1236 0.4896201153696065 0.06073296186543826 0
1237 0.6082361507193496 0.06435661452693887 0
1238 0.9736438279097877 -0.02437778039056171 0
1239 0.4670519091311706 -0.1782260906868458 0
1240 0.7187199375398183 0.04267874655614608 0
1241 0.6988353246337736 0.04451327506742062 0
1242 0.7048880766162753 0.05487439336113458 0
1243 0.3296417554735973 0.06838945496556205 0
1244 0.1716195289734856 -0.07371153918328732 0
1245 0.8680714298566496 -0.02651600185545754 0
1246 0.8643226072585797 -0.03896896218374125 0
1247 -0.8986733213574454 0.8046772870632081 0
1248 0.5505118287344902 0.0696679340969117 0
1249 0.5498863605200228 0.05688053126721133 0
1250 0.1293753603872663 0.07633505983164421 0
1251 0.06955192330228327 0.0678323034613558 0
1252 0.4293404086684866 0.0656681119038756 0
1253 3.761240862711127 0.3132735066107379 0
1254 0.07428585546131944 -0.06924226204789169 0
1255 0.09211614149255282 -0.05986416319807927 0
1256 0.06538982559486517 -0.05364765528454443 0
1257 0.1057654929433275 -0.0684248741703921 0
1258 0.6045132730512315 -0.09800280056998746 0
1259 0.240446523314346 -1.733128458870074 0
1260 -0.1385629101764213 -2.044758660765118 0
1261 -0.2219269827292962 1.165866122844295 0
1262 0.6005368331313338 -0.05347679088925631 0
1263 0.6097125881461051 -0.06338594543449216 0
1264 0.5519108831618551 -0.06495903135625387 0
1265 0.6875191107490948 -0.1521431498182541 0
1266 0.6707416916029586 -0.05112297176238679 0
1267 0.7377601882104938 0.04050877790526672 0
1268 0.7346528211313503 0.05167526890433415 0
1269 0.7628442023270748 0.0555444721044938 0
1270 0.7647663689499188 0.07525153130886932 0
1271 0.7852440277285695 0.06169647897972497 0
1272 0.7970220186893842 0.03316814094215511 0
1273 0.811566839241463 0.08970286351937588 0
1274 0.8122448858725715 0.05948527684145056 0
1275 0.8379959820351506 0.07452833238911731 0
1276 0.8080513323704437 0.03299686051638832 0
1277 0.8329667678023436 0.05136292855231905 0
1278 0.8617421095515212 0.05649715740170748 0
1279 0.879288083931403 0.02952979761533331 0
1280 0.8954885786063629 0.06731299467579474 0
1281 0.8840237537256748 0.04799163147508981 0
1282 0.8880704597518065 0.02371123596343563 0
1283 0.8670608267701259 0.03905879221628789 0
1284 0.907538125290696 0.04566286442763967 0
1285 0.7603159627613396 0.04103024017178532 0
1286 0.8295937842127001 -0.03866045882301728 0
1287 0.6493107136796019 0.04939759100491639 0
1288 -1.4775182763835 -0.6820503317828482 0
1289 0.5015023299982004 -0.06073706551742952 0
1290 1.679561636767293 -0.7582007144185268 0
1291 2.503163841798509 1.492077904330815 0
1292 1.188055971026348 -0.8439564361787301 0
1293 0.650341039168417 -0.04906268669215542 0
1294 0.6569314261725221 -0.06189153670335325 0
1295 2.555254509329503 2.659749513996748 0
1296 0.6200454361643651 -0.05285174405139673 0
1297 0.631626817234392 -0.05240148020823884 0
1298 0.05088425045902634 -0.7611575425170092 0
1299 0.8670875325661491 0.02657811748281251 0
1300 0.3323778396077177 -0.06756754267407508 0
1301 0.9566455871233619 -0.01362494624312857 0
1302 0.1991649217896943 0.2639477764395796 0
1303 0.3927366596552591 -0.06776505403083767 0
1304 0.6856878444379052 -0.0586390805054237 0
1305 0.5032965567290606 -0.524282111729736 0
1306 0.1725849911900911 -0.06383819384654595 0
1307 0.9294547001502029 0.06450716622567272 0
1308 0.9565834078852664 0.04574241474988939 0
1309 0.2807083106150792 -0.07072157106914799 0
1310 0.2738061480760829 -0.1648588991706761 0
1311 2.503903878039266 -0.6661681141562845 0
1312 0.8949071043476151 -0.05677026646729063 0
1313 0.2215361673185421 -0.0688788441083365 0
1314 0.7694173242835669 -0.0386166630968777 0
1315 0.6902156198526449 -0.04543878346434349 0
1316 0.7889324042024475 -0.03507036963117699 0
1317 0.4681810754814278 -0.2393558834098749 0
1318 0.7504434960863625 0.0994938103658166 0
1319 0.1215196877142237 0.06040138292187024 0
1320 0.1097824052708297 0.05890688947465542 0
1321 0.03738905522877256 0.05284260342072591 0
1322 0.05404268898586406 0.05939141811051304 0
1323 -0.01625857917433587 0.03636263896588772 0
1324 -0.01579808718929349 0.01697972950329119 0
1325 -0.03361941641192906 -0.003913595281851812 0
1326 -0.01633593132650352 -0.02253549678836909 0
1327 0.006228330291028761 -0.04464797957654749 0
1328 0.02976469206370785 -0.04858596961139954 0
1329 0.2600801910173003 0.07829216438014405 0
1330 0.1648352563280432 0.07317870105410403 0
1331 1.019035062883963 -0.001683831591144511 0
1332 0.627788437589212 0.06388390171491297 0
1333 0.3328762946875325 0.107198407325133 0
1334 2.294599251424074 -0.003266387300124839 0
1335 0.1926584660361999 0.07755933849643577 0
1336 0.3123473288630522 -0.06780365005188227 0
1337 0.5386767273156992 0.07124395229855818 0
1338 0.4075750665647108 0.09330708220591208 0
1339 0.7888662185373235 0.03385558340552734 0
1340 0.7945518931211273 0.04580741586201522 0
1341 -0.2072718392682606 -3.255750320285517 0
1342 0.9295766521949798 0.04112075392687736 0
1343 0.942529602331915 0.02883275108577463 0
1344 0.9774123486495689 0.03184504307201744 0
1345 0.9115069245422887 0.02978228453661256 0
1346 -0.003700138342265069 -0.01447915634788466 0
1347 0.7152234766957724 -0.1321210939327796 0
1348 -2.273431990226819 -1.847072764774201 0
1349 0.769376760116911 0.03633689107798055 0
1350 0.5459415897270049 -0.1549198013763211 0
1351 0.5096693004202524 -0.162514971866464 0
1352 0.8518731712874056 0.04142828486936579 0
1353 3.021489599546124 -0.6277592737503823 0
1354 1.443896696153992 0.6361337254302298 0
1355 0.2933552309444198 0.4128547878087068 0
1356 0.5989759582301292 0.05475675737245913 0
1357 0.6087463321201656 0.05181471009616449 0
1358 -0.4186099220302296 -1.330710275351106 0
1359 0.7507911539830083 -0.0501091033684731 0
1360 0.5967012190365847 0.2444916645170553 0
1361 0.327395161702895 0.306825721485616 0
1362 0.7685069578093726 -0.08015723018671064 0
1363 0.3390492521532 -0.2472029181332053 0
1364 0.5636556665313724 -0.2075268816383022 0
1365 0.8265957816965854 0.03371135680708599 0
1366 0.1077688599697485 -0.1586181797270093 0
1367 1.36034881114595 -1.093541472150264 0
1368 0.04149266761061399 0.04217328020153266 0
1369 0.7284294308907396 0.2702136817471828 0
1370 0.2902974643860247 -0.7548776133342987 0
1371 0.4116842707982888 -0.9154960047761965 0
1372 0.2604338707834307 0.06679436673139738 0
1373 0.4020232164442063 -0.07681854694686512 0
1374 0.4129091510453018 -0.06813101473516305 0
1375 0.4230050041661027 -0.06443589468298981 0
1376 0.4261697965561269 -0.07528789196005943 0
1377 0.4404410824358965 -0.07618642145141022 0
1378 0.442619138806875 -0.06535891025908065 0
1379 0.4531379574166098 -0.07230783504139777 0
1380 -1.505162416104665 -0.1387965210192086 0
1381 0.8401518137971471 0.1082942738524396 0
1382 0.2665164838477045 -0.09483818171423403 0
1383 1.120701449846805 -0.3348387141331584 0
1384 0.3033585364159888 -0.06705554249103204 0
1385 0.4519079274986514 -0.06230495937365875 0
1386 0.8739423484118662 0.1358519578417796 0
1387 0.6988258862422053 -0.04299018595293427 0
1388 0.4725762035644509 0.07217977327197636 0
1389 0.8852676890018052 -0.07170487855328021 0
1390 0.1041343367080125 -0.05637073181108093 0
1391 0.5792945587583457 0.05517966665812785 0
1392 0.5702363885012325 0.05397438713187359 0
1393 -0.2096834503828215 0.3513524358107696 0
1394 -0.4441023052088228 -0.141378641843528 0
1395 0.132317032520323 -0.08819757179548933 0
1396 0.3724923968960284 -0.07680319861008056 0
1397 0.8945087934056359 0.03422421476164967 0
1398 0.9093145302568879 0.1010739027833111 0
1399 0.7856467405879914 -0.2616973523417183 0
1400 -0.3300474784287854 -0.01397689294645636 0
1401 0.6409288024192449 -0.05895083038211176 0
1402 -0.2162536475617627 -0.03949164946967866 0
1403 0.6692948070911026 0.1139831532382315 0
1404 0.6420275284246293 0.1286269654028797 0
1405 0.4945959055996195 -0.08445255941615312 0
1406 -2.777248468021684 0.7578490989150388 0
1407 0.3594188775011089 0.06574459652867061 0
1408 0.3506894132028296 0.06595014922231297 0
1409 0.8416184196612964 -0.04178807013659753 0
1410 0.7777397626743623 0.1363059759363634 0
1411 1.494783157152437 -0.06335943976847785 0
1412 0.4375805293034027 0.07552095724332282 0
1413 0.6940815395440852 -0.2797012728222882 0
1414 0.1839387923765343 -0.0775026614405529 0
1415 0.1918911009426733 -0.09184248308499207 0
1416 0.5307829273050768 -0.2712751993451158 0
1417 0.6424619044205446 0.05890886965015364 0
1418 0.3040270368567077 -0.167709795435119 0
1419 0.4434300900430465 -0.1087522218838791 0
1420 0.9076999873796896 0.01938436930102161 0
1421 -0.8968230849584138 1.220758067220935 0
1422 0.06017473823008934 0.04721994183700498 0
1423 0.5510725130777748 -0.05611758830864737 0
1424 -2.5208668759761 1.470990432646377 0
1425 0.7019469558131105 0.1324651558251543 0
1426 1.459828441920944 3.220123818187868 0
1427 0.7678574565093107 -0.2001159971660964 0
1428 0.3062328739070245 0.6512385844237011 0
1429 -1.10817871051088 -0.374636483638715 0
1430 0.872215897662687 -0.2354707706262721 0
1431 -0.08308563916259099 0.3605045063130901 0
1432 -0.02902031353224449 0.5445471167594244 0
1433 0.5147626345855892 0.1362421092879523 0
1434 1.000494264625187 0.02915329655691837 0
1435 0.8283472709759971 -0.0294655924011957 0
1436 0.7734175270083932 0.04680971428345891 0
1437 0.9723244909277762 0.01556414980475448 0
1438 0.3442593775059158 -0.07826979980327273 0
1439 0.3476347965818178 0.1324713965982479 0
1440 0.2093276971483869 -0.07903257253293583 0
1441 -0.573259332371876 -1.686882495095402 0
1442 0.7693559489094034 0.538247362388148 0
1443 0.6904759879585289 0.09568896786093553 0
1444 -0.04911242852818704 -0.1945297504751701 0
1445 1.174615536858775 -0.2327202130819531 0
1446 1.008155839286994 -0.008647221889120203 0
1447 0.4110758190222442 0.1532147473924706 0
1448 3.14469421092089 -0.0167765565530135 0
1449 0.4752024814661297 0.6704857290897106 0
1450 0.6016017363936598 -0.07757347823985833 0
1451 0.915728134841431 0.01875739672782225 0
1452 0.1560184008551695 -0.2680068479881246 0
1453 -0.01676084158534558 0.1142369225362556 0
1454 -0.004711191900465261 0.01249461977585429 0
1455 0.9587278318116428 0.02782649693192277 0
1456 0.5837895410944367 0.8644485548368732 0
1457 -0.1426759771481796 -0.6119186090261218 0
1458 1.427746573549741 -0.2619196414184238 0
1459 1.340386975722813 -3.242162508602138 0
1460 0.5876092201948964 0.06506189455741219 0
1461 0.2756282020561072 -0.2915184629785534 0
1462 1.001707095238853 0.0875108652187729 0
1463 0.1734750388957747 0.3521556184726974 0
1464 0.9470534005739556 0.01741584605172168 0
1465 0.9377150675201601 0.01714840845372155 0
1466 0.100151970426123 0.06816652847181606 0
1467 1.674754762571576 -1.099281941052852 0
1468 0.4092594567551601 -0.2897942885249763 0
1469 0.06529538219617165 -0.1979670301337571 0
1470 0.8765966622848576 -0.03361500830369824 0
1471 0.06334636124005999 0.1388396701693151 0
1472 0.8146136313312253 0.0441076321132351 0
1473 0.6895344996365322 -0.1913936902830646 0
1474 0.04482581959832099 -0.05591618467985529 0
1475 0.8862360536249991 -0.09294215575429754 0
1476 1.589990843717834 0.3692800315942603 0
1477 2.186892835639788 1.126033920989426 0
1478 -0.4221694000139696 -0.4617984392756803 0
1479 0.9913175254766785 -0.02218774947355972 0
1480 -0.3526893637507129 0.3138216191882323 0
1481 0.03395549930077935 -0.03743748419005989 0
1482 0.04243623093390225 -0.04276600932031473 0
1483 0.09269576589237488 0.05142177428594798 0
1484 0.763815063570312 -0.04769026461204792 0
1485 2.027226253911585 2.956766820238359 0
1486 -0.07102990563662209 -0.009098050474206433 0
1487 0.4876526490852616 0.1592613776937274 0
1488 0.1912426559791893 0.06524224737403711 0
1489 0.5841301110113198 0.1298958203954454 0
1490 -0.4116446099688385 0.4685681115221531 0
1491 0.2702292987157853 -0.07820735722096508 0
1492 0.7238540934519136 0.04970409426243427 0
1493 0.7157780285901607 0.0503275184395222 0
1494 0.03427669444085785 0.04355886577290834 0
1495 0.03583287483481518 0.04820073459681713 0
1496 0.03031288256379766 0.04826963055033472 0
1497 0.02323670989882282 0.04369665767994353 0
1498 0.02168052950486543 0.03905478885603474 0
1499 0.02720052177588295 0.03898589290251715 0
1500 0.02875670216984033 0.04362776172642593 0
1501 0.2859986639497122 0.1869703321505935 0
1502 0.2888099874524623 0.2077829144128139 0
1503 0.264212492336973 0.2147065009007356 0
1504 0.2368036737187335 0.2008175051264371 0
1505 0.2339923502159833 0.1800049228642168 0
1506 0.2585898453314727 0.173081336376295 0
1507 0.2614011688342228 0.1938939186385153 0
1508 0.9537932794999292 -0.4001375191005331 0
1509 0.9083670601199052 -0.3667361881698862 0
1510 0.848552255330554 -0.3918926113638948 0
1511 0.8341636699212269 -0.4504503654885503 0
1512 0.879589889301251 -0.4838516964191972 0
1513 0.9394046940906021 -0.4586952732251886 0
1514 0.8939784747105781 -0.4252939422945417 0
1515 0.9877061450205806 -1.125240314419187 0
1516 0.9504170663592451 -1.013905902291914 0
1517 0.821214016228174 -0.9516680262057872 0
1518 0.7293000447584386 -1.000764562246933 0
1519 0.7665891234197739 -1.112098974374206 0
1520 0.895792173550845 -1.174336850460333 0
1521 0.8585030948895096 -1.06300243833306 0
1522 0.05105282692540819 0.3091742962810886 0
1523 0.04738765858712191 0.2541932459311058 0
1524 0.07035636451385657 0.2101644894421363 0
1525 0.09699023877887758 0.2211167833031495 0
1526 0.1006554071171639 0.2760978336531322 0
1527 0.0776867011904292 0.3201265901421018 0
1528 0.07402153285214286 0.265145539792119 0
1529 0.517340664407548 -0.06638095339525375 0
1530 0.52223406880152 -0.06841836245197534 0
1531 0.5252869028158909 -0.06672950978154613 0
1532 0.5234463324362896 -0.06300324805439532 0
1533 0.5185529280423176 -0.06096583899767372 0
1534 0.5155000940279468 -0.06265469166810293 0
1535 0.5203934984219188 -0.06469210072482454 0
1536 0.5563895826912362 0.08354830100114402 0
1537 0.5641609806589806 0.08061251440510599 0
1538 0.5736541451398394 0.08489170673507154 0
1539 0.5753759116529537 0.09210668566107513 0
1540 0.5676045136852093 0.09504247225711317 0
1541 0.5581113492043506 0.09076327992714761 0
1542 0.565882747172095 0.08782749333110958 0
1543 0.5292066139690278 -0.06233063784222607 0
1544 0.52816704358226 -0.0663932046754615 0
1545 0.5318656350816146 -0.06738575737539507 0
1546 0.536603796967737 -0.06431574324209319 0
1547 0.5376433673545048 -0.06025317640885775 0
1548 0.5339447758551502 -0.05926062370892419 0
1549 0.5329052054683824 -0.06332319054215962 0
1550 0.5510189960605577 0.1144996036108398 0
1551 0.5498185903920247 0.1004918456040109 0
1552 0.5688049193537422 0.109050230263942 0
1553 0.5605121605414165 0.1187787959408053 0
1554 0.5593117548728835 0.1047710379339765 0
1555 0.5335451969466913 -0.07255749483533531 0
1556 0.5399629206978906 -0.07465921816197368 0
1557 0.5447010825840131 -0.0715892040286718 0
1558 0.5430215207189362 -0.06641746656873156 0
1559 0.5382833588328138 -0.06948748070203344 0
1560 0.6721156689641765 -0.3402170129920828 0
1561 0.6389723518715493 -0.3078354655847622 0
1562 0.5888592984683058 -0.3128766115208177 0
1563 0.5718895621576894 -0.3502993048641939 0
1564 0.6050328792503166 -0.3826808522715145 0
1565 0.65514593265356 -0.3776397063354589 0
1566 0.6220026155609328 -0.3452581589281384 0
1567 0.8371761406892512 -0.3094556889400656 0
1568 0.8114114406386213 -0.285576520640892 0
1569 0.7588508224109288 -0.29866442169428 0
1570 0.7320549042338662 -0.3356314910468416 0
1571 0.7578196042844961 -0.3595106593460153 0
1572 0.8103802225121886 -0.3464227582926273 0
1573 0.7846155224615587 -0.3225435899934536 0
1574 0.4790489870970215 -0.06146648420459395 0
1575 0.4753665529291877 -0.06199963399464698 0
1576 0.4757552553564392 -0.06599488436186125 0
1577 0.4798263919515244 -0.0694569849390225 0
1578 0.4835088261193581 -0.06892383514896946 0
1579 0.4831201236921067 -0.0649285847817552 0
1580 0.479437689524273 -0.06546173457180822 0
1581 0.9627679665114793 -0.0338055824316543 0
1582 0.9606206239077908 -0.02870312582606294 0
1583 0.9534891847402126 -0.02522880967336506 0
1584 0.9485050881763231 -0.02685695012625853 0
1585 0.9506524307800116 -0.03195940673184988 0
1586 0.9577838699475898 -0.03543372288454776 0
1587 0.9556365273439011 -0.03033126627895641 0
1588 0.09035908398863313 -0.0497564950999143 0
1589 0.09123761274059294 -0.05481032914899678 0
1590 0.09449935251632857 -0.0553889945612657 0
1591 0.09688256354010427 -0.05091382592445215 0
1592 0.09361854849550627 -0.05034798082088576 0
1593 -2.367318228970642 2.223988423157152 0
1594 -2.131791295123605 1.923625069010094 0
1595 -1.764694791771511 1.855935532713447 0
1596 -1.633125222266455 2.088609350563858 0
1597 -1.868652156113493 2.388972704710917 0
1598 -2.235748659465586 2.456662241007564 0
1599 -2.000221725618549 2.156298886860505 0
1600 0.6584138166016533 -0.05202811511342917 0
1601 0.6576726213870877 -0.05695982590839121 0
1602 0.6615348479826676 -0.05830201505636443 0
1603 0.6661382697928131 -0.05471249340937561 0
1604 0.6668794650073787 -0.04978078261441357 0
1605 0.6630172384117989 -0.04843859346644035 0
1606 0.6622760431972332 -0.05337030426140238 0
1607 0.8111030800051487 -0.08099423416068804 0
1608 0.7995133913653123 -0.07580003556595014 0
1609 0.7861505502477573 -0.08203829207064937 0
1610 0.7843773977700386 -0.09347074717008651 0
1611 0.795967086409875 -0.09866494576482442 0
1612 0.8093299275274302 -0.09242668926012519 0
1613 0.7977402388875936 -0.08723249066538728 0
1614 0.2945927347719459 0.09430851999039673 0
1615 0.2872716748484759 0.08780257566197244 0
1616 0.2855940979787392 0.08072564599882984 0
1617 0.2912375810324724 0.08015466066411149 0
1618 0.2985586409559424 0.08666060499253578 0
1619 0.3002362178256791 0.09373753465567838 0
1620 0.2929151579022092 0.08723159032725411 0
1621 0.5170507431802234 -0.07895065860216481 0
1622 0.5220891081878577 -0.07470321505543089 0
1623 0.5123022993999137 -0.07062839694198768 0
1624 0.5121573387862514 -0.07691324954544322 0
1625 0.5171957037938857 -0.07266580599870928 0
1626 0.302400448127467 -0.08517373867775423 0
1627 0.3040159164968877 -0.08067114402875294 0
1628 0.3017899285192695 -0.0748979015286098 0
1629 0.2979484721722306 -0.07362725367746796 0
1630 0.29633300380281 -0.07812984832646924 0
1631 0.2985589917804282 -0.08390309082661239 0
1632 0.3001744601498488 -0.07940049617761108 0
1633 1.189221345610885 0.05559694556075701 0
1634 1.188652627142135 0.0130098518234045 0
1635 1.225938641243617 -0.01815431566294649 0
1636 1.263793373813849 -0.006731389411944983 0
1637 1.264362092282599 0.03585570432540752 0
1638 1.227076078181117 0.06701987181175852 0
1639 1.226507359712367 0.02443277807440601 0
1640 -0.335820515515117 -2.460124020559798 0
1641 -0.5579141816870417 -2.326917802259683 0
1642 -0.8378409227578856 -2.422490590534827 0
1643 -0.8956739976568044 -2.651269597110087 0
1644 -0.6735803314848798 -2.784475815410202 0
1645 -0.3936535904140361 -2.688903027135057 0
1646 -0.615747256585961 -2.555696808834942 0
1647 0.9409892526877061 -0.1434776052546707 0
1648 0.9667704816268214 -0.1583918567556608 0
1649 0.9915247614024935 -0.1524059529161237 0
1650 0.99049781223905 -0.1315057975755965 0
1651 0.9647165832999345 -0.1165915460746064 0
1652 0.9399623035242626 -0.1225774499141435 0
1653 0.965743532463378 -0.1374917014151336 0
1654 0.1125504430697798 -0.2033326634945914 0
1655 0.08892291263297569 -0.2006498468141742 0
1656 0.06631505535317395 -0.2355667381758026 0
1657 0.06733472851017619 -0.2731664462178481 0
1658 0.09096225894698029 -0.2758492628982653 0
1659 0.113570116226782 -0.2409323715366369 0
1660 0.08994258578997799 -0.2382495548562197 0
1661 0.7438078257755301 0.04685137184729654 0
1662 0.7392303234534402 0.04926332037581534 0
1663 0.7356886101577316 0.04795310523797833 0
1664 0.7367243991841127 0.04423094157162253 0
1665 0.7413019015062026 0.04181899304310373 0
1666 0.7448436148019112 0.04312920818094073 0
1667 0.7402661124798213 0.04554115670945953 0
1668 0.8510749697677213 -0.06863890043093057 0
1669 0.8424712863879594 -0.06276774881533501 0
1670 0.8301426582204601 -0.06666054238496828 0
1671 0.8264177134327226 -0.07642448757019711 0
1672 0.8350213968124847 -0.08229563918579268 0
1673 0.847350024979984 -0.07840284561615941 0
1674 0.838746341600222 -0.07253169400056382 0
1675 0.6631127697788932 -0.06426676688002823 0
1676 0.6692941133852645 -0.06664199705670322 0
1677 0.67389753519541 -0.0630524754097144 0
1678 0.6723196133991842 -0.0570877235860506 0
1679 0.6677161915890387 -0.06067724523303941 0
1680 1.006345020961321 -0.0005612771970481703 0
1681 1.012690041922642 -0.001122554394096341 0
1682 1.021112738573977 0.004636883531159239 0
1683 1.023190414263992 0.01095759865346299 0
1684 1.016845393302671 0.01151887585051116 0
1685 1.008422696651335 0.005759437925255581 0
1686 1.014767717612656 0.00519816072820741 0
1687 -2.482367999775173 -1.231583623694732 0
1688 -2.377899995000996 -1.539328194234466 0
1689 -2.150798275375325 -1.65754374289994 0
1690 -2.028164560523831 -1.468014721025679 0
1691 -2.132632565298008 -1.160270150485945 0
1692 -2.359734284923679 -1.042054601820471 0
1693 -2.255266280149502 -1.349799172360205 0
1694 0.4501846945459584 0.1372973977215094 0
1695 0.4522614869748591 0.1227805015448939 0
1696 0.4661437838916338 0.1116153072003958 0
1697 0.4779492883795078 0.1149670090325131 0
1698 0.4758724959506071 0.1294839052091286 0
1699 0.4619901990338324 0.1406490995536268 0
1700 0.4640669914627331 0.1261322033770113 0
1701 0.2532318175386941 0.07181612821406098 0
1702 0.2566560042779972 0.07505414629710251 0
1703 0.25179801555706 0.07874649521260105 0
1704 0.2435158400968196 0.07920082604505804 0
1705 0.2400916533575165 0.0759628079620165 0
1706 0.2449496420784537 0.07227045904651798 0
1707 0.2483738288177568 0.07550847712955951 0
1708 0.6896197155593509 -0.07526382649703939 0
1709 0.6825475862754932 -0.0721405268652088 0
1710 0.6716740061457017 -0.07574303743521699 0
1711 0.6678725552997679 -0.08246884763705577 0
1712 0.6749446845836254 -0.08559214726888636 0
1713 0.685818264713417 -0.08198963669887817 0
1714 0.6787461354295593 -0.07886633706704757 0
1715 2.338857296271176 -3.179961382048097 0
1716 2.337454441617722 -2.808381890486706 0
1717 2.140956548349029 -2.530369622248241 0
1718 1.945861509733791 -2.623936845571169 0
1719 1.947264364387246 -2.995516337132561 0
1720 2.143762257655939 -3.273528605371025 0
1721 2.142359403002484 -2.901949113809633 0
1722 0.7015331705525641 -0.3416327978736983 0
1723 0.6978073550483247 -0.3106670353479932 0
1724 0.6646640379556975 -0.2782854879406726 0
1725 0.6352465363673099 -0.2768697030590571 0
1726 0.6683898534599371 -0.3092512504663777 0
1727 0.2831017944519551 0.1119050402218907 0
1728 0.2925077945736855 0.1063597522703558 0
1729 0.3057384522174235 0.1110909943114518 0
1730 0.3095631097394311 0.1213675243040825 0
1731 0.3001571096177007 0.1269128122556174 0
1732 0.2869264519739627 0.1221815702145214 0
1733 0.2963324520956931 0.1166362822629866 0
1734 0.5083418897514863 -0.06684698354317839 0
1735 0.5042365194893965 -0.06935042274782462 0
1736 0.5040915588757342 -0.07563527535128016 0
1737 0.5080519685241616 -0.07941668875008945 0
1738 0.5081969291378239 -0.07313183614663392 0
1739 0.743431018875169 -0.4180684134706709 0
1740 0.7816030516935344 -0.4635382665419383 0
1741 0.7959916371028615 -0.4049805124172827 0
1742 0.01407378421525513 -0.04596064292149818 0
1743 0.02191923813948149 -0.04727330626644886 0
1744 0.02757779329892485 -0.04393132499016861 0
1745 0.02539089453414184 -0.03927668036893769 0
1746 0.01754544060991547 -0.03796401702398701 0
1747 0.01188688545047212 -0.04130599830026725 0
1748 0.01973233937469859 -0.04261866164521794 0
1749 0.03116162780939835 -0.04486980780428632 0
1750 0.03255856355508885 -0.04115364599717311 0
1751 0.03037166479030584 -0.03649900137594218 0
1752 0.02678783027983234 -0.03556051856182448 0
1753 0.02897472904461545 -0.0402151631830554 0
1754 0.9340758791144723 -0.02295558989042114 0
1755 0.9387984353634529 -0.02572034023478657 0
1756 0.9418056185206339 -0.02442278218536018 0
1757 0.9400902454288345 -0.02036047379156836 0
1758 0.9353676891798539 -0.01759572344720293 0
1759 0.9323605060226728 -0.01889328149662932 0
1760 0.9370830622716533 -0.02165803184099475 0
1761 2.057485837937757 -0.7404888437281374 0
1762 2.116970377308868 -0.5627275794668404 0
1763 2.051520041791587 -0.4080926042274649 0
1764 1.926585166903195 -0.4312188932493865 0
1765 1.867100627532084 -0.6089801575106836 0
1766 1.932550963049365 -0.763615132750059 0
1767 1.992035502420476 -0.585853868488762 0
1768 -1.381916194990162 2.090198956682791 0
1769 -1.262276737218925 1.859114744951312 0
1770 -0.9938680494983068 1.798163483407073 0
1771 -0.845098819548926 1.968296433594314 0
1772 -0.9647382773201632 2.199380645325792 0
1773 -1.233146965040781 2.260331906870031 0
1774 -1.113507507269544 2.029247695138552 0
1775 0.854663716670474 0.03337379065543113 0
1776 0.8532684439789398 0.03740103776239845 0
1777 0.84842783517528 0.03791085745559411 0
1778 0.8449824990631545 0.03439343004182242 0
1779 0.8463777717546885 0.03036618293485509 0
1780 0.8512183805583484 0.02985636324165944 0
1781 0.8498231078668141 0.03388361034862677 0
1782 0.942720627155017 -0.03755150416538003 0
1783 0.9419202626976005 -0.04661791775160806 0
1784 0.9490517018651787 -0.05009223390430594 0
1785 0.9569835054901732 -0.04450013647077579 0
1786 0.9498520663225951 -0.04102582031807791 0
1787 -0.3242992545465761 -0.1323184500740867 0
1788 -0.3842007798776995 -0.1368485459588073 0
1789 -0.378901165241762 -0.1906788331948406 0
1790 -0.3137000252747013 -0.2399790245461532 0
1791 -0.2537984999435779 -0.2354489286614325 0
1792 -0.2590981145795153 -0.1816186414253993 0
1793 -0.3189996399106387 -0.1861487373101199 0
1794 0.8691693242762391 0.05366198209283492 0
1795 0.8765965390009569 0.05082680678396237 0
1796 0.8878453620192375 0.05443208587532479 0
1797 0.8916669703128002 0.06087254027555977 0
1798 0.8842397555880823 0.06370771558443232 0
1799 0.8729909325698018 0.0601024364930699 0
1800 0.8804181472945196 0.05726726118419734 0
1801 0.6408707119011412 0.05218846638435556 0
1802 0.6416663081608429 0.0555486680172546 0
1803 0.6380548538347948 0.05626463660398661 0
1804 0.6336478032490449 0.05362040355781959 0
1805 0.6328522069893432 0.05026020192492054 0
1806 0.6364636613153913 0.04954423333818853 0
1807 0.6372592575750931 0.05290443497108756 0
1808 2.432228101387563 -1.066337654942832 0
1809 2.215114699977105 -0.9922938814661331 0
1810 2.034557612099511 -1.122712738014642 0
1811 2.071113925632375 -1.32717536803985 0
1812 2.288227327042833 -1.401219141516548 0
1813 2.468784414920427 -1.270800284968039 0
1814 2.251671013509969 -1.196756511491341 0
1815 -1.472834911134912 -2.043072207305457 0
1816 -1.339248753123348 -1.863592761620596 0
1817 -1.438952011965302 -1.548904110340963 0
1818 -1.672241428818819 -1.413694904746191 0
1819 -1.805827586830383 -1.593174350431051 0
1820 -1.70612432798843 -1.907863001710684 0
1821 -1.572538169976865 -1.728383556025824 0
1822 0.4234987210712625 -0.1962459144761379 0
1823 0.4452753151012165 -0.1872360025814918 0
1824 0.4474185622976343 -0.1710213422826202 0
1825 0.427785215464098 -0.1638165938783946 0
1826 0.406008621434144 -0.1728265057730407 0
1827 0.4038653742377262 -0.1890411660719123 0
1828 0.4256419682676803 -0.1800312541772662 0
1829 0.7191278224819693 -0.06842363162023653 0
1830 0.7129561016667656 -0.06490959903417197 0
1831 0.7034202021821108 -0.06705941967502828 0
1832 0.7000560235126596 -0.07272327290194913 0
1833 0.7062277443278633 -0.07623730548801368 0
1834 0.7157636438125181 -0.07408748484715738 0
1835 0.7095919229973144 -0.07057345226109282 0
1836 0.5369180534421846 0.4628962486923746 0
1837 0.4890433243501781 0.4247868229322378 0
1838 0.4859756961014743 0.3723797104957469 0
1839 0.5307827969447771 0.3580820238193929 0
1840 0.5786575260367836 0.3961914495795297 0
1841 0.5817251542854873 0.4485985620160206 0
1842 0.5338504251934808 0.4104891362558837 0
1843 0.9915401366363371 -0.3802164871684061 0
1844 0.9838607743927209 -0.3268941243056322 0
1845 0.9384345550126969 -0.2934927933749853 0
1846 0.900687697876289 -0.3134138253071123 0
1847 0.9461139172563131 -0.3468151562377592 0
1848 0.5482240573533449 -0.07282697144449266 0
1849 0.5500674702576001 -0.06889300140037327 0
1850 0.5483879083925232 -0.06372126394043302 0
1851 0.5448649336231913 -0.06248349652461217 0
1852 0.5465444954882681 -0.06765523398455241 0
1853 0.3829495269266136 0.0722920022703999 0
1854 0.3844503783806765 0.07709226612626564 0
1855 0.3806344136621628 0.07812350425432066 0
1856 0.3753175974895862 0.07435447852650991 0
1857 0.3738167460355232 0.06955421467064417 0
1858 0.3776327107540369 0.06852297654258915 0
1859 0.3791335622080999 0.07332324039845491 0
1860 0.651597218254763 -0.06091130126293942 0
1861 0.646263010337004 -0.05993106582252559 0
1862 0.6404620755921786 -0.06487174148445975 0
1863 0.6399953487651124 -0.07079265258680774 0
1864 0.6453295566828715 -0.07177288802722157 0
1865 0.6511304914276967 -0.0668322123652874 0
1866 0.6457962835099378 -0.06585197692487356 0
1867 0.6558902769485714 -0.08503429312231493 0
1868 0.6477094494433089 -0.08087392840573533 0
1869 0.6369985950428656 -0.08466839398484628 0
1870 0.6344685681476849 -0.09262322428053685 0
1871 0.6426493956529475 -0.09678358899711646 0
1872 0.6533602500533907 -0.0929891234180055 0
1873 0.6451794225481281 -0.08882875870142588 0
1874 0.9266646128971709 -0.02944706001720206 0
1875 0.9280089678813314 -0.02481894978162889 0
1876 0.92551952867168 -0.02075491595221713 0
1877 0.9216857344778679 -0.02131899235837856 0
1878 0.9203413794937076 -0.02594710259395173 0
1879 0.922830818703359 -0.03001113642336348 0
1880 0.9241751736875194 -0.02538302618779031 0
1881 0.005685062573249244 0.03106422617210501 0
1882 0.01092279990354861 0.03509395549082867 0
1883 0.01045056676762279 0.04357342485624793 0
1884 0.004740596301397726 0.04802316490294352 0
1885 -0.0004971410289015821 0.04399343558421986 0
1886 -2.490789297587837e-05 0.0355139662188006 0
1887 0.005212829437323485 0.03954369553752426 0
1888 0.8766725310548197 -0.02677618885000605 0
1889 0.8766345966698386 -0.03019559857685214 0
1890 0.8803182079784158 -0.03026480173040042 0
1891 0.8840397536719742 -0.02691459515710261 0
1892 0.8840776880569552 -0.02349518543025652 0
1893 0.880394076748378 -0.02342598227670824 0
1894 0.8803561423633969 -0.02684539200355433 0
1895 0.06204580294726142 -0.04339860899020934 0
1896 0.06371781427106327 -0.04852313213737688 0
1897 0.06693428900231019 -0.04931539558762895 0
1898 0.06847875240975526 -0.04498313589071347 0
1899 0.06525742215199526 -0.04421057376682246 0
1900 0.2757807345284852 0.1053990958934664 0
1901 0.2778656747267456 0.09334786361350729 0
1902 0.2851867346502155 0.09985380794193155 0
1903 -0.008814510787326146 -0.02990632438442856 0
1904 -0.001293090248148665 -0.03727715198048803 0
1905 0.005601771333542283 -0.03821285592385092 0
1906 0.00497521237605586 -0.03177773227115434 0
1907 -0.002546208163121622 -0.02440690467509487 0
1908 -0.009441069744812569 -0.02347120073173198 0
1909 -0.001919649205635088 -0.03084202832779144 0
1910 0.1176472351683933 -0.0631662318011174 0
1911 0.120848821883953 -0.06721763316544185 0
1912 0.1241518140527793 -0.06692483903233871 0
1913 0.1242532195060456 -0.06258064353491112 0
1914 0.1210516327904859 -0.05852924217058667 0
1915 0.1177486406216596 -0.0588220363036898 0
1916 0.1209502273372194 -0.06287343766801426 0
1917 0.3715799177776819 -0.06939668440631343 0
1918 0.3720361573368551 -0.073099941508197 0
1919 0.3757028891821877 -0.07342155161295398 0
1920 0.378913381468347 -0.0700399046158274 0
1921 0.3784571419091738 -0.06633664751394384 0
1922 0.3747904100638412 -0.06601503740918685 0
1923 0.3752466496230145 -0.06971829451107042 0
1924 2.932158910904509 -2.761163371050094 0
1925 2.634105248934388 -2.598982884987704 0
1926 2.648237710587158 -2.988596121189722 0
1927 1.122829565293912 -0.0981428565315076 0
1928 1.114325795230541 -0.06791310878556168 0
1929 1.09639992259151 -0.05542107448984186 0
1930 1.086977820015852 -0.07315878794006796 0
1931 1.095481590079224 -0.1033885356860139 0
1932 1.113407462718254 -0.1158805699817337 0
1933 1.104903692654882 -0.08565082223578777 0
1934 0.02564167412149376 0.03199084255781205 0
1935 0.02090110567767084 0.03555726368368219 0
1936 0.01790045693798781 0.03415585392394948 0
1937 0.01964037664212764 0.02918802303834663 0
1938 0.02261528258545081 0.03064442367725673 0
1939 0.693140974868052 -0.0540121046030762 0
1940 0.6894144096529786 -0.05632559255424995 0
1941 0.6927200232424574 -0.05955790915298494 0
1942 0.6997522020470097 -0.06047673780054618 0
1943 0.7034787672620831 -0.05816324984937243 0
1944 0.7001731536726044 -0.05493093325063744 0
1945 0.6964465884575308 -0.05724442120181118 0
1946 0.5808136656209737 -0.2740610118999997 0
1947 0.5557982964630253 -0.2726681056225577 0
1948 0.5388285601524089 -0.3100907989659339 0
1949 0.5468741929997409 -0.3489063985867519 0
1950 0.5638439293103573 -0.3114837052433758 0
1951 0.4920413163299932 -0.09971305839378979 0
1952 0.4848971557215987 -0.09457868906942239 0
1953 0.4738613451247324 -0.09600006350633639 0
1954 0.4699696951362606 -0.1025558072676178 0
1955 0.4771138557446551 -0.1076901765919852 0
1956 0.4881496663415213 -0.1062688021550712 0
1957 0.4810055057331269 -0.1011344328307038 0
1958 0.2650475294597815 0.08948654030195756 0
1959 0.2724990721923938 0.08539158581775287 0
1960 0.2683291917958729 0.1094940503776711 0
1961 0.2629625892615211 0.1015377725819167 0
1962 0.2704141319941333 0.09744281809771195 0
1963 0.07494987003723053 -0.04640404713426718 0
1964 0.07016984781604785 -0.0500258512094058 0
1965 0.07038845821272571 -0.05393560955139233 0
1966 0.07538709083058631 -0.05422356381824023 0
1967 0.08016711305176899 -0.0506017597431016 0
1968 0.07994850265509107 -0.04669200140111508 0
1969 0.07516848043390845 -0.05031380547625369 0
1970 0.9995942385059875 0.123107457127473 0
1971 1.00065066687242 0.1053091611731229 0
1972 1.024621773229064 0.08669937212972008 0
1973 1.047536451219276 0.08588787904066725 0
1974 1.046480022852843 0.1036861749950173 0
1975 1.022508916496199 0.1222959640384201 0
1976 1.023565344862632 0.1044976680840701 0
1977 1.056078078617111 0.004936148300921978 0
1978 1.046181741755923 -0.002484638658317661 0
1979 1.039901934093956 -0.02031575678066438 0
1980 1.043518463293177 -0.03072608794377147 0
1981 1.053414800154366 -0.02330530098453184 0
1982 1.059694607816333 -0.005474182862185113 0
1983 1.049798270955144 -0.01289496982142475 0
1984 -0.3162016682952339 2.655685211775527 0
1985 -0.5687585761404526 2.769641259536837 0
1986 -0.779653519190296 2.635207999459282 0
1987 -0.7379915543949207 2.386818691620418 0
1988 -0.4854346465497021 2.272862643859109 0
1989 -0.2745397034998587 2.407295903936663 0
1990 -0.5270966113450772 2.521251951697973 0
1991 0.09587661273217363 0.1013207871132491 0
1992 0.1019039739259721 0.09342209960562586 0
1993 0.1155060573055721 0.09415441232440663 0
1994 0.1230807794913738 0.1027854125508106 0
1995 0.1170534182975754 0.1106841000584339 0
1996 0.1034513349179753 0.1099517873396531 0
1997 0.1094786961117737 0.1020530998320299 0
1998 -0.2219828809207972 0.1543502699227115 0
1999 -0.2175728725615606 0.1088425974443272 0
2000 -0.1792059814425788 0.09222566415791011 0
2001 -0.1452490986828335 0.1211164033498774 0
2002 -0.1496591070420699 0.1666240758282618 0
2003 -0.1880259981610518 0.1832410091146788 0
2004 -0.1836159898018152 0.1377333366362945 0
2005 0.9318278662069138 -0.05322577521144545 0
2006 0.9225358341736436 -0.05076721908505482 0
2007 0.912022721581579 -0.05826440985010558 0
2008 0.9108016410227846 -0.06822015674154697 0
2009 0.9200936730560548 -0.0706787128679376 0
2010 0.9306067856481195 -0.06318152210288684 0
2011 0.9213147536148492 -0.06072296597649621 0
2012 0.5932342563577002 1.646517616499741 0
2013 0.760905959766774 1.662680079307771 0
2014 0.7791764330420785 1.843169976132103 0
2015 0.6297752029083092 2.007497410148406 0
2016 0.4621034994992353 1.991334947340376 0
2017 0.4438330262239309 1.810845050516043 0
2018 0.6115047296330047 1.827007513324073 0
2019 0.3948242012527495 -0.1543661396917629 0
2020 0.3814965338749374 -0.1521204339093568 0
2021 0.3793532866785197 -0.1683350942082284 0
2022 0.3905377068599141 -0.1867954602895062 0
2023 0.3926809540563319 -0.1705807999906345 0
2024 0.9149443044502015 -0.02492446938130505 0
2025 0.9120366686163468 -0.02796586999807012 0
2026 0.9145261078259983 -0.03202990382748187 0
2027 0.9199231828695045 -0.03305253704012855 0
2028 0.917433743659853 -0.02898850321071679 0
2029 0.6809172776001318 0.2708488417526161 0
2030 0.7046733542454358 0.2705312617498995 0
2031 0.7208540487125559 0.3077534285794651 0
2032 0.7132786665343721 0.3452931754117474 0
2033 0.6895225898890682 0.3456107554144641 0
2034 0.6733418954219481 0.3083885885848985 0
2035 0.6970979720672519 0.3080710085821818 0
2036 0.2372164030570751 -0.09389749928560527 0
2037 0.2319473594833483 -0.0878083904826345 0
2038 0.2222253995682897 -0.08794104631171168 0
2039 0.2177724832269579 -0.0941628109437596 0
2040 0.2230415268006846 -0.1002519197467304 0
2041 0.2327634867157433 -0.1001192639176532 0
2042 0.2274944431420166 -0.09403015511468242 0
2043 1.841508137165544 0.3205772678630534 0
2044 1.715749490441689 0.3449286497286568 0
2045 1.609776126149952 0.2903793731776599 0
2046 1.62956140858207 0.2114787147610595 0
2047 1.755320055305924 0.187127332895456 0
2048 1.861293419597662 0.2416766094464529 0
2049 1.735534772873807 0.2660279913120565 0
2050 0.7358533810534026 0.08579743563506434 0
2051 0.7431484385698826 0.09264562300044046 0
2052 0.7391996262772753 0.1001715296245806 0
2053 0.727955756468188 0.1008492488833447 0
2054 0.7206606989517081 0.09400106151796853 0
2055 0.7246095112443154 0.08647515489382837 0
2056 0.7319045687607952 0.09332334225920449 0
2057 0.9447093466230676 -0.07768834358747806 0
2058 0.9429146224316258 -0.06668633746265708 0
2059 0.9218883972474967 -0.08168071899275858 0
2060 0.934196234031003 -0.08518553435252882 0
2061 0.9324015098395613 -0.07418352822770782 0
2062 0.7469460392854562 0.1137766895835337 0
2063 0.7434485824845499 0.1280595688012509 0
2064 0.7322047126754627 0.1287372880600149 0
2065 0.7244582996672817 0.1151321281010618 0
2066 0.735702169476369 0.1144544088422978 0
2067 0.6616912116933966 -0.08009361746038078 0
2068 0.6593113189329594 -0.07099257708186701 0
2069 0.6535103841881341 -0.07593325274380117 0
2070 1.351123490278263 -0.115998563240322 0
2071 1.42295332371535 -0.08967900150439991 0
2072 1.430404806896318 -0.04067578089929973 0
2073 1.3660264566402 -0.01799212203012161 0
2074 1.294196623203113 -0.04431168376604366 0
2075 1.286745140022144 -0.09331490437114384 0
2076 1.358574973459231 -0.06699534263522179 0
2077 1.010214759819591 0.07765564968257345 0
2078 1.01872242440033 0.067800434146374 0
2079 1.041637102390541 0.06698894105732117 0
2080 1.056044115800014 0.0760326635044678 0
2081 1.033129437809803 0.07684415659352062 0
2082 0.7523622063188597 0.04330302893644693 0
2083 0.7563390845400997 0.04216663455411612 0
2084 0.7611587092832515 0.04586831748268815 0
2085 0.7620014558051631 0.05070639479359097 0
2086 0.7580245775839232 0.05184278917592178 0
2087 0.7532049528407716 0.04814110624734976 0
2088 0.7571818310620114 0.04700471186501895 0
2089 -0.122005536287602 -2.410473046161647 0
2090 -0.1302842232320116 -2.227615853463383 0
2091 -0.3523778894039363 -2.094409635163268 0
2092 -0.5661928686314515 -2.144060609561418 0
2093 -0.3440992024595266 -2.277266827861533 0
2094 0.2905156888148462 -0.0767600307022325 0
2095 0.2869243618045007 -0.08116345557813891 0
2096 0.289150349782119 -0.08693669807828204 0
2097 0.2949676647700826 -0.08830651570251878 0
2098 0.2927416767924644 -0.08253327320237563 0
2099 -0.9371152272182179 0.459096848424307 0
2100 -1.079236165803205 0.4280811285067611 0
2101 -1.075939767193266 0.3167465616180368 0
2102 -0.9305224299983406 0.2364277146468586 0
2103 -0.7884014914133537 0.2674434345644046 0
2104 -0.7916978900232923 0.3787780014531288 0
2105 -0.9338188286082791 0.3477622815355828 0
2106 0.7907614433985914 0.03783952755768996 0
2107 0.7926566682598593 0.04182347170985259 0
2108 0.7891285737841073 0.0426354185653094 0
2109 0.7837052544470873 0.03946342126860358 0
2110 0.7818100295858195 0.03547947711644095 0
2111 0.7853381240615716 0.03466753026098415 0
2112 0.7872333489228394 0.03865147441314677 0
2113 0.5579802204044098 0.246710947540109 0
2114 0.5773407197204973 0.2456013060285822 0
2115 0.5896641119537498 0.2775892220590498 0
2116 0.5826270048709148 0.3106867796010443 0
2117 0.5632665055548274 0.3117964211125712 0
2118 0.5509431133215749 0.2798085050821035 0
2119 0.5703036126376623 0.2786988635705767 0
2120 0.8592842680494489 -0.8452848318683417 0
2121 0.8054405484009881 -0.7879981735720418 0
2122 0.7135265769312527 -0.8370947096131875 0
2123 0.6754563251099778 -0.943477903950633 0
2124 0.7673702965797133 -0.8943813679094873 0
2125 -0.08162133509772468 2.775739132516671 0
2126 -0.09959790974543409 3.009749101019125 0
2127 -0.3521548175906528 3.123705148780434 0
2128 -0.586735150788162 3.00365122803929 0
2129 -0.3341782429429433 2.889695180277981 0
2130 0.5262028563248146 -0.09254450481815103 0
2131 0.5191076172487018 -0.0878713034835249 0
2132 0.5077367444278552 -0.09041454400531823 0
2133 0.5034611106831214 -0.0976309858617377 0
2134 0.5105563497592343 -0.1023041871963638 0
2135 0.5219272225800808 -0.09976094667457051 0
2136 0.514831983503968 -0.09508774533994437 0
2137 0.5574837980874416 -0.08812426850017158 0
2138 0.5519322212682658 -0.08244260499439181 0
2139 0.5420197947663691 -0.08357986304333376 0
2140 0.5376589450836482 -0.09039878459805548 0
2141 0.5432105219028242 -0.09608044810383523 0
2142 0.5531229484047209 -0.09494319005489328 0
2143 0.5475713715855449 -0.0892615265491135 0
2144 -2.57551906720382 2.173231329084933 0
2145 -2.54819297158996 1.822110880865655 0
2146 -2.312666037742923 1.521747526718596 0
2147 -2.104465199509745 1.572504620790816 0
2148 -2.339992133356783 1.872867974937874 0
2149 1.32428464505992 -1.385858933743692 0
2150 1.174639934370918 -1.311216830145076 0
2151 1.040837494187681 -1.419599908647749 0
2152 1.056679764693446 -1.602625090749038 0
2153 1.206324475382448 -1.677267194347654 0
2154 1.340126915565685 -1.568884115844981 0
2155 1.190482204876683 -1.494242012246365 0
2156 0.6757237425479408 -0.05362834134339909 0
2157 0.680705793492923 -0.0561337109244114 0
2158 0.6840182810189006 -0.05420291725658211 0
2159 0.6823487175998961 -0.04976675400774052 0
2160 0.677366666654914 -0.04726138442672821 0
2161 0.6740541791289363 -0.0491921780945575 0
2162 0.6790362300739184 -0.0516975476755698 0
2163 2.600862294545102 -0.9823103236651151 0
2164 2.552383086292184 -0.8242392189106998 0
2165 2.335269684881726 -0.7501954454340012 0
2166 2.166635491724186 -0.8342227767117177 0
2167 2.383748893134644 -0.9082665501884164 0
2168 0.3110987148615286 -2.311459943920132 0
2169 0.09868593275916815 -2.452395091390022 0
2170 0.138636376337929 -2.744104823788232 0
2171 0.3909996020190502 -2.894879408716552 0
2172 0.6034123841214107 -2.753944261246662 0
2173 0.5634619405426499 -2.462234528848452 0
2174 0.3510491584402894 -2.603169676318342 0
2175 0.7551250069066893 -0.2676986591685749 0
2176 0.7246032732253873 -0.2736999659954316 0
2177 0.7283290887296268 -0.3046657285211366 0
2178 0.8608564455579119 -0.0993410778721836 0
2179 0.8602675493526977 -0.08692556495935487 0
2180 0.8356102930176988 -0.09471115209862141 0
2181 0.8485278173904125 -0.1032338714418169 0
2182 0.8479389211851982 -0.09081835852898815 0
2183 0.02314451434458376 -0.3484577400514619 0
2184 -0.02206537297801098 -0.3861493258430301 0
2185 -0.004574585955820776 -0.4300221803450859 0
2186 0.0581260883889641 -0.4362034490555734 0
2187 0.1033359757115589 -0.3985118632640052 0
2188 0.08584518868936869 -0.3546390087619494 0
2189 0.04063530136677401 -0.3923305945535176 0
2190 0.1530578141619441 -0.1915551801707101 0
2191 0.1699376548173044 -0.1770948801664117 0
2192 0.1743890417018661 -0.1563282032751212 0
2193 0.1619605879310677 -0.1500218263881292 0
2194 0.1450807472757074 -0.1644821263924276 0
2195 0.1406293603911457 -0.185248803283718 0
2196 0.157509201046506 -0.1707885032794196 0
2197 -0.03570063790753469 -0.988226415594601 0
2198 0.007591806275745794 -0.8746919790558051 0
2199 -0.03454614032386544 -0.779495887297698 0
2200 -0.1199765311067572 -0.7978342320783868 0
2201 -0.1632689752900378 -0.9113686686171827 0
2202 -0.1211310286904265 -1.00656476037529 0
2203 -0.07783858450714592 -0.8930303238364938 0
2204 0.373698220510461 0.2381019289322255 0
2205 0.350546691106678 0.2724638252089208 0
2206 0.3154705447870008 0.2807489798820887 0
2207 0.3035459278711067 0.2546722382785614 0
2208 0.3266974572748897 0.2203103420018662 0
2209 0.3617736035945669 0.2120251873286982 0
2210 0.3386220741907838 0.2463870836053935 0
2211 -0.1297650103648921 -0.2768695936420863 0
2212 -0.1891319478362662 -0.2830744047697761 0
2213 -0.1880910103052956 -0.33413311447651 0
2214 -0.1276831353029507 -0.3789870130555542 0
2215 -0.06831619783157644 -0.3727822019278644 0
2216 -0.06935713536254723 -0.3217234922211305 0
2217 -0.1287240728339213 -0.3279283033488202 0
2218 0.9644331594516042 0.008834886037171759 0
2219 0.9683788251896902 0.01219951792096312 0
2220 0.9675741439222381 0.01548612338701375 0
2221 0.9628237969167001 0.01540809696927302 0
2222 0.9588781311786141 0.01204346508548165 0
2223 0.9596828124460661 0.008756859619431024 0
2224 0.9636284781841522 0.01212149150322239 0
2225 0.5140066865769276 0.06498165468055546 0
2226 0.5101023927637713 0.06791883450365596 0
2227 0.5068439537904742 0.06722136504096834 0
2228 0.5074898086303334 0.06358671575518023 0
2229 0.5113941024434897 0.06064953593207971 0
2230 0.5146525414167868 0.06134700539476733 0
2231 0.5107482476036305 0.06428418521786781 0
2232 0.8035515192873381 0.03726704563159729 0
2233 0.7990517062042327 0.04153723074680625 0
2234 0.7953752683105462 0.04159432422206185 0
2235 0.7961986434999652 0.03738123258210848 0
2236 0.8006984565830706 0.03311104746689951 0
2237 0.8043748944767571 0.03305395399164392 0
2238 0.7998750813936517 0.03732413910685288 0
2239 0.08045654065675673 0.04813928847757461 0
2240 0.08292439774157134 0.05386151119144605 0
2241 0.08009667751753186 0.05729891031569614 0
2242 0.07480110020867775 0.05501408672607477 0
2243 0.07233324312386313 0.04929186401220332 0
2244 0.07516096334790262 0.04585446488795324 0
2245 0.07762882043271729 0.05157668760182468 0
2246 0.6654926625393305 -0.07336780725854199 0
2247 0.5648630375787858 0.05929228276712632 0
2248 0.5693134050328382 0.06081479506574892 0
2249 0.5731533078668354 0.06745044751260366 0
2250 0.5725428432467802 0.0725635876608358 0
2251 0.5680924757927278 0.07104107536221321 0
2252 0.5642525729587305 0.06440542291535846 0
2253 0.568702940412783 0.06592793521398106 0
2254 -0.3442338543614908 -0.6396915946646011 0
2255 -0.2434549157548353 -0.6258051018453614 0
2256 -0.1729869896369667 -0.5596824511019589 0
2257 -0.2032980021257539 -0.507446293177796 0
2258 -0.3040769407324095 -0.5213327859970356 0
2259 -0.374544866850278 -0.5874554367404382 0
2260 -0.2737659282436224 -0.5735689439211985 0
2261 0.637130645063466 -1.214321730863411 0
2262 0.6368752168382289 -1.378782363438744 0
2263 0.7660782669692998 -1.441020239524871 0
2264 0.895536745325608 -1.338797483035665 0
2265 0.766333695194537 -1.276559606949538 0
2266 0.6131568708188585 -0.05987454497346036 0
2267 0.6166011534916118 -0.05636314451242854 0
2268 0.6166375246458096 -0.05248221546417463 0
2269 0.613229613127254 -0.05211268687695252 0
2270 0.6097853304545007 -0.05562408733798433 0
2271 0.6097489593003029 -0.05950501638623825 0
2272 0.6131932419730562 -0.05599361592520644 0
2273 0.7568752604928256 0.0589034795743443 0
2274 0.7509063186585764 0.0622624870441948 0
2275 0.7460866939154247 0.05856080411562278 0
2276 0.7472360110065223 0.05150011371720026 0
2277 0.7520556357496739 0.05520179664577228 0
2278 1.890252453234956 -0.978594052343907 0
2279 1.782503607903266 -1.038937996698379 0
2280 1.81905992143613 -1.243400626723587 0
2281 1.963365080300685 -1.387519312394322 0
2282 1.926808766767821 -1.183056682369114 0
2283 0.6927389224756837 -0.1014725089405696 0
2284 0.6947153836594461 -0.08992981753471979 0
2285 0.6729682233998631 -0.09713483867473616 0
2286 0.6818653423458922 -0.1050750195105778 0
2287 0.6838418035296546 -0.09353232810472796 0
2288 0.6707926345292956 -0.7288710654527443 0
2289 0.5899884403060639 -0.7270306156297465 0
2290 0.5519181884847891 -0.8334138099671919 0
2291 0.5946521308867461 -0.9416374541276352 0
2292 0.6327223827080208 -0.8352542597901897 0
2293 -0.4703422756792126 0.06923539311141653 0
2294 -0.41674852275917 0.1038142322235262 0
2295 -0.4214167551585835 0.199470696683729 0
2296 -0.4796787404780397 0.2605483220318222 0
2297 -0.5332724933980821 0.2259694829197126 0
2298 -0.5286042609986688 0.1303130184595097 0
2299 -0.4750105080786262 0.1648918575716194 0
2300 0.9818873100486197 -0.0551167546791312 0
2301 0.9832833232958664 -0.04593580765285769 0
2302 0.9780913274004647 -0.03747258676347134 0
2303 0.9715033182578163 -0.03819031290035849 0
2304 0.9701073050105696 -0.04737125992663199 0
2305 0.9752993009059714 -0.05583448081601835 0
2306 0.976695314153218 -0.04665353378974484 0
2307 0.1850818038828118 -0.3025128850255271 0
2308 0.1705501023689907 -0.2852598665068259 0
2309 0.1267970677925059 -0.2822599500787143 0
2310 0.09757573472984216 -0.296513052169304 0
2311 0.1121074362436633 -0.3137660706880053 0
2312 0.1558604708201481 -0.3167659871161168 0
2313 0.141328769306327 -0.2995129685974156 0
2314 0.08938675855874834 0.04672265928498805 0
2315 0.09104126222556158 0.04907221678546801 0
2316 0.09026126220371189 0.05414242749240449 0
2317 0.08782675851504895 0.056863080698861 0
2318 0.08617225484823565 0.05451352319838103 0
2319 0.08695225487008534 0.04944331249144455 0
2320 0.0886067585368987 0.05179286999192452 0
2321 0.6227967851854133 -0.09971963657414742 0
2322 0.6136550291183224 -0.09886121857206745 0
2323 0.6082771759597904 -0.1105957529284953 0
2324 0.6120410788683491 -0.1231887052870031 0
2325 0.62118283493544 -0.124047123289083 0
2326 0.6265606880939721 -0.1123125889326552 0
2327 0.6174189320268813 -0.1114541709305752 0
2328 -2.284675557519283 0.09566795970065604 0
2329 -2.049997549017654 0.1913359194013221 0
2330 -1.929923420924933 0.4766309903228713 0
2331 -2.044527301333844 0.6662581015437545 0
2332 -2.279205309835473 0.5705901418430885 0
2333 -2.399279437928193 0.2852950709215393 0
2334 -2.164601429426563 0.3809630306222053 0
2335 1.222741823721312 -0.3384542158546052 0
2336 1.171721636784059 -0.3366464649938818 0
2337 1.152556047566426 -0.4090149748579588 0
2338 1.184410645286046 -0.4831912355827592 0
2339 1.2354308322233 -0.4849989864434827 0
2340 1.254596421440933 -0.4126304765794057 0
2341 1.203576234503679 -0.4108227257186822 0
2342 0.7760387172463826 0.1798148127964987 0
2343 0.7768892399603724 0.1580603943664311 0
2344 0.7915885291760659 0.1377614467667241 0
2345 0.8054372956777697 0.1392169175970848 0
2346 0.8045867729637799 0.1609713360271525 0
2347 0.7898874837480863 0.1812702836268595 0
2348 0.7907380064620761 0.1595158651967918 0
2349 2.746681855499192 -2.062587833352692 0
2350 2.541366721231729 -2.249695116139003 0
2351 3.137474045171971 -2.574056088263783 0
2352 3.044735517469313 -2.224768319415082 0
2353 2.83942038320185 -2.411875602201393 0
2354 0.001453113778360049 0.2529762991584454 0
2355 -0.04081626269211541 0.3067404027357677 0
2356 -0.08958415980237061 0.3178579777595065 0
2357 -0.09608268044215013 0.275211449205923 0
2358 -0.05381330397167466 0.2214473456286007 0
2359 -0.005045406861419577 0.2103297706048619 0
2360 -0.04731478333189493 0.2640938741821842 0
2361 -1.094460616421467 -0.6225531806446855 0
2362 -1.101319663466173 -0.4985948321417002 0
2363 -1.231291899135087 -0.4771077663534261 0
2364 -1.354405087759293 -0.5795790490681372 0
2365 -1.347546040714587 -0.7035373975711223 0
2366 -1.217573805045674 -0.7250244633593965 0
2367 -1.22443285209038 -0.6010661148564113 0
2368 0.7415091915933348 0.06097275264414158 0
2369 0.7380810063623426 0.05632401077423786 0
2370 0.7426585086844324 0.05391206224571906 0
2371 0.1458675457006316 -0.8984841789683246 0
2372 0.09837589807982899 -0.8298208607426669 0
2373 0.01179100971326785 -1.056889733820259 0
2374 0.102575101517351 -1.01201861550712 0
2375 0.05508345389654851 -0.9433552972814628 0
2376 0.6595238031099303 -0.1142557563608735 0
2377 0.6617974537818822 -0.101725207099884 0
2378 0.6403757449809957 -0.109314138258106 0
2379 0.648812948709487 -0.1180502219399845 0
2380 0.6510865993814389 -0.105519672678995 0
2381 0.9996475323381468 -0.04135020240068916 0
2382 0.99216343444063 -0.03905253151363668 0
2383 0.9893714079461366 -0.05741442556618369 0
2384 0.9982515190909003 -0.05053114942696268 0
2385 0.9907674211933832 -0.04823347853991017 0
2386 -0.6265587252602627 -0.4854414150104317 0
2387 -0.5243640626371162 -0.473619927143056 0
2388 -0.4553823668709195 -0.4113083514585641 0
2389 -0.4885953337278696 -0.360818263641448 0
2390 -0.5907899963510161 -0.3726397515088238 0
2391 -0.6597716921172128 -0.4349513271933156 0
2392 -0.5575770294940661 -0.4231298393259398 0
2393 0.3155305218263368 0.08026213366556351 0
2394 0.3209995791078045 0.08171534014541626 0
2395 0.3182836891579868 0.08905051918978633 0
2396 0.3100987419267013 0.09493249175430367 0
2397 0.3046296846452337 0.09347928527445093 0
2398 0.3073455745950513 0.08614410623008084 0
2399 0.3128146318765191 0.08759731270993359 0
2400 1.455195634610716 0.01426232668836078 0
2401 1.415608112068995 0.09188409314519941 0
2402 1.351229761812877 0.1145677520143776 0
2403 1.326438934098479 0.05962964442671705 0
2404 1.390817284354597 0.03694598555753889 0
2405 0.2182139228694412 -0.1200718621853749 0
2406 0.2157667448775336 -0.1102282188805912 0
2407 0.2037675733290659 -0.105374309335722 0
2408 0.1942155797725057 -0.1103640430956365 0
2409 0.1966627577644133 -0.1202076864004202 0
2410 0.208661929312881 -0.1250615959452894 0
2411 0.2062147513209735 -0.1152179526405057 0
2412 0.7968496074710645 -0.05087202094982483 0
2413 0.803505686490136 -0.05560397183134554 0
2414 0.8087724087323473 -0.05518221243724562 0
2415 0.807383051955487 -0.05002850216162499 0
2416 0.8007269729364155 -0.04529655128010428 0
2417 0.7954602506942041 -0.04571831067420421 0
2418 0.8021163297132757 -0.05045026155572491 0
2419 0.2608025145667064 0.2403795899298826 0
2420 0.2299837181782003 0.2521636831847311 0
2421 0.2025748995599608 0.2382746874104326 0
2422 0.2059848773302274 0.2126015983812856 0
2423 0.2333936959484669 0.2264905941555841 0
2424 0.7837959449152231 -0.06406813122330289 0
2425 0.7796681871049703 -0.05753042547539355 0
2426 0.7707704699898629 -0.05425824678854078 0
2427 0.7660005106850082 -0.05752377384959737 0
2428 0.7701282684952611 -0.06406147959750672 0
2429 0.7790259856103685 -0.06733365828435947 0
2430 0.7748982278001156 -0.06079595253645013 0
2431 0.016918881652429 -0.03152889337129043 0
2432 0.01063376753549922 -0.02843575099487409 0
2433 0.01126032649298569 -0.03487087464757067 0
2434 0.7970489992587757 -0.5829092515007179 0
2435 0.7743229140056516 -0.6568103833882299 0
2436 0.8265084321921241 -0.7084718176633099 0
2437 0.901420035631721 -0.6862321200508776 0
2438 0.9241461208848452 -0.6123309881633656 0
2439 0.8719606026983726 -0.5606695538882857 0
2440 0.8492345174452485 -0.6345706857757979 0
2441 1.026576089305381 0.04438958366537195 0
2442 1.025922089629694 0.03083394872056935 0
2443 1.038836865128771 0.01563785427056504 0
2444 1.052405640303535 0.01399739476536332 0
2445 1.053059639979223 0.02755302971016593 0
2446 1.040144864480145 0.04274912416017024 0
2447 1.039490864804458 0.02919348921536764 0
2448 0.3112518472723306 -0.1031093467331121 0
2449 0.3060184135151885 -0.09639284002993384 0
2450 0.295974477920406 -0.09582191998920019 0
2451 0.2911639760827656 -0.1019675066516449 0
2452 0.2963974098399076 -0.1086840133548232 0
2453 0.3064413454346901 -0.1092549333955568 0
2454 0.3012079116775481 -0.1025384266923785 0
2455 0.657588713054281 2.202609769339297 0
2456 0.8348034533340223 2.233394694513887 0
2457 0.9129032236577184 2.50772991845154 0
2458 0.8137882537016732 2.751280217214603 0
2459 0.636573513421932 2.720495292040014 0
2460 0.5584737430982359 2.446160068102361 0
2461 0.7356884833779771 2.47694499327695 0
2462 2.389112489365711 -1.646252182232166 0
2463 2.670554739566183 -1.760866366399273 0
2464 2.851111827443776 -1.630447509850764 0
2465 2.750226665120898 -1.385414469135147 0
2466 2.569669577243304 -1.515833325683656 0
2467 0.2367349985211651 0.07521685657423638 0
2468 0.2382363324057508 0.07077855627095773 0
2469 0.2430943211266881 0.0670862073554592 0
2470 0.2464509759630394 0.06783215874323932 0
2471 0.2415929872421023 0.07152450765873786 0
2472 0.9542436977605804 -0.05855545479369229 0
2473 0.9673674972809767 -0.0614265782495485 0
2474 0.9621755013855748 -0.05296335736016214 0
2475 0.7896347521708973 0.09415683785349618 0
2476 0.8006007957061801 0.09192985068643603 0
2477 0.8141399135541332 0.1066927051553991 0
2478 0.8167129878668032 0.1236825467914223 0
2479 0.8057469443315204 0.1259095339584825 0
2480 0.7922078264835674 0.1111466794895194 0
2481 0.8031738700188502 0.1089196923224593 0
2482 0.5732580269291124 -0.06814959666647075 0
2483 0.5685500885155567 -0.06996519778309197 0
2484 0.5706640455739819 -0.07530119246011842 0
2485 0.5774859410459627 -0.07882158602052362 0
2486 0.5821938794595185 -0.07700598490390238 0
2487 0.5800799224010933 -0.07166999022687595 0
2488 0.5753719839875376 -0.07348559134349718 0
2489 0.37734862552598 -0.07782489651445104 0
2490 0.3822048541559317 -0.07884659441882154 0
2491 0.385415346442091 -0.07546494742169496 0
2492 0.3837696100982987 -0.07106160252019789 0
2493 0.3805591178121394 -0.07444324951732446 0
2494 0.815965453267629 -2.86225501445233 0
2495 0.9885680788350866 -2.678856035259789 0
2496 0.9486176352563258 -2.387146302861578 0
2497 0.7360645661101075 -2.27883554965591 0
2498 0.7760150096888683 -2.57054528205412 0
2499 0.04723909549649008 -0.2814983684636168 0
2500 0.02612378932580167 -0.2522305826673399 0
2501 -0.02012703552776379 -0.2388634587521742 0
2502 -0.0452625542106409 -0.2547641206332854 0
2503 -0.02414724803995244 -0.2840319064295623 0
2504 0.02210357681361302 -0.297399030344728 0
2505 0.0009882706429245602 -0.2681312445484511 0
2506 0.08022928413839725 -0.06611622909795421 0
2507 0.08617271281547501 -0.06299019614801674 0
2508 0.08820600214451751 -0.05807994816041556 0
2509 0.08429586279648216 -0.05629573312275184 0
2510 0.0783524341194044 -0.05942176607268931 0
2511 0.07631914479036189 -0.0643320140602905 0
2512 0.08226257346743981 -0.06120598111035303 0
2513 0.8308431057670909 0.04547907130390803 0
2514 0.8287194437318381 0.03959521405549701 0
2515 0.8315762421147332 0.03276623874740758 0
2516 0.8365567025328811 0.03182112068772916 0
2517 0.8386803645681338 0.03770497793614017 0
2518 0.8358235661852387 0.04453395324422961 0
2519 0.833699904149986 0.0386500959958186 0
2520 0.5128651372139061 -0.2864396215852287 0
2521 0.4949473471227354 -0.3016040438253416 0
2522 0.5029929799700674 -0.3404196434461597 0
2523 0.5289564029085703 -0.3640708208268649 0
2524 0.5209107700612382 -0.3252552212060468 0
2525 1.464844249838214 -0.4151286279048543 0
2526 1.446295411693977 -0.3385241346616391 0
2527 1.376418385919349 -0.2880337498507254 0
2528 1.325090198288957 -0.314147858283027 0
2529 1.343639036433194 -0.3907523515262423 0
2530 1.413516062207823 -0.4412427363371559 0
2531 1.394967224063586 -0.3646382430939407 0
2532 0.3932087809413414 0.1010599797609883 0
2533 0.4003919237530261 0.09718353098345019 0
2534 0.4114711112691023 0.1008650171148476 0
2535 0.4153671559734938 0.1084229520237831 0
2536 0.4081840131618091 0.1122994008013212 0
2537 0.3971048256457329 0.1086179146699238 0
2538 0.4042879684574175 0.1047414658923857 0
2539 0.722640063500549 -0.09089296585403479 0
2540 0.723969803398861 -0.08141531503016793 0
2541 0.7048980044295513 -0.08571495631188054 0
2542 0.7131041640158942 -0.09304278649489109 0
2543 0.7144339039142061 -0.08356513567102422 0
2544 3.173528721307827 -1.181112036637727 0
2545 2.911435112052924 -1.160746732528628 0
2546 3.11320543669868 -1.650812813959863 0
2547 3.274413883630705 -1.426145077353344 0
2548 3.012320274375802 -1.405779773244245 0
2549 0.3484128607239668 -0.1066585016957864 0
2550 0.3429177290113798 -0.09946151534013001 0
2551 0.3304434918756861 -0.09811830380174594 0
2552 0.3234643864525794 -0.1039720786190182 0
2553 0.3289595181651663 -0.1111690649746745 0
2554 0.3414337553008601 -0.1125122765130586 0
2555 0.3359386235882731 -0.1053152901574023 0
2556 0.5327272608967847 0.09649375839595857 0
2557 0.5406727228101382 0.09148892299657031 0
2558 0.5430735341472042 0.119504439010228 0
2559 0.5339276665653176 0.1105015164027874 0
2560 0.5418731284786712 0.1054966810033992 0
2561 0.1801609390893668 -0.1066516940500013 0
2562 0.1756582919627881 -0.09794961124445158 0
2563 0.1647475330337642 -0.0941079268502247 0
2564 0.158339421231319 -0.09896832526154756 0
2565 0.1628420683578977 -0.1076704080670973 0
2566 0.1737528272869216 -0.1115120924613242 0
2567 0.1692501801603429 -0.1028100096557744 0
2568 0.384284439970323 -0.1125016136518631 0
2569 0.380033268391741 -0.1040856592944813 0
2570 0.3684907286876239 -0.1017316326418806 0
2571 0.3611993605620888 -0.1077935603466617 0
2572 0.3654505321406709 -0.1162095147040434 0
2573 0.3769930718447879 -0.1185635413566442 0
2574 0.3727419002662059 -0.1101475869992624 0
2575 -1.182885856359379 0.2588305482820761 0
2576 -1.144414608330568 0.1205956879749372 0
2577 -0.9989972711356419 0.04027684100375886 0
2578 -0.8920511819695285 0.0981928543397196 0
2579 -1.037468519164454 0.1785117013108979 0
2580 0.4309548935865101 0.1134084597445719 0
2581 0.442646586495135 0.1108360325564252 0
2582 0.4384930016373336 0.1398698249096562 0
2583 0.4288781011576094 0.1279253559211874 0
2584 0.4405697940662343 0.1253529287330407 0
2585 0.6623321555001522 0.3698167272103661 0
2586 0.618961026644116 0.3568005321767024 0
2587 0.6027803321769959 0.3195783653471368 0
2588 0.6299707665659119 0.2953723935512348 0
2589 0.646151461033032 0.3325945603808005 0
2590 0.4701396509239806 -0.06675048544837205 0
2591 0.4685951830866073 -0.0709681871120441 0
2592 0.4726663196816925 -0.07443028768920534 0
2593 0.478281924114151 -0.07367468660269454 0
2594 0.4742107875190659 -0.07021258602553329 0
2595 0.6788795861403921 -0.0655578449907267 0
2596 0.6822837152891487 -0.0620984627480752 0
2597 0.6773016643441665 -0.0595930931670629 0
2598 0.71587943861735 -0.2449134668261106 0
2599 0.7049804890807176 -0.2623073698241994 0
2600 0.7660239564433218 -0.2503047561704861 0
2601 0.7464011722986521 -0.238912159999254 0
2602 0.7355022227620196 -0.2563060629973428 0
2603 0.2896407807551543 -0.07181159424060007 0
2604 0.2851745456851167 -0.07126658265487402 0
2605 0.2815832186747712 -0.07567000753078043 0
2606 0.2824581267344632 -0.08061844399241286 0
2607 0.2860494537448087 -0.07621501911650645 0
2608 3.043774225336846 1.780963277548674 0
2609 3.175818800331209 1.490871532121573 0
2610 3.511134789612366 1.49329845784356 0
2611 3.71440620389916 1.785817128992647 0
2612 3.582361628904797 2.075908874419748 0
2613 3.24704563962364 2.073481948697762 0
2614 3.379090214618003 1.783390203270661 0
2615 0.4912219844596316 -0.1276516087812852 0
2616 0.4952037306990096 -0.1162495182497212 0
2617 0.4731321095052771 -0.1190922671235492 0
2618 0.4801861738627654 -0.1290729832181992 0
2619 0.4841679201021434 -0.1176708926866352 0
2620 0.4714249564209014 0.06517149192131622 0
2621 0.4720005799926761 0.06867563259664629 0
2622 0.469014481599823 0.06978022217549934 0
2623 0.4654527596351951 0.06738067107902231 0
2624 0.4648771360634204 0.06387653040369223 0
2625 0.4678632344562735 0.0627719408248392 0
2626 0.4684388580280482 0.06627608150016924 0
2627 0.31978453267524 -0.06930487380664421 0
2628 0.3160659307691461 -0.06855426192926324 0
2629 0.3144133725713077 -0.07304001313744586 0
2630 0.3164794162795632 -0.07827637622300945 0
2631 0.3201980181856572 -0.07902698810039042 0
2632 0.3218505763834956 -0.0745412368922078 0
2633 0.3181319744774016 -0.07379062501482682 0
2634 0.3213939314671979 -1.15474266395697 0
2635 0.3665391011327434 -1.035119334366583 0
2636 0.3389092449726707 -0.9327131689154584 0
2637 0.2661342191470524 -0.9499303330547204 0
2638 0.2209890494815069 -1.069553662645107 0
2639 0.2486189056415796 -1.171959828096232 0
2640 0.2937640753071251 -1.052336498505845 0
2641 1.150250193129318 -0.09544081682295168 0
2642 1.169167050901351 -0.06250902936844983 0
2643 1.160663280837979 -0.03227928162250392 0
2644 1.133242653002574 -0.03498132133105984 0
2645 1.141746423065946 -0.06521106907700576 0
2646 -1.240506612375475 -0.2960231627655462 0
2647 -1.37283451424007 -0.2174098418923774 0
2648 -1.495947702864277 -0.3198811246070885 0
2649 -1.486732989623889 -0.5009657281949683 0
2650 -1.363619800999682 -0.3984944454802573 0
2651 -1.048062206910914 2.696159261003521 0
2652 -1.274808929836156 2.508721214708896 0
2653 -1.006400242115538 2.447769953164657 0
2654 0.4552339356804136 2.84379673198985 0
2655 0.1957945876151992 2.692762948002034 0
2656 0.1176948172915031 2.418427724064381 0
2657 0.2990343950330215 2.295126284114545 0
2658 0.3771341653567176 2.569461508052197 0
2659 -0.1844966069758259 -0.7480879209147577 0
2660 -0.1635862920620028 -0.6800032649704398 0
2661 -0.365144169275314 -0.707776250608919 0
2662 -0.2852755455824815 -0.7619744137339973 0
2663 -0.2643652306686582 -0.6938897577896794 0
2664 1.144404202982332 0.004394982799106196 0
2665 1.166244055827858 -0.0125911295574209 0
2666 1.167381492765358 0.0725830579172841 0
2667 1.144972921451082 0.04698207653645869 0
2668 1.166812774296608 0.0299959641799316 0
2669 0.280023491741383 0.1499219426500573 0
2670 0.2768596430358038 0.1336861354117414 0
2671 0.3033209583232799 0.1431486194939333 0
2672 0.293254149385121 0.1546531846911532 0
2673 0.2900903006795418 0.1384173774528373 0
2674 0.8218849614728848 -0.1168320251732534 0
2675 0.8222888650589351 -0.1015102289643397 0
2676 0.7955631828238248 -0.1139867419737381 0
2677 0.8085221203553297 -0.1230702816779526 0
2678 0.8089260239413798 -0.1077484854690389 0
2679 1.305307857997928 -0.5354893712543963 0
2680 1.39435047299019 -0.5136112462012329 0
2681 1.324473447215561 -0.4631208613903193 0
2682 1.436069174214598 -1.338181182278293 0
2683 1.398208992680274 -1.215861327214278 0
2684 1.248564281991272 -1.141219223615663 0
2685 1.136779752836594 -1.188896975081061 0
2686 1.286424463525596 -1.263539078679677 0
2687 0.5608832085031891 -0.06232659688521783 0
2688 0.5623626793025951 -0.06705369789246553 0
2689 0.5658738926546967 -0.06710247199309237 0
2690 0.5679056352073923 -0.06242414508647152 0
2691 0.5664261644079863 -0.05769704407922383 0
2692 0.5629149510558847 -0.05764826997859699 0
2693 0.5643944218552907 -0.06237537098584468 0
2694 0.818515767599726 -0.07757092940790605 0
2695 0.8143387665544668 -0.06895342606038615 0
2696 0.8027490779146305 -0.06375922746564824 0
2697 0.7953363903200532 -0.06718253221843024 0
2698 0.8069260789598895 -0.07237673081316816 0
2699 0.9757163960756381 0.02641807864959646 0
2700 0.9740204435017071 0.02099111422717547 0
2701 0.9770090350103748 0.01392073401871262 0
2702 0.9816935790929733 0.01227731823267076 0
2703 0.9833895316669042 0.01770428265509174 0
2704 0.9804009401582365 0.02477466286355459 0
2705 0.9787049875843057 0.01934769844113361 0
2706 0.6648245285963315 0.05298445993485662 0
2707 0.6614271748225833 0.05678838598243324 0
2708 0.65832979450142 0.0564344886866005 0
2709 0.658629767954005 0.05227666534319116 0
2710 0.6620271217277531 0.04847273929561455 0
2711 0.6651245020489164 0.04882663659144728 0
2712 0.6617271482751682 0.0526305626390239 0
2713 0.008783450454932673 0.3629383998584109 0
2714 -0.03715109435382918 0.3617214530857505 0
2715 0.005118282116646389 0.3079573495084281 0
2716 -3.148280378103852 -0.363111064256671 0
2717 -2.833816972062382 -0.1815555321283405 0
2718 -2.833816972062384 0.1815555321283181 0
2719 -3.148280378103854 0.3631110642566461 0
2720 -3.170354318398244 -1.194621618790764e-14 0
2721 0.851724134302468 0.6968863286120355 0
2722 0.8105400416059357 0.6175668455000918 0
2723 0.8250593344025139 0.523113778051657 0
2724 0.8807627198956243 0.507980193715166 0
2725 0.9219468125921566 0.5872996768271098 0
2726 0.9074275197955785 0.6817527442755446 0
2727 0.8662434270990461 0.6024332611636009 0
2728 -0.1449085126515484 -2.814136932668447 0
2729 -0.1760901759599044 -3.034943626476982 0
2730 0.07627304972121673 -3.185718211405302 0
2731 0.3598179387106941 -3.115686102525087 0
2732 0.1074547130295729 -2.964911517596767 0
2733 0.5260144116949971 -0.1194707295162237 0
2734 0.5296562535479623 -0.1083442178345004 0
2735 0.506914507906269 -0.1134306988780871 0
2736 0.5146435388741505 -0.122013970038017 0
2737 0.5182853807271156 -0.1108874583562938 0
2738 1.59782551306027 0.06726555764014672 0
2739 1.546304335106354 0.001953058935834434 0
2740 1.61558556985645 -0.07181686262904681 0
2741 1.736387982560463 -0.08027428548961575 0
2742 1.78790916051438 -0.01496178678530348 0
2743 1.718627925764284 0.05880813477957775 0
2744 1.667106747810367 -0.006504363924734525 0
2745 -1.211794441605042 -1.494425201933422 0
2746 -1.2179262880983 -1.304737087931108 0
2747 -1.451215704951818 -1.169527882336336 0
2748 -1.678373275312078 -1.224006790743877 0
2749 -1.445083858458559 -1.359215996338649 0
2750 1.760954073598966 -0.5556303596537143 0
2751 1.720257855183129 -0.6569155370361205 0
2752 1.785708190700411 -0.811550512275496 0
2753 1.891854744633529 -0.8649003101324652 0
2754 1.826404409116247 -0.7102653348930895 0
2755 -0.06250444399838923 -3.500725239111064 0
2756 0.08226295127148214 -3.745700157936612 0
2757 0.3658078402609595 -3.675668049056397 0
2758 0.5045853339805655 -3.360661021350634 0
2759 0.2210404449910881 -3.430693130230849 0
2760 0.8226017315747987 0.0371767819091357 0
2761 0.818607681453012 0.0406422070111854 0
2762 0.8153646004389667 0.03974101712004954 0
2763 0.8161155695467083 0.03537440212686399 0
2764 0.8201096196684949 0.03190897702481429 0
2765 0.8233527006825402 0.03281016691595014 0
2766 0.8193586505607535 0.03627559201799984 0
2767 3.124051598697238 2.639247579066923 0
2768 3.017890624519861 2.355151301021349 0
2769 3.370329618517712 2.371508824346899 0
2770 3.595784075379524 -2.010717383616611 0
2771 3.273890532573089 -1.943098967091496 0
2772 3.383752064992443 -2.306317333543759 0
2773 0.5291843472639706 -0.07937641639005702 0
2774 0.531241221332449 -0.08829706127141711 0
2775 0.5356020710151698 -0.08147813971669539 0
2776 0.9374540803792925 -0.03034845047035974 0
2777 0.9313871691461515 -0.03221181036156749 0
2778 0.930586804688735 -0.04127822394779552 0
2779 0.9358533514644596 -0.0484812776428158 0
2780 0.936653715921876 -0.03941486405658777 0
2781 -1.603277531327422 2.63681530295677 0
2782 -1.704999409893444 2.952347437499269 0
2783 -1.985440672010673 2.720637268693886 0
2784 -1.739954548688454 -2.919436932357963 0
2785 -1.673187808917464 -2.57099429267414 0
2786 -1.938562433703538 -2.323151694428288 0
2787 -2.270703798260601 -2.42375173586626 0
2788 -2.020395810805685 -2.687726763552581 0
2789 0.3597096224498647 -0.1618715138644349 0
2790 0.351250378402604 -0.1738682996019192 0
2791 0.3624347985839984 -0.1923286656831969 0
2792 0.3820784628126535 -0.1987922460269904 0
2793 0.370894042631259 -0.1803318799457126 0
2794 0.1745574167910662 0.06995544479052238 0
2795 0.1696963365595547 0.07156707292231319 0
2796 0.1665318494209196 0.06994536295461669 0
2797 0.168228442513796 0.06671202485512936 0
2798 0.1730895227453075 0.06510039672333853 0
2799 0.1762540098839426 0.06672210669103504 0
2800 0.1713929296524311 0.06833373482282587 0
2801 1.616306624823504 0.8659894295176567 0
2802 1.530101660488748 0.7510615774739432 0
2803 1.547970430830724 0.6206115775775283 0
2804 1.652044165507457 0.6050894297248266 0
2805 1.738249129842213 0.7200172817685401 0
2806 1.720380359500236 0.850467281664955 0
2807 1.63417539516548 0.7355394296212415 0
2808 0.5581732405868136 -0.1134660202355383 0
2809 0.5606043077467155 -0.1036359761207448 0
2810 0.5407794547429221 -0.1059104922186287 0
2811 0.5482608140849169 -0.1146032782844803 0
2812 0.5506918812448188 -0.1047732341696868 0
2813 -0.8295539662079692 0.5949674745823047 0
2814 -0.8641136437827073 0.6998223808227564 0
2815 -1.006234582367694 0.6688066609052105 0
2816 -1.113795843377943 0.5329360347472129 0
2817 -0.971674904792956 0.5639517546647588 0
2818 3.32071145558802 0.4553215802901386 0
2819 3.540976159149573 0.3842975434504383 0
2820 3.610115033582609 0.609108933305316 0
2821 3.45898920445409 0.9049443599998942 0
2822 3.238724500892537 0.9759683968395946 0
2823 3.169585626459502 0.7511570069847168 0
2824 3.389850330021055 0.6801329701450164 0
2825 0.4616156249157056 0.1022249481173138 0
2826 0.4688929704276514 0.09618629086634907 0
2827 0.4806984749155254 0.0995379926984664 0
2828 0.4852266338914536 0.1089283517815484 0
2829 0.4734211294035796 0.1055766499494311 0
2830 1.07934880613006 -1.10570196309055 0
2831 1.133702388578204 -0.9748291996346401 0
2832 1.096413309916869 -0.8634947875073672 0
2833 1.004770648807389 -0.8830331388360043 0
2834 1.042059727468725 -0.9943675509632771 0
2835 0.1781973868914304 0.7007874390887241 0
2836 0.2422151303992274 0.6760130117562126 0
2837 0.312583566615263 0.7160445093334562 0
2838 0.3189342593235017 0.7808504342432113 0
2839 0.2549165158157046 0.8056248615757229 0
2840 0.1845480795996691 0.7655933639984793 0
2841 0.2485658231074661 0.7408189366659677 0
2842 0.6347274789626762 -0.05458459693286315 0
2843 0.6378281406909605 -0.05676771365748745 0
2844 0.6408299917425118 -0.05565441775261469 0
2845 0.6407311810657786 -0.05235800512311761 0
2846 0.6376305193374944 -0.05017488839849331 0
2847 0.6346286682859431 -0.05128818430336607 0
2848 0.6377293300142275 -0.05347130102799037 0
2849 3.958050291604484 0.5685780326165245 0
2850 4.15485972049784 0.8238825586223111 0
2851 4.003733891369322 1.119717985316889 0
2852 3.655798633347447 1.160248886005681 0
2853 3.806924462475965 0.8644134593111025 0
2854 0.8902165709697497 0.02721556222950697 0
2855 0.8923626821876928 0.03071988849557833 0
2856 0.8894352235808916 0.03265940904621088 0
2857 0.8843616537561473 0.0310946033307721 0
2858 0.8822155425382041 0.02759027706470075 0
2859 0.8851430011450054 0.02565075651406819 0
2860 0.8872891123629485 0.02915508278013953 0
2861 0.6168545463426658 0.2533832502631478 0
2862 0.6370078736487468 0.2622748360092403 0
2863 0.6098174392598308 0.2864808078051423 0
2864 0.4585287267795414 -0.1089917746472258 0
2865 0.4509794084112939 -0.1088719982655524 0
2866 0.4454669977786058 -0.1174452692088219 0
2867 0.4475039055141651 -0.1261383165337648 0
2868 0.4550532238824126 -0.1262580929154382 0
2869 0.4605656345151007 -0.1176848219721687 0
2870 0.4530163161468533 -0.1175650455904953 0
2871 0.4091634944566344 0.4856024511554426 0
2872 0.425166044857403 0.4361399241637718 0
2873 0.520915503041416 0.5123587756840454 0
2874 0.4570382235486409 0.5237118769155794 0
2875 0.4730407739494095 0.4742493499239085 0
2876 0.001665722831624583 -0.02172145786160006 0
2877 -0.001017207755320271 -0.01810030710474236 0
2878 -0.007912069337011218 -0.01716460316137947 0
2879 -0.01212400033175737 -0.01985004997487428 0
2880 -0.005229138750066309 -0.02078575391823717 0
2881 0.2308226726934763 0.07578739085991407 0
2882 0.2264116807503733 0.07191962484231311 0
2883 0.2252473293810223 0.06739509909967752 0
2884 0.2284939699547742 0.06673833937464289 0
2885 0.2329049618978772 0.07060610539224386 0
2886 0.2340693132672282 0.07513063113487944 0
2887 0.2296583213241253 0.07126286511727849 0
2888 4.23980612245857 -0.153596914254098 0
2889 3.979612244917141 -0.3071938285081959 0
2890 3.930168628047541 -0.6669228567175595 0
2891 4.14091888871937 -0.8730549706728251 0
2892 4.212230848012269 -0.5163316769456985 0
2893 0.5621521391252317 -1.005072733784118 0
2894 0.4869182049617602 -0.9602843692801573 0
2895 0.3966278656306692 -1.199531028460931 0
2896 0.5170069694596862 -1.124696063374505 0
2897 0.4417730352962148 -1.079907698870544 0
2898 1.01780489166857 -0.06835280096054651 0
2899 1.012468260952117 -0.05600033712414409 0
2900 0.9947080386625898 -0.06976688940258612 0
2901 1.008924780523807 -0.07523607709976753 0
2902 1.003588149807353 -0.06288361326336508 0
2903 1.090336977373767 -3.626108898367814 0
2904 0.8668499025369691 -3.335881446006343 0
2905 0.7295787877755214 -3.672910954556796 0
2906 0.389577992276087 3.658726889833993 0
2907 0.5521256380108576 3.32677870290583 0
2908 0.9143902065672638 3.301999127561541 0
2909 1.114107129388899 3.609167739145417 0
2910 0.7533489397906503 3.655969795334395 0
2911 0.1134074233500136 -0.107446943198459 0
2912 0.1114181153593234 -0.09797872044869659 0
2913 0.09896194301128991 -0.09118687846836468 0
2914 0.08849507865394673 -0.09386325923779515 0
2915 0.09048438664463698 -0.1033314819875576 0
2916 0.1029405589926704 -0.1101233239678895 0
2917 0.1009512510019802 -0.1006551012181271 0
2918 -2.870374134090143 -1.678093827848057 0
2919 -2.57190306215848 -1.762583296311129 0
2920 -2.780839071706835 -1.147094155231659 0
2921 -2.974842138864319 -1.370349257308322 0
2922 -2.676371066932658 -1.454838725771394 0
2923 1.700742214695404 0.5161381984461701 0
2924 1.645366529206619 0.4427091150202153 0
2925 1.896883822654329 0.3940063512890082 0
2926 1.826500861419259 0.4917868165805667 0
2927 1.771125175930474 0.4183577331546117 0
2928 0.7055977144703395 -0.04513564621359734 0
2929 0.7022118003562724 -0.0440629160832658 0
2930 0.6981731041891788 -0.04589299618592366 0
2931 0.6975203221361521 -0.04879580641891305 0
2932 0.7009062362502192 -0.04986853654924459 0
2933 0.7049449324173129 -0.04803845644658673 0
2934 0.7015590183032457 -0.04696572631625519 0
2935 0.4356290897019664 -0.1122217394763912 0
2936 0.4278280893608863 -0.1156912570689034 0
2937 0.4298649970964457 -0.1243843043938463 0
2938 0.439702905173085 -0.129607834126277 0
2939 0.4376659974375257 -0.1209147868013341 0
2940 0.3820634949630789 0.1291946602351811 0
2941 0.3840445665463678 0.1170655443868538 0
2942 0.4062029415785202 0.1244285166496486 0
2943 0.3931426824791551 0.1328761463665785 0
2944 0.395123754062444 0.1207470305182511 0
2945 0.08644894464059777 -0.04797228006225059 0
2946 0.08341733404452234 -0.05124189907366936 0
2947 0.0873274733925577 -0.05302611411133307 0
2948 0.5977338367582441 -0.1035288977314487 0
2949 0.5909544004652568 -0.10905499489291 0
2950 0.5947183033738156 -0.1216479472514178 0
2951 0.6052616425753619 -0.1287148024484643 0
2952 0.601497739666803 -0.1161218500899565 0
2953 0.2316224526745494 -0.2510750350315137 0
2954 0.2536253273653283 -0.2712967490050336 0
2955 0.2764464194362685 -0.262861739884815 0
2956 0.2772646368164298 -0.2342050167910766 0
2957 0.2552617621256508 -0.2139833028175568 0
2958 0.2324406700547106 -0.2224183119377753 0
2959 0.2544435447454896 -0.2426400259112951 0
2960 0.3573306908411547 0.07180961624219812 0
2961 0.3583747841711318 0.06877710638543437 0
2962 0.3629461787730757 0.0673582152853468 0
2963 0.3664734800450426 0.06897183404202298 0
2964 0.3654293867150655 0.07200434389878674 0
2965 0.3608579921131216 0.07342323499887431 0
2966 0.3619020854430987 0.07039072514211055 0
2967 1.01013748499175 0.504787583113028 0
2968 1.083808864594765 0.5167285568473807 0
2969 1.069289571798187 0.6111816242958155 0
2970 0.9810988993985936 0.6936937180098973 0
2971 0.9956181921951717 0.5992406505614626 0
2972 1.195737346817441 0.6578333067963589 0
2973 1.233994449437102 0.7869970830109841 0
2974 1.145803777037508 0.869509176725066 0
2975 1.019356002018254 0.8228574942245227 0
2976 1.107546674417847 0.7403454005104406 0
2977 0.8823149679532849 -0.03429971115984441 0
2978 0.8880332736217125 -0.03498441401599059 0
2979 0.8917548193152708 -0.03163420744269278 0
2980 0.8897580593404016 -0.02759929801324879 0
2981 0.8860365136468433 -0.0309495045865466 0
2982 0.8369600033941241 0.2124607166611186 0
2983 0.8060740989632584 0.2070149739438425 0
2984 0.8354726773946455 0.1664170787444286 0
2985 0.8516592926098177 0.1921617690614117 0
2986 0.8207733881789521 0.1867160263441356 0
2987 1.080207466191188 -0.3677387594324989 0
2988 1.03971348253557 -0.4006388047318394 0
2989 1.071568080255191 -0.4748150654566399 0
2990 1.143916661630429 -0.5160912808820998 0
2991 1.112062063910809 -0.4419150201572993 0
2992 0.04519974918248554 -0.2062989523795257 0
2993 0.02510411616879937 -0.2146308746252944 0
2994 0.04621942233948784 -0.2438986604215712 0
2995 0.3048737687162018 -0.07313088041684511 0
2996 0.3041161525660953 -0.07009321145393858 0
2997 0.3002746962190564 -0.06882256360279673 0
2998 0.2971908560221241 -0.07058958471456142 0
2999 0.3010323123691629 -0.07186023256570324 0
3000 1.518667425654314 0.3026886409301862 0
3001 1.447344007590795 0.2360972502661122 0
3002 1.467129290022912 0.1571965918495117 0
3003 1.55823799051855 0.1448873240969854 0
3004 1.538452708086432 0.2237879825135858 0
3005 0.5241459822563361 -0.08362385993679096 0
3006 0.7068965386975046 0.6227899580450014 0
3007 0.7381262438034539 0.5805186602165747 0
3008 0.8204944291965186 0.7391576264404622 0
3009 0.7480806313940369 0.7021094411569452 0
3010 0.7793103364999863 0.6598381433285184 0
3011 0.7525473380138832 0.1403302906580998 0
3012 0.7651435503441226 0.1383181332972316 0
3013 0.7634425049161431 0.181826970157367 0
3014 0.7516968152998933 0.1620847090881675 0
3015 0.764293027630133 0.1600725517272993 0
3016 0.1494049250723076 -0.2473430587170859 0
3017 0.1427914492894458 -0.2266792694460472 0
3018 0.120183592009644 -0.2615961608076756 0
3019 0.7075174634291768 -0.05633316974671457 0
3020 0.7082505460067917 -0.05127077304532172 0
3021 0.704211849839698 -0.05310085314797958 0
3022 0.3275263427507139 0.07824218273870001 0
3023 0.3285840491121556 0.07331581885213104 0
3024 0.3334677687391339 0.06918522540752435 0
3025 0.3372937820046706 0.06998099584948667 0
3026 0.3362360756432289 0.07490735973605564 0
3027 0.3313523560162506 0.07903795318066233 0
3028 0.3324100623776922 0.07411158929409335 0
3029 0.7875071044168825 0.04614151533582978 0
3030 0.7804623157126378 0.04647561480964435 0
3031 0.7750389963756179 0.04330361751293853 0
3032 0.7766604657428426 0.03979752074241814 0
3033 0.7820837850798625 0.04296951803912396 0
3034 0.5647921953293135 0.07500712990501587 0
3035 0.5576520120319018 0.07233753200096378 0
3036 0.5538121091979046 0.06570187955410904 0
3037 0.557112389661319 0.06173582501130638 0
3038 0.5609522924953162 0.06837147745816112 0
3039 0.6375707488101003 0.06056721367174008 0
3040 0.6326795931996562 0.06222555769332653 0
3041 0.6282725426139063 0.0595813246471595 0
3042 0.6287566476386006 0.05527874757940603 0
3043 0.6331636982243505 0.05792298062557305 0
3044 0.5842192549541608 -0.1038347212298905 0
3045 0.5842635457360523 -0.09308835040540965 0
3046 0.577217015980835 -0.08616329705593632 0
3047 0.5701261954437262 -0.08998461453094383 0
3048 0.5700819046618348 -0.1007309853554247 0
3049 0.5771284344170522 -0.107656038704898 0
3050 0.5771727251989436 -0.09690966788041715 0
3051 1.049792263129758 0.2041400000097667 0
3052 1.013061550806386 0.2161833210694134 0
3053 0.9837331623685276 0.1991196791133144 0
3054 0.9911354862540412 0.1700127160975687 0
3055 1.027866198577413 0.157969395037922 0
3056 1.057194587015272 0.175033036994021 0
3057 1.0204638746919 0.1870763580536677 0
3058 0.7898686650308124 0.8056200594282773 0
3059 0.6868291030626246 0.8350343071325752 0
3060 0.6144153052601429 0.7979861218490581 0
3061 0.645041069425849 0.7315236888612432 0
3062 0.7174548672283307 0.7685718741447601 0
3063 0.2400424065679153 0.1025729879084875 0
3064 0.2488191966475423 0.09807724134732487 0
3065 0.2595524017162459 0.1139897969388337 0
3066 0.2454090091022671 0.1105292657042419 0
3067 0.2541857991818941 0.1060335191430793 0
3068 0.5122213273347733 0.07348496312110687 0
3069 0.5182445557189316 0.07611391191545729 0
3070 0.5161838237568883 0.08219586346632364 0
3071 0.5080998634106868 0.0856488662228396 0
3072 0.5020766350265284 0.0830199174284892 0
3073 0.5041373669885718 0.07693796587762283 0
3074 0.5101605953727301 0.07956691467197323 0
3075 0.9010677556761594 0.02147959524076933 0
3076 0.9043838715279244 0.02043198227089547 0
3077 0.9089689664338894 0.02285034104621859 0
3078 0.9102379454880889 0.02631631279141557 0
3079 0.9069218296363238 0.02736392576128944 0
3080 0.902336734730359 0.02494556698596631 0
3081 0.9056528505821242 0.02389795401609245 0
3082 -2.337806631246706 -0.1513395288057168 0
3083 -2.156259696472498 -0.3026790576114237 0
3084 -1.921581687970868 -0.2070110979107576 0
3085 -1.868450614243446 0.03999639059561523 0
3086 -2.103128622745076 -0.05567156910505082 0
3087 -0.704761994793236 -3.005282509218736 0
3088 -0.4560169170307483 -3.130516414752127 0
3089 -0.4248352537223921 -2.909709720943592 0
3090 0.3692648252226834 0.07630761149377827 0
3091 0.3685288691283574 0.08202977018885736 0
3092 0.3639574745264134 0.08344866128894493 0
3093 0.3601220360187956 0.0791453936939534 0
3094 0.3646934306207394 0.07772650259386583 0
3095 0.0298522292556288 -0.091936018875097 0
3096 0.02595935796760207 -0.08004933034219944 0
3097 0.006785898017133196 -0.07644907553503553 0
3098 -0.008494690645309 -0.08473550926076921 0
3099 -0.004601819357282266 -0.09662219779366679 0
3100 0.01457164059318661 -0.1002224526008307 0
3101 0.01067876930515993 -0.0883357640679331 0
3102 0.8134013633348378 -0.03865987110498525 0
3103 0.8167320438003604 -0.04273580203522746 0
3104 0.8201726042051027 -0.04202143194905224 0
3105 0.8202824841443224 -0.0372311309326348 0
3106 0.8169518036787998 -0.03315520000239258 0
3107 0.8135112432740575 -0.03386957008856781 0
3108 0.8168419237395801 -0.03794550101881003 0
3109 0.4449440380921747 0.06933741629140597 0
3110 0.4412622836977887 0.07242918676736439 0
3111 0.4380682987397093 0.07155209069302834 0
3112 0.4385560681760159 0.06758322414273388 0
3113 0.442237822570402 0.06449145366677544 0
3114 0.4454318075284813 0.06536854974111149 0
3115 0.4417500531340953 0.06846032021706989 0
3116 0.6863829041591767 -0.5993343686541359 0
3117 0.7189898664558521 -0.6650229419649391 0
3118 0.7644420369621003 -0.5172206781899148 0
3119 0.7091089894123009 -0.5254332367666239 0
3120 0.7417159517089762 -0.5911218100774268 0
3121 3.879316515141013 1.461561839025255 0
3122 0.85756069066326 -0.04534488183659734 0
3123 0.8609416489609198 -0.04215692201016929 0
3124 0.8595957027530706 -0.03673902388667422 0
3125 0.8548687982475616 -0.03450908558960719 0
3126 0.8514878399499017 -0.03769704541603523 0
3127 0.852833786157751 -0.04311494353953031 0
3128 0.8562147444554107 -0.03992698371310226 0
3129 0.369492738232528 -0.09184102247570343 0
3130 0.3632033796518971 -0.08801234001430733 0
3131 0.3559120115263621 -0.09407426771908838 0
3132 0.3549100019814579 -0.1039648778852655 0
3133 0.362201370106993 -0.09790295018048449 0
3134 1.893882524806117 0.03958748976569348 0
3135 1.930574654347758 0.1679066878815717 0
3136 1.824601290056021 0.1133574113305747 0
3137 -2.051095016533371 -1.972232394179573 0
3138 -1.828758042839923 -2.097392023584945 0
3139 -1.928461301681877 -1.782703372305312 0
3140 0.4766842543213177 -0.7886254454632313 0
3141 0.4441842625598033 -0.8520607251197139 0
3142 0.5194181967232747 -0.8968490896236746 0
3143 0.4230357074678496 0.0649198532561947 0
3144 0.4261880580681681 0.06529398258003515 0
3145 0.4262320554164045 0.06962568924395544 0
3146 0.4231237021643226 0.07358326658403529 0
3147 0.4199713515640041 0.07320913726019483 0
3148 0.4199273542157676 0.06887743059627455 0
3149 0.4230797048160861 0.06925155992011499 0
3150 0.05747147745845382 -0.1260104103776649 0
3151 0.04560828900105468 -0.1149165588928297 0
3152 0.02420603668328786 -0.119993574241019 0
3153 0.01466697282292018 -0.1361644410740435 0
3154 0.02653016128031938 -0.1472582925588786 0
3155 0.0479324135980862 -0.1421812772106893 0
3156 0.03606922514068706 -0.1310874257258542 0
3157 1.036090862037937 -0.03413050246079985 0
3158 1.025046731583474 -0.02712458581472113 0
3159 1.011712277497896 -0.02796173720834216 0
3160 1.00942195386678 -0.03580480524804192 0
3161 1.020466084321242 -0.04281072189412063 0
3162 1.033800538406821 -0.04197357050049959 0
3163 1.022756407952358 -0.03496765385442088 0
3164 1.165187560557079 2.369015589535335 0
3165 1.318356927500394 2.473851559382194 0
3166 1.219241957544349 2.717401858145257 0
3167 0.9669576206449888 2.856116187061462 0
3168 1.066072590601034 2.612565888298398 0
3169 0.9473151380645451 -0.1860665050689806 0
3170 0.9699334243152411 -0.1796863066628158 0
3171 0.9183709664370101 -0.1498578036608356 0
3172 0.9215339091254297 -0.1711522535679905 0
3173 0.9441521953761256 -0.1647720551618257 0
3174 0.0722325153761032 -0.1235827212440753 0
3175 0.07513036483635332 -0.1100611806256504 0
3176 0.06326717637895418 -0.09896732914081528 0
3177 0.0485061384613048 -0.1013950182744049 0
3178 0.06036932691870395 -0.1124888697592401 0
3179 0.03414726075547997 0.05789475505304439 0
3180 0.03090546628218738 0.06294690668536286 0
3181 0.02382929361721248 0.05837393381497166 0
3182 0.01999491542553022 0.048748809312262 0
3183 0.02707108809050512 0.0533217821826532 0
3184 0.4741855684918808 -0.08469150942194205 0
3185 0.4706181418705574 -0.07993869909882909 0
3186 0.4626269173194525 -0.07959168296583349 0
3187 0.4582031193896711 -0.08399747715595084 0
3188 0.4617705460109945 -0.0887502874790638 0
3189 0.4697617705620994 -0.08909730361205939 0
3190 0.466194343940776 -0.08434449328894643 0
3191 0.628585250519866 0.07851220569582931 0
3192 0.6362134198376643 0.07662959728656898 0
3193 0.6436438285552795 0.08179431295472354 0
3194 0.6434460679550962 0.08884163703213845 0
3195 0.6358178986372979 0.09072424544139879 0
3196 0.6283874899196829 0.08555952977324421 0
3197 0.636015659237481 0.08367692136398389 0
3198 0.2279358827844998 -0.1199392063562977 0
3199 0.2352106647076508 -0.1099629072224369 0
3200 0.2254887047925923 -0.1100955630515141 0
3201 0.9282976289291915 0.4401837702058173 0
3202 0.9201291524696484 0.3875209310329595 0
3203 0.960051348024978 0.3343501692231323 0
3204 1.008142020039851 0.333842246586163 0
3205 1.016310496499394 0.3865050857590207 0
3206 0.9763883009440644 0.4396758475688479 0
3207 0.9682198244845213 0.3870130083959901 0
3208 0.7014022396149033 0.1710513448673857 0
3209 0.7016745977140069 0.15175825034627 0
3210 0.7146150124366215 0.1357575865564255 0
3211 0.7272830690601326 0.1390500172876968 0
3212 0.727010710961029 0.1583431118088125 0
3213 0.7140702962384143 0.174343775598657 0
3214 0.714342654337518 0.1550506810775412 0
3215 0.2198167365356286 0.08014181968912897 0
3216 0.2275252005861039 0.07989848828332201 0
3217 0.2339109819204823 0.08879301607489339 0
3218 0.2325882992043853 0.09793087527227175 0
3219 0.22487983515391 0.0981742066780787 0
3220 0.2184940538195316 0.08927967888650733 0
3221 0.2262025178700069 0.08903634748070036 0
3222 2.394754224252837 -0.5724341811727041 0
3223 2.285604570466408 -0.4787002481891237 0
3224 2.226120031095297 -0.6564615124504207 0
3225 0.6551234519257574 0.05686073835497869 0
3226 0.6522170828026796 0.05312916467994754 0
3227 0.6525170562552645 0.0489713413365382 0
3228 0.6557233988309272 0.04854509166816001 0
3229 0.6554234253783423 0.05270291501156935 0
3230 -0.02310631050898176 -0.3350906161362961 0
3231 0.2584240548238796 0.08848505131748953 0
3232 0.25925212292059 0.08338860784881678 0
3233 0.2667036656532022 0.0792936533646121 0
3234 0.2733271402891041 0.08029514234908013 0
3235 0.2658755975564919 0.08439009683328484 0
3236 0.236947924483616 -0.07927063111384565 0
3237 0.2318131201966188 -0.0804949563967547 0
3238 0.2423512073440723 -0.09267317400269622 0
3239 0.2422169680573428 -0.08535973991681642 0
3240 0.2370821637703455 -0.08658406519972545 0
3241 -0.05990400713359495 0.04257197491891501 0
3242 -0.04484550323467523 0.04939105936543953 0
3243 -0.03733800889371924 0.06896788437195686 0
3244 -0.04488901845168286 0.08172562493194965 0
3245 -0.05994752235060247 0.07490654048542514 0
3246 -0.06745501669155857 0.05532971547890781 0
3247 -0.05239651279263885 0.06214879992543233 0
3248 0.4931751629330829 0.1085797635695388 0
3249 0.4965955329987841 0.0988408162744472 0
3250 0.5082712017041339 0.09323411058468598 0
3251 0.5165265003437824 0.09736635219001641 0
3252 0.5131061302780814 0.107105299485108 0
3253 0.5014304615727316 0.1127120051748693 0
3254 0.5048508316384327 0.1029730578797776 0
3255 0.9072032004301285 -0.2067880591921877 0
3256 0.8897095490464078 -0.2211294149092299 0
3257 0.9068710691581596 -0.2481711008984675 0
3258 0.9415262406536322 -0.2608714311706629 0
3259 0.9590198920373529 -0.2465300754536207 0
3260 0.9418583719256011 -0.2194883894643831 0
3261 0.9243647205418803 -0.2338297451814253 0
3262 0.9256400394372302 -0.1152723524065535 0
3263 0.9360720551258699 -0.1019813510594263 0
3264 0.911456381558857 -0.09497172033988578 0
3265 0.9133322026537238 -0.1117675370467832 0
3266 0.9237642183423633 -0.09847653569965602 0
3267 0.5878718645188825 -0.436363263919491 0
3268 0.6208239031906919 -0.4850045296314119 0
3269 0.6709369565939355 -0.4799633836953564 0
3270 0.6880979713253695 -0.4262809720473799 0
3271 0.637984917922126 -0.4313221179834354 0
3272 0.3504168798137751 -0.08687728136343204 0
3273 0.3439197385562839 -0.08957090517395284 0
3274 0.349414870268871 -0.0967678915296092 0
3275 1.017010148177733 0.02123664136948395 0
3276 1.00875220640146 0.02519496896320116 0
3277 1.000329509750125 0.01943553103794558 0
3278 1.000164754875062 0.00971776551897279 0
3279 1.008587451526398 0.01547720344422837 0
3280 0.8392689022973643 0.0480513806580013 0
3281 0.845571036792385 0.04473983276368354 0
3282 0.8551628173754442 0.04645124238014636 0
3283 0.8584524634634827 0.05147419989092691 0
3284 0.852150328968462 0.05478574778524467 0
3285 0.8425585483854028 0.05307433816878186 0
3286 0.8488606828804235 0.0497627902744641 0
3287 0.9563911733218198 1.873954901306693 0
3288 0.9842046834677916 2.069067260497585 0
3289 0.8069899431880503 2.038282335322995 0
3290 1.252952394849851 0.5644909288645656 0
3291 1.348424545501921 0.6003123271473978 0
3292 1.386681648121582 0.7294761033620231 0
3293 1.329466600089172 0.8228184812938162 0
3294 1.291209497469511 0.6936547050791909 0
3295 0.2612127223383409 -0.1182710507470224 0
3296 0.2638646030930227 -0.1065546162306282 0
3297 0.258506138108737 -0.09655432383901469 0
3298 0.2504957923697694 -0.09827046596379536 0
3299 0.2478439116150876 -0.1099869004801895 0
3300 0.2532023765993734 -0.119987192871803 0
3301 0.2558542573540551 -0.1082707583554089 0
3302 0.8714026042898702 -0.04684634066867931 0
3303 0.8678626057742249 -0.04290765142621028 0
3304 0.8611006891789053 -0.04928357107906636 0
3305 0.8680216459922103 -0.05003430049510735 0
3306 0.8644816474765651 -0.04609561125263831 0
3307 0.6243568384634861 -0.0606666630212301 0
3308 0.6222011373139257 -0.05675920353631342 0
3309 0.6153125719684189 -0.06378200445837703 0
3310 0.6209125557907328 -0.06417806348226192 0
3311 0.6187568546411724 -0.06027060399734523 0
3312 1.607812960297358 -1.21968830648267 0
3313 1.54087115802314 -1.340094671912489 0
3314 1.685176316887695 -1.484213357583224 0
3315 1.896423278026467 -1.507925677824141 0
3316 1.752118119161913 -1.363806992153406 0
3317 -0.4373983286500875 -0.5896515380811206 0
3318 -0.4297838643320286 -0.5257249886784005 0
3319 -0.6341731895783218 -0.5493679644131518 0
3320 -0.539592991273234 -0.6014730259484963 0
3321 -0.5319785269551753 -0.537546476545776 0
3322 -0.9233947473972266 1.598045332934869 0
3323 -0.7041522153467656 1.568060132649904 0
3324 -0.5553829853973851 1.738193082837145 0
3325 -0.6258562874984652 1.938311233309349 0
3326 -0.7746255174478458 1.768178283122109 0
3327 2.836701211187708 -0.1602385584453178 0
3328 2.990697711054299 -0.08850755749916565 0
3329 2.946548254787778 0.1019295257900023 0
3330 2.748402298654667 0.2206356081330182 0
3331 2.594405798788077 0.148904607186866 0
3332 2.638555255054597 -0.04153247610230197 0
3333 2.792551754921187 0.03019852484385016 0
3334 0.5459543552865749 0.3287485083883692 0
3335 0.51631881278507 0.3137126796336996 0
3336 0.5039954205518176 0.281724763603232 0
3337 0.52130757082007 0.2647726763274339 0
3338 0.5336309630533225 0.2967605923579015 0
3339 0.135611042763429 -0.1486830262430945 0
3340 0.1216899513665887 -0.153650602985052 0
3341 0.117238564482027 -0.1744172798763424 0
3342 0.1267082689943054 -0.1902163800256755 0
3343 0.1311596558788672 -0.169449703134385 0
3344 -1.740381554228258 1.413535827671166 0
3345 -1.584498747179948 1.203809940479296 0
3346 -1.333289719903655 1.205399546598228 0
3347 -1.237963499675671 1.416715039909031 0
3348 -1.393846306723981 1.626440927100901 0
3349 -1.645055334000274 1.624851320981968 0
3350 -1.489172526951964 1.415125433790098 0
3351 -1.315958874960349 0.2184447653864073 0
3352 -1.410560645532507 0.03982412218359933 0
3353 -1.372089397503695 -0.09841073812353972 0
3354 -1.239016378902725 -0.05802495522787079 0
3355 -1.277487626931537 0.08020990507926823 0
3356 0.7068685994284406 0.1221524265974724 0
3357 0.7117902430437707 0.1118396973697905 0
3358 0.7195366560519516 0.1254448573287437 0
3359 -2.605318533354503 0.2526163663050062 0
3360 -2.691283500688094 0.5052327326100226 0
3361 -3.005746906729565 0.6867882647383506 0
3362 -3.234245345437444 0.6157274305616625 0
3363 -2.919781939395974 0.4341718984333343 0
3364 0.1501811844573429 0.06740067449066994 0
3365 0.1505765228705742 0.06381925082973394 0
3366 0.1542566849850584 0.06108143784913695 0
3367 0.1575415086863112 0.06192504852947597 0
3368 0.1571461702730799 0.06550647219041197 0
3369 0.1534660081585957 0.06824428517100896 0
3370 0.1538613465718271 0.06466286151007296 0
3371 0.7894369198764872 -0.05429532570260683 0
3372 0.7886803113009815 -0.06245058133690953 0
3373 0.7960929988955587 -0.05902727658412753 0
3374 0.1141100454840903 -1.837005192835089 0
3375 -0.01222643234616544 -1.940881926800103 0
3376 0.08212855887034887 -2.086680705993492 0
3377 0.302820027917119 -2.128602751221867 0
3378 0.4291565057473747 -2.024726017256853 0
3379 0.3348015145308604 -1.878927238063464 0
3380 0.2084650367006047 -1.982803972028478 0
3381 0.521745428235448 0.06201699895703862 0
3382 0.525579876080812 0.0619895230566223 0
3383 0.527698810651814 0.06755565167407321 0
3384 0.525983297377452 0.07314925619194045 0
3385 0.5221488495320878 0.07317673209235677 0
3386 0.5200299149610859 0.06761060347490586 0
3387 0.52386436280645 0.06758312757448952 0
3388 0.387947770997747 0.2913409547636896 0
3389 0.357671466350321 0.2990833381246528 0
3390 0.4039745251578871 0.2303595455712623 0
3391 0.4110993004015301 0.2569790584869943 0
3392 0.3808229957541041 0.2647214418479575 0
3393 0.1339349253085029 0.2058855449420845 0
3394 0.1442457375731073 0.1797020127200063 0
3395 0.1728359849253057 0.164655156782665 0
3396 0.1911154200128998 0.1757918330674018 0
3397 0.1808046077482955 0.20197536528948 0
3398 0.152214360396097 0.2170222212268213 0
3399 0.1625251726607014 0.1908386890047431 0
3400 0.8619982749425525 0.03984862310064718 0
3401 0.856935723114979 0.04063845398500649 0
3402 0.8597262684980473 0.03258395977107182 0
3403 0.8633935476340866 0.03582137599367986 0
3404 0.8583309958065133 0.03661120687803915 0
3405 0.6810812804244339 0.1448297020816387 0
3406 0.6915141181187723 0.1386474289533965 0
3407 0.6909694019205651 0.1772336179956279 0
3408 0.6808089223253304 0.1641227966027544 0
3409 0.6912417600196686 0.1579405234745122 0
3410 1.180653442518582 -0.1330211111770503 0
3411 1.229973549679879 -0.1376696180766472 0
3412 1.248890407451912 -0.1047378306221453 0
3413 1.218487158062648 -0.06715753626804667 0
3414 1.199570300290615 -0.1000893237225485 0
3415 -0.4700043036674884 -0.1976951531704626 0
3416 -0.495906302126154 -0.2540116644973973 0
3417 -0.4307051621590932 -0.3033118558487099 0
3418 -0.3396020237333668 -0.2962955358730878 0
3419 -0.4048031637004277 -0.2469953445217752 0
3420 1.287182573348912 -0.6494317696555476 0
3421 1.358099903692157 -0.7414960430035357 0
3422 1.447142518684419 -0.7196179179503722 0
3423 1.465267803333435 -0.6056755195492209 0
3424 1.376225188341174 -0.6275536446023843 0
3425 0.7853091620662345 -0.04775761995469749 0
3426 0.780424795680476 -0.04937516984109085 0
3427 0.7845525534907287 -0.05591287558900018 0
3428 0.2346825930718848 0.1299094895476176 0
3429 0.2329741047800866 0.1184891120086339 0
3430 0.2612608900080441 0.1254101744778175 0
3431 0.2488259856858636 0.1333700207822094 0
3432 0.2471174973940654 0.1219496432432256 0
3433 0.03116166639251128 0.03192194660429445 0
3434 0.03194109021970587 0.035419471776647 0
3435 0.02642109794868841 0.0354883677301646 0
3436 0.2056250036688355 0.07944321356210254 0
3437 0.1991417348525177 0.07850127602926917 0
3438 0.1956069585569382 0.07418171993185074 0
3439 0.1985554510776764 0.07080410136726571 0
3440 0.2050387198939942 0.0717460389000991 0
3441 0.2085734961895737 0.07606559499751751 0
3442 0.202090227373256 0.07512365746468412 0
3443 -1.075320860948843 0.867812875804614 0
3444 -1.251968400540241 0.9309484645460198 0
3445 -1.359529661550489 0.7950778383880222 0
3446 -1.29044338296934 0.5960716234886186 0
3447 -1.182882121959091 0.7319422496466162 0
3448 0.2048650270546811 0.06701442086728637 0
3449 0.2082261105109476 0.06660235893189205 0
3450 0.2117608868065271 0.07092191502931047 0
3451 0.2119345796458402 0.0756535330621232 0
3452 0.2083998033502606 0.07133397696470478 0
3453 0.02622787075925959 0.104017958273439 0
3454 0.02694577128407716 0.08600850829556018 0
3455 0.03670372074958034 0.07457541902313906 0
3456 0.04574376969026589 0.0811517797285968 0
3457 0.04502586916544826 0.09916122970647566 0
3458 0.03526791969994514 0.1105943189788968 0
3459 0.03598582022476277 0.09258486900101792 0
3460 1.509092696324544 0.3767431478359269 0
3461 1.428194548931254 0.3842062640775935 0
3462 1.356871130867734 0.3176148734135194 0
3463 1.366445860197504 0.2435603665077788 0
3464 1.437769278261024 0.3101517571718527 0
3465 0.2258519039626491 -0.190506624656717 0
3466 0.2177357409732098 -0.2106799728573555 0
3467 0.2633779251150901 -0.1938099546169183 0
3468 0.2486729960335892 -0.1820716155364984 0
3469 0.2405568330441499 -0.2022449637371369 0
3470 -0.443423068810715 -0.7695673132399127 0
3471 -0.4418333446532833 -0.8855565389959846 0
3472 -0.3619647209604509 -0.9397547021210629 0
3473 -0.28368582142505 -0.8779636394900693 0
3474 -0.3635544451178823 -0.8237654763649908 0
3475 0.7819205374750647 -1.62404542162616 0
3476 0.9272212863371376 -1.704847847238244 0
3477 0.9113790158313728 -1.521822665136955 0
3478 -0.1682466106726464 0.5161571023689391 0
3479 -0.09863346210244545 0.5303521095641817 0
3480 -0.08674057957266484 0.6299013546134172 0
3481 -0.1444608456130851 0.7152555924674101 0
3482 -0.214073994183286 0.7010605852721674 0
3483 -0.2259668767130668 0.601511340222932 0
3484 -0.1563537281428657 0.6157063474181744 0
3485 -1.05547892162147 -2.203324940303151 0
3486 -1.330949995383973 -2.212938296646734 0
3487 -1.388783070282892 -2.441717303221994 0
3488 -1.171145071419308 -2.66088295345367 0
3489 -1.113311996520388 -2.43210394687841 0
3490 0.3978917024482181 -0.08895270485660151 0
3491 0.3924763926170507 -0.08441049858989677 0
3492 0.3833014207949752 -0.0851354298611612 0
3493 0.379541758804067 -0.09040256739913037 0
3494 0.3849570686352344 -0.09494477366583512 0
3495 0.3941320404573099 -0.09421984239457068 0
3496 0.3887167306261426 -0.08967763612786593 0
3497 0.4270895653823494 0.09311761421119825 0
3498 0.4173323159735301 0.09321234820855517 0
3499 0.4117218273472207 0.08805166944531309 0
3500 0.4158685881297307 0.08279625668471412 0
3501 0.42562583753855 0.0827015226873572 0
3502 0.4312363261648594 0.08786220145059928 0
3503 0.42147907675604 0.08795693544795617 0
3504 -0.05617235838410545 -0.1160654039702937 0
3505 -0.03997381884592838 -0.1045436734783983 0
3506 -0.03975025617112898 -0.08179708855732326 0
3507 -0.05572523303450666 -0.07057223412814363 0
3508 -0.07192377257268384 -0.08209396462003905 0
3509 -0.07214733524748324 -0.1048405495411141 0
3510 -0.05594879570930605 -0.09331881904921867 0
3511 3.75699252231155 -1.786049647010092 0
3512 3.59630742643714 -1.493763493878459 0
3513 3.435098979505114 -1.718431230484977 0
3514 0.2797411441126516 -0.1036881227808044 0
3515 0.2731288139801781 -0.09926315224751919 0
3516 0.2678250524708145 -0.1226960212803075 0
3517 0.2770892633579698 -0.1154045572971985 0
3518 0.2704769332254963 -0.1109795867639134 0
3519 0.7114501334016616 -0.0586880119774931 0
3520 0.7161158859517613 -0.05598045750687878 0
3521 0.7168489685293762 -0.05091806080548593 0
3522 0.7129162985568913 -0.0485632185747074 0
3523 0.7121832159792765 -0.05362561527610025 0
3524 0.6351899278297131 -0.07266708329481941 0
3525 0.6308512337213799 -0.06862060290048309 0
3526 0.6235536866266697 -0.06964686658726199 0
3527 0.6205948336402926 -0.07471961066837721 0
3528 0.6249335277486258 -0.07876609106271351 0
3529 0.632231074843336 -0.07773982737593461 0
3530 0.6278923807350028 -0.07369334698159831 0
3531 0.5161256211479296 0.07054778329800636 0
3532 -1.522316549824869 -3.138602582589639 0
3533 -1.237911811190296 -3.009325593137493 0
3534 -1.45554981005388 -2.790159942905817 0
3535 0.8375048242569376 0.1390655782322236 0
3536 0.8557235863344019 0.1374587680370016 0
3537 0.8719102015495741 0.1632034583539847 0
3538 0.869878054687282 0.1905549588661897 0
3539 0.8536914394721098 0.1648102685492066 0
3540 0.01871300543971482 0.6048853666466948 0
3541 0.06644632441167408 0.6652236165339652 0
3542 0.008726058371253786 0.7505778543879581 0
3543 -0.09672752664112588 0.7755938423546805 0
3544 -0.03900726060070542 0.6902396045006876 0
3545 0.6013605072111985 0.06459170787042998 0
3546 0.5944848637030474 0.06482680121392109 0
3547 0.5913981328733073 0.06162684882909451 0
3548 0.5951870455517183 0.05819180310077682 0
3549 0.6020626890598693 0.05795670975728571 0
3550 0.6051494198896095 0.06115666214211229 0
3551 0.5982737763814584 0.0613917554856034 0
3552 0.4578788960225227 -0.09530603124034519 0
3553 0.4619784705851558 -0.1022087911346222 0
3554 0.4658701205736276 -0.09565304737334079 0
3555 0.3409266815272816 0.1553402650743818 0
3556 0.3442807390545497 0.1439058308363149 0
3557 0.3584506721811418 0.1354221897600014 0
3558 0.3692665477804659 0.1383729829217549 0
3559 0.3659124902531978 0.1498074171598219 0
3560 0.3517425571266056 0.1582910582361353 0
3561 0.3550966146538738 0.1468566239980684 0
3562 0.6036161468180212 -0.5305245674721339 0
3563 0.5534563517735409 -0.527403339600935 0
3564 0.5052591198469845 -0.5912514630887402 0
3565 0.5072216829649083 -0.6582208144477445 0
3566 0.5573814780093886 -0.6613420423189434 0
3567 0.605578709935945 -0.5974939188311382 0
3568 0.5554189148914648 -0.5943726909599393 0
3569 -0.5440992878109445 -0.1494385761198698 0
3570 -0.6440962704130662 -0.1574985103962115 0
3571 -0.6699982688717316 -0.2138150217231462 0
3572 -0.5959032847282757 -0.2620715987737391 0
3573 -0.57000128626961 -0.2057550874468044 0
3574 1.322678360047981 -3.691611736686903 0
3575 1.331532667885396 -3.46688712264452 0
3576 1.108045593048599 -3.176659670283049 0
3577 0.8757042103743852 -3.111156831963961 0
3578 1.099191285211183 -3.401384284325431 0
3579 0.9630583364707335 3.069928283381067 0
3580 1.211443389195839 3.145026050784467 0
3581 1.411160312017474 3.452194662368342 0
3582 1.362492182114005 3.684265506548817 0
3583 1.162775259292369 3.377096894964942 0
3584 0.5179601596275145 1.544036493237698 0
3585 0.6103577663064026 1.457717832783685 0
3586 0.7780294697154764 1.473880295591715 0
3587 0.8533035664456621 1.576361418853758 0
3588 0.6856318630365883 1.560198956045728 0
3589 0.7505020901935284 0.1978276339472114 0
3590 0.7258159858546641 0.1940860366678564 0
3591 0.7387564005772786 0.1780853728780119 0
3592 0.3022582723920207 -0.1290378635858234 0
3593 0.3093717767107467 -0.1194318585110569 0
3594 0.2892839055211817 -0.1182900184295896 0
3595 0.2922143367972382 -0.1284669435450897 0
3596 0.2993278411159642 -0.1188609384703233 0
3597 1.328777962410698 -0.1821852971236372 0
3598 1.378262267980219 -0.2220524692710305 0
3599 1.450092101417306 -0.1957329075351084 0
3600 1.472437629284872 -0.1295461736517931 0
3601 1.400607795847784 -0.1558657353877152 0
3602 0.9214619626533167 0.1378640325455617 0
3603 0.9153882464551024 0.1194689676644364 0
3604 0.9258345993330173 0.09776633110871515 0
3605 0.9423546684091465 0.09445875943411916 0
3606 0.9484283846073609 0.1128538243152444 0
3607 0.9379820317294461 0.1345564608709657 0
3608 0.9319083155312315 0.1161613959898404 0
3609 0.868531119973322 -0.08065408661578327 0
3610 0.8773835867991606 -0.08679812118504041 0
3611 0.8859132654172678 -0.08586306335395844 0
3612 0.8855904772095364 -0.07878397095361932 0
3613 0.8767380103836979 -0.07263993638436218 0
3614 0.8682083317655906 -0.07357499421544417 0
3615 0.8770607985914292 -0.0797190287847013 0
3616 -0.2260243478637657 -0.1468835910442458 0
3617 -0.1876509665120786 -0.1659788278991255 0
3618 -0.146777941521431 -0.154309777859456 0
3619 -0.1442782978824704 -0.1235454909649066 0
3620 -0.1826516792341574 -0.1044502541100268 0
3621 -0.2235247042248051 -0.1161193041496964 0
3622 -0.185151322873118 -0.1352145410045762 0
3623 1.532355756472982 -0.1328814780069849 0
3624 1.569928355793528 -0.2024035162454919 0
3625 1.690730768497541 -0.2108609391060608 0
3626 1.773960581881009 -0.1497963237281228 0
3627 1.653158169176995 -0.1413389008675538 0
3628 0.8760453091250768 -0.03933834883951493 0
3629 0.8754939559652961 -0.04506168937533163 0
3630 0.8812122616337237 -0.04574639223147781 0
3631 0.8874819204619318 -0.04070775455180729 0
3632 0.8817636147935043 -0.04002305169566111 0
3633 3.624819688438051 -0.7076862754238044 0
3634 3.530221009500391 -0.9545818080853148 0
3635 3.74097127017222 -1.16071392204058 0
3636 4.04632020978171 -1.119950503334336 0
3637 3.83556994910988 -0.91381838937907 0
3638 1.092539488604212 -0.0210032622730233 0
3639 1.079256952041256 -0.004323163506430844 0
3640 1.066697336717322 -0.03998539975112429 0
3641 1.086259680942245 -0.03883438039537003 0
3642 1.072977144379289 -0.02215428162877757 0
3643 0.2501418793636393 0.08893938214994652 0
3644 0.2426877720001093 0.08429726951373077 0
3645 0.2509699474603497 0.08384293868127378 0
3646 -0.006065775834663556 0.04710281628838865 0
3647 -0.01116217750449972 0.04173272762713819 0
3648 -0.0106899443685739 0.03325325826171893 0
3649 -0.005121309562812038 0.03014387755755014 0
3650 -0.005593542698737741 0.0386233469229694 0
3651 0.9776070250110603 0.007033353347128593 0
3652 0.9749657579694182 0.01129875157594154 0
3653 0.9716726571671506 0.01175180810637657 0
3654 0.971020823406525 0.007939466407998667 0
3655 0.9743140892526995 0.007487609499682827 0
3656 0.3101086808641376 -0.07059194982783873 0
3657 0.307870032865223 -0.07338024960379519 0
3658 0.3099360765734784 -0.07861661268935878 0
3659 0.3142407682806486 -0.08106467599896591 0
3660 0.3121747245723931 -0.07582831291340231 0
3661 1.559091576791094 0.9593318074494498 0
3662 1.415671564423928 0.9377463333375297 0
3663 1.472886612456338 0.8444039554057364 0
3664 0.4114531483859724 0.8519204243809354 0
3665 0.4976213447402045 0.8581844896089044 0
3666 0.5247688811153035 0.9629695066817878 0
3667 0.4657482211361704 1.061490458526703 0
3668 0.3795800247819383 1.055226393298734 0
3669 0.3524324884068393 0.9504413762258501 0
3670 0.4386006847610714 0.9567054414538189 0
3671 0.6893558445730062 -0.06522176237990579 0
3672 0.6930238447081074 -0.07180444425438789 0
3673 0.6963880233775585 -0.06614059102746701 0
3674 0.3286045224886923 0.09117850019189033 0
3675 0.3307404085881124 0.09918845375851167 0
3676 0.322555461356827 0.105070426323029 0
3677 0.3122346280261215 0.102942445320925 0
3678 0.3204195752574069 0.09706047275640767 0
3679 0.9839609256741964 -0.587174564969357 0
3680 0.9915902122770748 -0.5103567075002685 0
3681 0.9317754074877237 -0.5355131306942772 0
3682 -1.686418340387895 0.5226972704971339 0
3683 -1.557517140259767 0.7583906618922798 0
3684 -1.672121020668677 0.948017773113163 0
3685 -1.915626101205715 0.9019514929389004 0
3686 -1.801022220796805 0.712324381718017 0
3687 0.1699326274239448 0.1017184297006419 0
3688 0.1734115115694237 0.0935261224201676 0
3689 0.1830142167716532 0.08980850526796867 0
3690 0.1891380378284039 0.09428319539624408 0
3691 0.185659153682925 0.1024755026767184 0
3692 0.1760564484806955 0.1061931198289173 0
3693 0.1795353326261744 0.09800081254844299 0
3694 0.09040724581475851 -2.269537898691757 0
3695 0.4544395236060965 -0.3077770735519618 0
3696 0.4318494901806283 -0.298785681038469 0
3697 0.4139788645002507 -0.3276108618325729 0
3698 0.4186982722453412 -0.3654274351401694 0
3699 0.4412883056708095 -0.3744188276536622 0
3700 0.4591589313511871 -0.3455936468595583 0
3701 0.4365688979257188 -0.3366022543460656 0
3702 0.3381761838670022 -0.1337070495555392 0
3703 0.3460420881517779 -0.123781268803491 0
3704 0.3210936138803905 -0.1210948457267228 0
3705 0.3257019467313085 -0.1323638380171552 0
3706 0.3335678510160843 -0.1224380572651069 0
3707 1.506716812564633 0.07957482539267306 0
3708 1.198056221819973 0.1599857348741418 0
3709 1.206322379560312 0.2217874304501742 0
3710 1.17190001668481 0.253091643667511 0
3711 1.12921149606897 0.2225941613088155 0
3712 1.120945338328632 0.1607924657327832 0
3713 1.155367701204133 0.1294882525154464 0
3714 1.163633858944472 0.1912899480914787 0
3715 0.3963724374054322 -1.363991661036264 0
3716 0.5164961130092121 -1.45361732852517 0
3717 0.516751541234449 -1.289156695949838 0
3718 0.7617563138455343 0.03321589354788822 0
3719 0.761036138303437 0.03712306685983677 0
3720 0.7577305417176263 0.03747350260883749 0
3721 0.755145120673913 0.03391676504588965 0
3722 0.7584508197319215 0.03356729589812577 0
3723 0.957833146143464 -0.08055946704333426 0
3724 0.9691622214724185 -0.07242858437436948 0
3725 0.9560384219520222 -0.06955746091851328 0
3726 -0.6203288481328022 0.2664535874785037 0
3727 -0.7027169704681084 0.211281227577092 0
3728 -0.6980487380686951 0.1156247631168892 0
3729 -0.610992383333975 0.07514065855809803 0
3730 -0.6156606157333886 0.1707971230183009 0
3731 -1.251351655073897 1.069642057931929 0
3732 -1.074087370016155 1.145200062576432 0
3733 -0.9787611497881716 1.356515555887235 0
3734 -1.060699214617929 1.492273044553534 0
3735 -1.156025434845913 1.280957551242731 0
3736 -1.818195979833749 -0.3489445646178232 0
3737 -1.661679197969207 -0.2438705428185159 0
3738 -1.608548124241785 0.003136945687856957 0
3739 -1.711933832378904 0.1450704123949225 0
3740 -1.765064906106326 -0.1019370761114504 0
3741 0.6633987710408313 0.07468078773823873 0
3742 0.6607142960448333 0.06763654988412429 0
3743 0.6636317900002096 0.06045110102932767 0
3744 0.669233758951584 0.06030989002864549 0
3745 0.6719182339475822 0.06735412788275993 0
3746 0.6690007399922058 0.07453957673755657 0
3747 0.6663162649962078 0.06749533888344211 0
3748 -1.928591484347655 -1.003663328239989 0
3749 -1.951652123022973 -0.7288409573285599 0
3750 -2.178753842648644 -0.6106254086630859 0
3751 -2.382794923598997 -0.7672322309090414 0
3752 -2.155693203973326 -0.8854477795745154 0
3753 -3.170774524279997 -0.6710574153083332 0
3754 -2.878805264414674 -0.797448234231665 0
3755 -2.564341858373204 -0.6158927021033346 0
3756 -2.541847712197059 -0.3079463510516723 0
3757 -2.856311118238528 -0.4895018831800028 0
3758 0.03942086587334059 -1.159295899271384 0
3759 0.1578348138374965 -1.21683094640937 0
3760 0.1302049576774238 -1.114424780958245 0
3761 0.1374616221281348 -0.0762669074565808 0
3762 0.1348893273242289 -0.08223223962603507 0
3763 0.1399918776231414 -0.08483778408553888 0
3764 0.1476667227259598 -0.08147799637558842 0
3765 0.1502390175298656 -0.07551266420613416 0
3766 0.1451364672309532 -0.07290711974663035 0
3767 0.1425641724270473 -0.07887245191608461 0
3768 2.242477863867662 1.932391038348135 0
3769 2.372820852833086 1.712234471339475 0
3770 2.639352444646501 1.685070277212468 0
3771 2.775541047494492 1.878062650094122 0
3772 2.645198058529069 2.098219217102782 0
3773 2.378666466715654 2.125383411229788 0
3774 2.509009455681077 1.905226844221128 0
3775 0.8871894317496049 0.07532900070733303 0
3776 0.8788902848928468 0.08334500673887134 0
3777 0.8676414618745663 0.07973972764750892 0
3778 0.8646917857130437 0.06811844252460821 0
3779 0.8759406087313243 0.07172372161597061 0
3780 0.005134939313343856 0.07941547506308 0
3781 0.01639930556111935 0.07370726669038066 0
3782 0.01496350451148409 0.1097261666461384 0
3783 0.004417038788526284 0.09742492504095886 0
3784 0.01568140503630172 0.09171671666825949 0
3785 0.2061767449046418 -0.09753721141220238 0
3786 0.1990339229236576 -0.09468984724859722 0
3787 0.1894819293670974 -0.09967958100851174 0
3788 0.1870727577915214 -0.1075166789320314 0
3789 0.1966247513480816 -0.1025269451721169 0
3790 0.631317960548446 -0.06269969179813512 0
3791 0.6361233814838455 -0.06082526109012344 0
3792 0.6299220580272769 -0.05645902764087482 0
3793 0.6282172988201618 -0.0605165750735108 0
3794 0.6330227197555611 -0.05864214436549912 0
3795 0.3749577815143852 -0.1402223414210487 0
3796 0.3817466965316451 -0.1305699547151468 0
3797 0.3586616171234109 -0.1258619014099453 0
3798 0.3634152418102681 -0.137868314768448 0
3799 0.370204156827528 -0.128215928062546 0
3800 1.260149056111439 -1.86420253033501 0
3801 1.447776077023668 -1.942754787819693 0
3802 1.581578517206905 -1.83437170931702 0
3803 1.527753936477914 -1.647436373329664 0
3804 1.393951496294676 -1.755819451832337 0
3805 0.930867497974287 0.02036812644170186 0
3806 0.9342912827472236 0.01875826744771171 0
3807 0.9393199124574118 0.02104318933107258 0
3808 0.9409247573946633 0.02493797020842361 0
3809 0.9375009726217268 0.02654782920241376 0
3810 0.9324723429115387 0.02426290731905289 0
3811 0.9358961276844752 0.02265304832506273 0
3812 0.7497257612453665 -0.04267230356723013 0
3813 0.7502584576141873 -0.04639070346785162 0
3814 0.7536140784496341 -0.04617426834589338 0
3815 0.7564370029162601 -0.04223943332331366 0
3816 0.7559043065474391 -0.03852103342269217 0
3817 0.7525486857119924 -0.03873746854465041 0
3818 0.7530813820808133 -0.0424558684452719 0
3819 -1.149784085476936 3.011691395546021 0
3820 -1.478252686968201 3.139785483793895 0
3821 -1.376530808402179 2.824253349251395 0
3822 -0.8980565758911014 0.9433708804491171 0
3823 -0.8974398304247577 1.082064473835026 0
3824 -1.074704115482499 1.006506469190523 0
3825 -0.1666036520162608 -0.07501801920346439 0
3826 -0.1914286497890118 -0.05725483433657153 0
3827 -0.2323016747796594 -0.0689238843762411 0
3828 -0.2483497019975561 -0.09835611928280355 0
3829 -0.2074766770069085 -0.08668706924313395 0
3830 0.3226474332407208 -0.3151319068080332 0
3831 0.299137817648414 -0.3033251848932933 0
3832 0.2775011259618786 -0.3339462128909628 0
3833 0.27937404986765 -0.3763739628033722 0
3834 0.3028836654599567 -0.3881806847181121 0
3835 0.3245203571464921 -0.3575596567204426 0
3836 0.3010107415541854 -0.3457529348057027 0
3837 0.8578456795535223 -0.06585098191869256 0
3838 0.8560127059595612 -0.05719191179085897 0
3839 0.8474090225797992 -0.0513207601752634 0
3840 0.8406383127939983 -0.05410867868750142 0
3841 0.8492419961737603 -0.05997983030309699 0
3842 1.001860261982669 -0.03649449868301435 0
3843 0.9965888937296736 -0.02934112407828704 0
3844 0.9891047958321567 -0.02704345319123454 0
3845 0.9868920661876348 -0.03189915690890936 0
3846 0.9943761640851518 -0.03419682779596186 0
3847 0.6140014748195629 0.09691282342242513 0
3848 0.6174792780108154 0.0886538187637574 0
3849 0.6323400954460454 0.09898325010006652 0
3850 0.621431883537178 0.1020775390905797 0
3851 0.6249096867284304 0.09381853443191196 0
3852 0.09621903717119878 0.1406268473016655 0
3853 0.09303414435478702 0.1249231609612689 0
3854 0.1202383111139872 0.1263877863988305 0
3855 0.1098211205507988 0.1413591600204463 0
3856 0.1066362277343871 0.1256554736800497 0
3857 2.563504155799883 -0.521435262568013 0
3858 2.6231044335605 -0.3767024109797414 0
3859 2.513954779774071 -0.282968477996161 0
3860 2.345204848227025 -0.3339673966008521 0
3861 2.454354502013454 -0.4277013295844325 0
3862 0.6380477218606796 0.165298015578753 0
3863 0.6400376251426545 0.1469624904908164 0
3864 0.6515678331931181 0.1360886353385468 0
3865 0.6611081379616069 0.1435503052742138 0
3866 0.659118234679632 0.1618858303621505 0
3867 0.6475880266291685 0.1727596855144201 0
3868 0.6495779299111433 0.1544241604264834 0
3869 0.3882253207811159 -0.3021757352575752 0
3870 0.3671911848070717 -0.3145571819901742 0
3871 0.3719105925521623 -0.3523737552977708 0
3872 0.397664136271297 -0.3778088818727683 0
3873 0.3929447285262065 -0.3399923085651717 0
3874 0.4015917729502441 0.1868982709011771 0
3875 0.4063337959862442 0.1700565091468238 0
3876 0.4234198467205154 0.152747929561022 0
3877 0.4357638744187866 0.1522811117295735 0
3878 0.4310218513827865 0.1691228734839267 0
3879 0.4139358006485153 0.1864314530697285 0
3880 0.4186778236845153 0.1695896913153753 0
3881 0.8348024858455985 -0.1253547445164488 0
3882 0.8481239138043623 -0.1185556676507306 0
3883 0.8352063894316486 -0.1100329483075351 0
3884 0.1115522632829981 -0.06221817834799266 0
3885 0.1086588781131628 -0.06532152625919238 0
3886 0.1118604648287226 -0.06937292762351684 0
3887 0.1179554367141177 -0.07032098107664157 0
3888 0.1147538499985578 -0.0662695797123171 0
3889 0.4841188449812265 0.08979904540337477 0
3890 0.4920673740228558 0.08945045719136516 0
3891 0.4886470039571547 0.0991894044864568 0
3892 -1.617332061806746 0.3236910555977304 0
3893 -1.419344583097469 0.3603782320934728 0
3894 -1.488430861678618 0.5593844469928763 0
3895 0.1906016274917211 0.2933503904506188 0
3896 0.1820383331937479 0.3227530044616581 0
3897 0.156858063611816 0.3121267713698525 0
3898 0.1402410883278573 0.2720979242670076 0
3899 0.1488043826258305 0.2426953102559683 0
3900 0.1739846522077624 0.2533215433477739 0
3901 0.1654213579097892 0.2827241573588132 0
3902 0.8268490556453042 0.04894449640595773 0
3903 0.8207313434882648 0.04652606425959642 0
3904 0.8247253936100514 0.04306063915754672 0
3905 0.9017990581843265 -0.08309798767342476 0
3906 0.8940175559046628 -0.08802007171386114 0
3907 0.8958933769995296 -0.1048158884207586 0
3908 0.9055507003740602 -0.1166896210872196 0
3909 0.9036748792791933 -0.09989380438032218 0
3910 0.7532744849586562 0.2818609192052831 0
3911 0.7781195390265727 0.2935081566633833 0
3912 0.7705441568483891 0.3310479034956656 0
3913 0.7381237206022887 0.3569404128698476 0
3914 0.7456991027804725 0.3194006660375653 0
3915 -2.360300777422851 -0.4592858798573792 0
3916 0.161242618178828 -0.1342615586192751 0
3917 0.1729531021973867 -0.1248076677374131 0
3918 0.1511315843393389 -0.1171242989489593 0
3919 0.1503318592498041 -0.1304198742250482 0
3920 0.1620423432683629 -0.1209659833431862 0
3921 -2.383236381090434 -2.072832435617544 0
3922 -2.493040771954049 -2.298592106460887 0
3923 -2.160899407396986 -2.197992065022917 0
3924 2.022204915276294 0.4344966764363978 0
3925 2.077143046663189 0.5727674668753457 0
3926 2.006760085428119 0.6705479321669041 0
3927 1.881438992806154 0.6300576070195146 0
3928 1.951821954041224 0.532277141727956 0
3929 0.620219334695202 0.139171059595498 0
3930 0.6311234315599156 0.1338990124991889 0
3931 0.627143624995966 0.1705700626750622 0
3932 0.6182294314132272 0.1575065846834347 0
3933 0.6291335282779409 0.1522345375871255 0
3934 3.297578086890528 -1.010237985081344 0
3935 3.159533843218326 -0.8189986294158633 0
3936 2.897440233963423 -0.7986333253067649 0
3937 2.773390868380722 -0.9695073768631476 0
3938 3.035484477635625 -0.9898726809722459 0
3939 -0.4958420205212767 0.3706066687606612 0
3940 -0.4537433152450576 0.4195873901414071 0
3941 -0.4450058001509933 0.5310478817426126 0
3942 -0.4783669903331479 0.5935276519630722 0
3943 -0.520465695609367 0.5445469305823263 0
3944 -0.5292032107034315 0.4330864389811209 0
3945 -0.4871045054272123 0.4820671603618667 0
3946 0.2430299794589951 0.9042351449829531 0
3947 0.1607750068862501 0.9628139308129395 0
3948 0.0904065706702144 0.922782433235696 0
3949 0.1022931070269239 0.8241721498284659 0
3950 0.1726615432429596 0.8642036474057094 0
3951 0.6084062111862882 0.06017597971668075 0
3952 0.6085762716532269 0.05599534490642262 0
3953 0.6122612432125416 0.05181812579651771 0
3954 0.6157761543049175 0.05182154149687093 0
3955 0.6156060938379788 0.05600217630712905 0
3956 0.6119211222786642 0.06017939541703396 0
3957 0.6120911827456028 0.05599876060677583 0
3958 0.9327315241303119 -0.02758370012599431 0
3959 0.2413650892840123 0.09343512871110914 0
3960 2.465037312155729 0.2251389978839811 0
3961 2.379818281789902 0.1109363052919281 0
3962 2.423967738056422 -0.07950077799723985 0
3963 2.55333622468877 -0.1557351686943549 0
3964 2.509186768422249 0.03470191459481307 0
3965 0.4563401535999694 0.3573438817410773 0
3966 0.4715117119417673 0.3280103663100536 0
3967 0.5011472544432722 0.3430461950647232 0
3968 0.5752897694818081 -0.0634712697598499 0
3969 0.572613573620948 -0.06060854396985029 0
3970 0.5705818310682523 -0.06528687087647113 0
3971 0.5951195482888962 -0.1985871319325884 0
3972 0.5793876074101343 -0.2030570067854452 0
3973 0.5777134559472223 -0.2301692271513486 0
3974 0.5917712453630722 -0.2528115726643951 0
3975 0.6075031862418341 -0.2483416978115382 0
3976 0.6091773377047461 -0.2212294774456348 0
3977 0.5934453968259842 -0.2256993522984918 0
3978 0.05775328713193167 -0.04886271890826863 0
3979 0.06157155636339845 -0.05125518709640653 0
3980 0.05822753371579464 -0.04100614080207143 0
3981 0.05608127580812983 -0.04373819576110109 0
3982 0.0598995450395966 -0.04613066394923899 0
3983 -0.1041120509556941 0.0523060760334686 0
3984 -0.08953728099410435 0.04402948325292955 0
3985 -0.07452229231219226 0.08318313326596419 0
3986 -0.09660455661473816 0.07188290103998593 0
3987 -0.08202978665314814 0.06360630825944687 0
3988 0.4251244053823131 0.1083282180264262 0
3989 0.4309856100867409 0.1006755491201338 0
3990 0.4426773029953658 0.09810312193198706 0
3991 0.4485077911995628 0.1031833636501328 0
3992 0.4368160982909379 0.1057557908382795 0
3993 -0.3582224724900769 3.418853942506146 0
3994 -0.5988704605870103 3.593948815490714 0
3995 -0.8334507937845197 3.47389489474957 0
3996 -0.8273831388850954 3.178746101023858 0
3997 -0.592802805687586 3.298800021765002 0
3998 0.3298697685224649 -0.1798133220379753 0
3999 0.3169484026895862 -0.1737615587365471 0
4000 0.2953789759700021 -0.1803226281891921 0
4001 0.2867309150832966 -0.1929354609432651 0
4002 0.2996522809161751 -0.1989872242446933 0
4003 0.3212217076357592 -0.1924261547920483 0
4004 0.3083003418028807 -0.1863743914906202 0
4005 0.46701301905279 0.07488559107630792 0
4006 0.4614498345411292 0.07759140888063948 0
4007 0.4578881125765013 0.07519185778416246 0
4008 0.4598895751235343 0.07008648888335386 0
4009 0.4634512970881622 0.07248603997983087 0
4010 1.313943747711395 0.1457319195007286 0
4011 1.251866905895515 0.121957979399419 0
4012 1.289152919996997 0.09079381191306803 0
4013 -0.7389799646379283 -0.276126597407638 0
4014 -0.7338666762606689 -0.3866947501427227 0
4015 -0.6648849804944721 -0.3243831744582309 0
4016 1.547582827925962 -0.2685902501288072 0
4017 1.487664700737851 -0.2652549457736155 0
4018 1.524762377026325 -0.418463932260046 0
4019 1.566131666070199 -0.3451947433720225 0
4020 1.506213538882088 -0.3418594390168308 0
4021 1.006440909244901 -0.02080836260361485 0
4022 0.9988792173607897 -0.02149805603858729 0
4023 1.004150585613785 -0.0286514306433146 0
4024 0.4087504586700421 -0.06079049226761152 0
4025 0.410829804857672 -0.06446075350138729 0
4026 0.4141396298317949 -0.06432241622150586 0
4027 0.415370108618288 -0.06051381770784869 0
4028 0.4120603726263715 -0.0606542841007897 0
4029 3.005226551692911 2.835479076073914 0
4030 2.780240530511207 2.747614295035331 0
4031 2.67407955633383 2.463518016989757 0
4032 2.792904603338157 2.267286519982766 0
4033 2.899065577515534 2.55138279802834 0
4034 0.7105096055114963 0.0679183355886505 0
4035 0.7165643091760684 0.06419430961458238 0
4036 0.7245987830727345 0.06662993851690556 0
4037 0.7265785533048286 0.07278959339329688 0
4038 0.7205238496402565 0.07651361936736502 0
4039 0.7124893757435904 0.07407799046504182 0
4040 0.7185440794081625 0.0703539644909737 0
4041 0.5977781275401356 -0.09278252690696792 0
4042 0.5910429820290396 -0.08756225324394837 0
4043 0.5909986912471482 -0.09830862406842918 0
4044 0.3798984575678368 0.08384566294939975 0
4045 0.373845685300934 0.0857987959166681 0
4046 0.3745816413952601 0.080076637221589 0
4047 -0.3596663011429892 0.196869253953168 0
4048 -0.356177832446851 0.2553454365707001 0
4049 -0.4144398177663072 0.3164230619187933 0
4050 -0.4761902717819015 0.3190245046493543 0
4051 -0.4179282864624455 0.2579468793012611 0
4052 -0.2647651896711606 -1.61397845927299 0
4053 -0.4190122610215184 -1.650430477184196 0
4054 -0.4283605249733911 -1.806174550318641 0
4055 -0.2834617175749062 -1.925466605541879 0
4056 -0.1292146462245485 -1.889014587630673 0
4057 -0.1198663822726757 -1.733270514496228 0
4058 -0.2741134536230335 -1.769722532407434 0
4059 3.039630197483218 1.29787915923992 0
4060 2.771397019640864 1.394978531785367 0
4061 2.541618293715602 1.294554556323051 0
4062 2.580072745632695 1.097031208315287 0
4063 2.848305923475049 0.9999318357698397 0
4064 3.078084649400311 1.100355811232156 0
4065 2.809851471557957 1.197455183777603 0
4066 0.07013599848935387 -0.08980517929051857 0
4067 0.06224378268210429 -0.08307071857381151 0
4068 0.04748274476445491 -0.08549840770740116 0
4069 0.04061392265405522 -0.09466055755769787 0
4070 0.05537496057170455 -0.0922328684241082 0
4071 0.2714332797718101 -0.0708787672911179 0
4072 0.2708312892437977 -0.0745430622560415 0
4073 0.2737223026822166 -0.07571209517035939 0
4074 0.2772153066486479 -0.07321683311975369 0
4075 0.2778172971766603 -0.0695525381548301 0
4076 0.2749262837382415 -0.0683835052405122 0
4077 0.2743242932102291 -0.0720478002054358 0
4078 0.3770907079428338 0.1914182548745031 0
4079 0.3573316659714236 0.1790964770934759 0
4080 0.385671532224608 0.162129194940849 0
4081 0.391260641069426 0.1829346137981897 0
4082 0.3715015990980158 0.1706128360171625 0
4083 1.206862152345894 -0.6528971429312831 0
4084 1.197459061686121 -0.7484267895550066 0
4085 1.268376392029366 -0.8404910629029946 0
4086 1.348696813032385 -0.8370256896272591 0
4087 1.277779482689139 -0.7449614162792711 0
4088 2.080624721779956 1.495247786867602 0
4089 2.291894281789232 1.493662845599208 0
4090 2.031208303858385 1.933975979616528 0
4091 1.950281732814532 1.715404353876262 0
4092 2.161551292823809 1.713819412607868 0
4093 0.1470890102880437 -0.4015117796921168 0
4094 0.1733512578423383 -0.3606388416181726 0
4095 0.1295982232658535 -0.3576389251900609 0
4096 0.6381856722326202 -0.6631824921419411 0
4097 0.1338893576850813 0.356155527858822 0
4098 0.09430367647438792 0.3601554372449466 0
4099 0.1172723824011226 0.3161266807559771 0
4100 1.589478822659902 -0.4792704748558158 0
4101 1.695564557337352 -0.466807828563562 0
4102 1.736933846381226 -0.3935386396755384 0
4103 1.67221740074765 -0.3327320970797687 0
4104 1.630848111703776 -0.4060012859677922 0
4105 1.028857803639493 -0.01330984013458567 0
4106 1.021430202384253 -0.01671425465161405 0
4107 1.032474332838715 -0.02372017129769276 0
4108 -1.513485764495218 1.857525138832379 0
4109 -0.2964624764143506 -0.4574062365943155 0
4110 -0.35931593821416 -0.4596023379349978 0
4111 -0.3669304025322191 -0.523528887337718 0
4112 0.8473007357151338 -0.03544878824055928 0
4113 0.8444595776882151 -0.03861842918857841 0
4114 0.8458055238960642 -0.04403632731207348 0
4115 0.8499926281308323 -0.04628458448754943 0
4116 0.848646681922983 -0.04086668636405436 0
4117 0.3585386484835195 -0.06906773351194427 0
4118 0.355127668234192 -0.06938961509973858 0
4119 0.3534491323469983 -0.07453555030932567 0
4120 0.3551815767091323 -0.07935960393111843 0
4121 0.3585925569584598 -0.07903772234332412 0
4122 0.3602710928456534 -0.07389178713373705 0
4123 0.3568601125963259 -0.07421366872153136 0
4124 0.6684209220559594 -0.1221959371967151 0
4125 0.6795916916739404 -0.1176055687715673 0
4126 0.6706945727279112 -0.1096653879357257 0
4127 0.7009450820620265 -0.1088003391235801 0
4128 0.7111277028321318 -0.1045854779007409 0
4129 0.7029215432457889 -0.09725764771773034 0
4130 0.9814849948435902 -0.01538138641087528 0
4131 0.9864012601601344 -0.0187845679422175 0
4132 0.9898493231519142 -0.01785984877286002 0
4133 0.9883811208271499 -0.01353194807216032 0
4134 0.9834648555106058 -0.0101287665408181 0
4135 0.9800167925188259 -0.01105348571017558 0
4136 0.9849330578353701 -0.0144566672415178 0
4137 0.4455494800101205 0.2130381073192029 0
4138 0.4211996149621823 0.2083890699873666 0
4139 0.4553717164307247 0.173771910815763 0
4140 0.4626355307443917 0.1957295277334012 0
4141 0.4382856656964535 0.1910804904015648 0
4142 2.676432451874885 -0.6533651673543172 0
4143 2.848961025710504 -0.6405622205523497 0
4144 2.908561303471122 -0.4958293689640782 0
4145 2.79563300739612 -0.3638994641777741 0
4146 2.736032729635502 -0.5086323157660455 0
4147 0.6315087578366769 0.9327226241610947 0
4148 0.6792279745789171 1.000996693485317 0
4149 0.620207314599784 1.099517645330231 0
4150 0.5134674378784106 1.129764527850924 0
4151 0.5724880978575437 1.031243576006009 0
4152 0.8102387653573708 0.03670045104867058 0
4153 0.8124261983442981 0.04040404158095284 0
4154 0.8079263852611926 0.04467422669616181 0
4155 0.80123913919116 0.04524082127908852 0
4156 0.8057389522742655 0.04097063616387955 0
4157 0.3194441961489963 0.1665690495044236 0
4158 0.3013157682979792 0.1663633996963984 0
4159 0.321449386174297 0.1433542693019584 0
4160 0.3295110050871552 0.1550644843072036 0
4161 0.3113825772361381 0.1548588344991784 0
4162 0.5244391223965369 0.08632810507165406 0
4163 0.5246104606899841 0.09391334943350045 0
4164 0.5163551620503354 0.08978110782817002 0
4165 -0.4707135463389669 -0.08270024322924972 0
4166 -0.4973247874691111 -0.02402184461497142 0
4167 -0.5973217700712328 -0.03208177889131318 0
4168 -0.6707075115432102 -0.09882011178193324 0
4169 -0.5707105289410885 -0.09076017750559147 0
4170 -0.3642792284451932 -0.4042920314829421 0
4171 -0.3063890568764169 -0.3467856236902039 0
4172 -0.3974921953021431 -0.353801943665826 0
4173 0.4976556198254649 -0.09804913828415583 0
4174 0.4961257627125422 -0.09125084885015447 0
4175 0.4889816021041477 -0.08611647952578708 0
4176 0.4833672986086759 -0.08778039963542104 0
4177 0.4905114592170704 -0.09291476895978842 0
4178 0.5879264399053663 0.06125001524971087 0
4179 0.5882436596158364 0.05743813594200953 0
4180 0.5920325722942472 0.05400309021369185 0
4181 0.5955042652621882 0.05437992379307549 0
4182 0.5917153525837773 0.05781496952139317 0
4183 1.012053680515006 -0.01629485340880168 0
4184 1.010104759901 -0.01247103764896094 0
4185 1.00419843768791 -0.008842418122878282 0
4186 1.000241036088826 -0.00903761435663636 0
4187 1.002189956702832 -0.0128614301164771 0
4188 1.008096278915922 -0.01649004964255976 0
4189 1.006147358301916 -0.01266623388271902 0
4190 -0.05040131659081398 0.01210200307598922 0
4191 -0.06071561111371809 0.001501976300891396 0
4192 -0.05855974256172441 -0.007369898743421559 0
4193 -0.04608957948682674 -0.005641747012636686 0
4194 -0.03577528496392274 0.004958279762461138 0
4195 -0.0379311535159163 0.01383015480677409 0
4196 -0.0482454480388203 0.003230128031676267 0
4197 0.1980986972688927 -0.1517282219381284 0
4198 0.2093798990651207 -0.1408218637141435 0
4199 0.1853815559681852 -0.1311140446244051 0
4200 0.1860995257204249 -0.1468743123932592 0
4201 0.197380727516653 -0.1359679541692743 0
4202 0.3415438402879623 -0.206311029604004 0
4203 0.3402965462205811 -0.2267569738686046 0
4204 0.3599402104492362 -0.2332205542123982 0
4205 0.3808311687452723 -0.2192381902915911 0
4206 0.3611875045166174 -0.2127746099477975 0
4207 0.7266302822708771 0.05753861206178754 0
4208 0.7306415517011137 0.05460694048306084 0
4209 0.7374979221630983 0.06390442422286828 0
4210 0.7300584675018693 0.06218735393169126 0
4211 0.734069736932106 0.05925568235296455 0
4212 0.3904135552606081 0.1452874331864958 0
4213 0.4007446871414261 0.1492510902894832 0
4214 0.3960026641054261 0.1660928520438364 0
4215 0.2502899698362825 -0.3009342765004451 0
4216 0.2249517376164577 -0.3103500900223367 0
4217 0.2268246615222291 -0.3527778399347462 0
4218 0.2540358176478252 -0.3857897763252638 0
4219 0.2521628937420539 -0.3433620264128545 0
4220 0.6296200386639315 -0.1327832069709616 0
4221 0.6434350955509549 -0.1297847562964123 0
4222 0.6349978918224636 -0.1210486726145338 0
4223 0.4238751098546816 -0.2166225120504809 0
4224 0.4460280926680547 -0.2279891977301779 0
4225 0.4678046866980087 -0.2189792858355319 0
4226 0.4674282979145897 -0.1986026882611888 0
4227 0.4456517038846357 -0.2076126001558349 0
4228 0.4612894844397923 0.1542966551633257 0
4229 0.474471066762527 0.1567790164285266 0
4230 0.481734881076194 0.1787366333461647 0
4231 0.4758171130671264 0.198211888998602 0
4232 0.4685532987534594 0.1762542720809638 0
4233 0.3248034437015651 0.1319198350638915 0
4234 0.3362191201416914 0.1321956158310697 0
4235 0.3328650626144233 0.1436300500691366 0
4236 0.8783694447404917 0.0450140183888225 0
4237 0.8727151357553089 0.0420364053025552 0
4238 0.8711365791572183 0.03588246068263636 0
4239 0.8752123315443106 0.03270612914898483 0
4240 0.8808666405294936 0.03568374223525214 0
4241 0.8824451971275842 0.04183768685517097 0
4242 0.8767908881424011 0.03886007376890366 0
4243 0.9946282648187208 -0.01355112355144953 0
4244 0.9929728951476997 -0.01786943651250463 0
4245 1.000534587031811 -0.01717974307753219 0
4246 0.4890540782733417 0.1319662664743295 0
4247 0.4883533636793017 0.1456138220840284 0
4248 0.4751717813565671 0.1431314608188276 0
4249 0.3934594117923985 -0.1117766823805987 0
4250 0.398383212035892 -0.1026357967519525 0
4251 0.3892082402138165 -0.1033607280232169 0
4252 4.253746954237042 0.1044245022035793 0
4253 4.007493908474085 0.2088490044071586 0
4254 3.747300030932655 0.05525209015306067 0
4255 3.733359199154183 -0.2027693263046166 0
4256 3.993553076695613 -0.04917241205051869 0
4257 1.075808411290702 0.1207498169511163 0
4258 1.081165693371916 0.1564232479506182 0
4259 1.051837304934057 0.1393596059945191 0
4260 -0.01210245542635074 0.01548469292747889 0
4261 -0.008406823663408003 0.01398965635166659 0
4262 -0.002991686185993492 0.01734124546836331 0
4263 -0.001272180471521833 0.02218787116087233 0
4264 -0.004967812234464575 0.02368290773668463 0
4265 -0.01038294971187897 0.02033131861998791 0
4266 -0.006687317948936233 0.01883628204417561 0
4267 0.7085180606075705 0.05335876838726379 0
4268 0.7121480445988656 0.05184314341339299 0
4269 0.718058356673654 0.05370844017318622 0
4270 0.7203386847571472 0.05708936190685023 0
4271 0.7167087007658521 0.05860498688072102 0
4272 0.7107983886910637 0.0567396901209278 0
4273 0.7144283726823588 0.05522406514705699 0
4274 0.6704264975477059 0.05284324893417445 0
4275 0.6726311127253322 0.05650596398106888 0
4276 0.6670291437739577 0.05664717498175106 0
4277 0.01811932315098741 0.06282367386166726 0
4278 0.008574974493079979 0.05764828940565319 0
4279 0.0142849449593051 0.05319854935895758 0
4280 0.6224035008534451 -0.08672092135840408 0
4281 0.6271710210529746 -0.09364948796731574 0
4282 0.6297010479481553 -0.08569465767162518 0
4283 0.4493332417852253 -0.08433098804784887 0
4284 0.4448871621105609 -0.08025870474962954 0
4285 0.4362024487366054 -0.0815423304757084 0
4286 0.4319638150373143 -0.08689823950000657 0
4287 0.4364098947119787 -0.0909705227982259 0
4288 0.4450946080859342 -0.08968689707214704 0
4289 0.4406485284112698 -0.08561461377392772 0
4290 0.2114567262417054 -0.07036137485491818 0
4291 0.2103922116950462 -0.07469697369392701 0
4292 0.2133971872051053 -0.07564799639140272 0
4293 0.2174666772618237 -0.07226342024986961 0
4294 0.218531191808483 -0.06792782141086079 0
4295 0.2155262162984238 -0.06697679871338508 0
4296 0.2144617017517645 -0.07131239755239389 0
4297 0.1121620695631632 3.741703074348631 0
4298 -0.002706207414990225 3.492731071935104 0
4299 0.1598414383197804 3.160782885006941 0
4300 0.4372573610327042 3.077806700492304 0
4301 0.2747097152979338 3.409754887420467 0
4302 0.1103978889680177 0.5245084093838417 0
4303 0.04068878771788659 0.534527763071633 0
4304 -0.001107543933598187 0.48441652671664 0
4305 0.02680522566504817 0.4242859366738557 0
4306 0.09651432691517925 0.4142665829860643 0
4307 0.138310658566664 0.4643778193410573 0
4308 0.06860155731653289 0.4743971730288487 0
4309 0.7599920779954 0.08333229099451842 0
4310 0.7552177870408813 0.0914130506801675 0
4311 0.7486081229990174 0.08820303841522617 0
4312 0.7467727499116723 0.07691226646463574 0
4313 0.7515470408661911 0.06883150677898664 0
4314 0.7581567049080549 0.07204151904392797 0
4315 0.7533824139535361 0.08012227872957707 0
4316 0.8779724830043748 -0.09921363409786914 0
4317 0.8697089123837505 -0.1054851124414407 0
4318 0.879366235758281 -0.1173588451079018 0
4319 0.8972871297534357 -0.1229610994307912 0
4320 0.8876298063789052 -0.1110873667643302 0
4321 -1.762859989242725 -1.079673910028562 0
4322 -1.620189132813113 -0.880862120905705 0
4323 -1.643249771488431 -0.6060397499942757 0
4324 -1.808981266593361 -0.5300291682057031 0
4325 -1.785920627918043 -0.8048515391171326 0
4326 0.8210951640933577 0.09590000029706378 0
4327 0.8306234889452524 0.1020971370747517 0
4328 0.8331965632579226 0.1190869787107749 0
4329 0.8262413127186979 0.1298796835691103 0
4330 0.8236682384060279 0.112889841933087 0
4331 0.1953573208438788 0.1207049495250859 0
4332 0.1953095898645166 0.1097314175248027 0
4333 0.2072631114195325 0.1015281685062297 0
4334 0.2192643639539104 0.1042984514879399 0
4335 0.2193120949332725 0.1152719834882231 0
4336 0.2073585733782567 0.1234752325067961 0
4337 0.2073108423988946 0.1125017005065129 0
4338 0.1155507186918026 0.2068228959901292 0
4339 0.1074773243397066 0.1815767148160956 0
4340 0.1177881366043109 0.1553931825940174 0
4341 0.1361723432210112 0.1544558315459728 0
4342 0.125861530956407 0.180639363768051 0
4343 0.9212947726554648 -0.03881966782140488 0
4344 0.9172692873979191 -0.04356416539003453 0
4345 0.9265613194311892 -0.04602272151642516 0
4346 -0.2435355950766073 -0.3445895223495216 0
4347 -0.2385723048455742 -0.3998998288015773 0
4348 -0.1781644298432293 -0.4447537273806215 0
4349 -0.1227198450719175 -0.4342973195076099 0
4350 -0.1831277200742623 -0.3894434209285658 0
4351 0.8421257006802594 0.04122240534991186 0
4352 0.08101495477227016 0.1190928731370199 0
4353 0.07218065800616508 0.1289662716531675 0
4354 0.06049218037035714 0.1218024935908949 0
4355 0.05763799950065429 0.1047653170124747 0
4356 0.06647229626675938 0.09489191849632714 0
4357 0.07816077390256732 0.1020556965585998 0
4358 0.06932647713646228 0.1119290950747473 0
4359 0.009424253295549301 -0.06390013990383527 0
4360 -0.003217980088476791 -0.05963763799836869 0
4361 -0.01849856875091899 -0.06792407172410236 0
4362 -0.02113692402933504 -0.08047300735530262 0
4363 -0.00585633536689284 -0.07218657362956894 0
4364 0.4621072882399008 -0.1362388090100882 0
4365 0.4746737632300772 -0.1376462541614687 0
4366 0.467619698872589 -0.1276655380668187 0
4367 0.7473994078591158 -0.0838972838046412 0
4368 0.746428580723529 -0.07615441590950572 0
4369 0.7387383501576857 -0.06958692007834719 0
4370 0.7320189467274294 -0.07076229214232413 0
4371 0.7329897738630161 -0.07850516003745961 0
4372 0.7406800044288594 -0.08507265586861815 0
4373 0.7397091772932726 -0.07732978797348265 0
4374 0.7303302940663923 -0.09746046168519333 0
4375 0.7393502645305474 -0.094550306692485 0
4376 0.7316600339647041 -0.08798281086132646 0
4377 0.6794391938701014 0.1881074731478975 0
4378 0.6577485062244032 0.1858705069072936 0
4379 0.6692787142748667 0.174996651755024 0
4380 0.6166232897080148 -0.04664023550565172 0
4381 0.61833436293619 -0.04974598977852423 0
4382 0.6216348192674028 -0.04946125826714302 0
4383 0.6232242023704404 -0.04607077248288932 0
4384 0.6199238449852794 -0.04635665093755105 0
4385 -0.2154251185918909 -0.2545441655163123 0
4386 -0.1823513518761412 -0.2198091151351588 0
4387 -0.2207247332278282 -0.200713878280279 0
4388 0.8459113578739408 0.06851794072664737 0
4389 0.853826733712731 0.06250754906417742 0
4390 0.859726086035776 0.08575011930997886 0
4391 0.8488610340354633 0.08013922584954808 0
4392 0.8567764098742535 0.07412883418707814 0
4393 0.5635732250368732 -0.07912250993512591 0
4394 0.5633042999717454 -0.08646422097053863 0
4395 0.5703951205088541 -0.08264290349553112 0
4396 2.907585622488855 1.58797090466702 0
4397 0.8918067918917546 0.1426543377034154 0
4398 0.909671235371643 0.1494567175650512 0
4399 0.9076390885093508 0.1768082180772562 0
4400 0.8877424981671702 0.1973573387278255 0
4401 0.8897746450294624 0.1700058382156205 0
4402 -0.1083885443093687 0.1775264019120097 0
4403 -0.1054848726956492 0.2050456612821746 0
4404 -0.143851763814631 0.2216625945685916 0
4405 -0.1851223265473323 0.2107602684848437 0
4406 -0.1467554354283504 0.1941433351984267 0
4407 0.7340180079660575 0.07450666368447389 0
4408 0.7394776923951923 0.0700640790992596 0
4409 0.7413130654825375 0.08135485104985003 0
4410 0.4497846097874465 0.07870513687108829 0
4411 0.4436825695454246 0.07711304705720556 0
4412 0.4510460783341966 0.0709295061052887 0
4413 0.4534663641818325 0.07561336639512987 0
4414 0.4473643239398106 0.07402127658124713 0
4415 0.6485709997865868 0.07002876326154238 0
4416 0.653300410417711 0.06531053764577611 0
4417 0.6586693604097072 0.07939901335400501 0
4418 0.6512554747825849 0.07707300111565682 0
4419 0.6559848854137091 0.07235477549989057 0
4420 0.6428413810448184 0.1068016292073288 0
4421 0.6424344547347238 0.1177142973051042 0
4422 0.6315262428258563 0.1208085862956174 0
4423 0.6210249572270834 0.1129902071883551 0
4424 0.6319331691359509 0.109895918197842 0
4425 0.9129139946420027 0.02610732193368245 0
4426 0.9143210647417168 0.02243235933075235 0
4427 0.9196333276280708 0.01983092629711217 0
4428 0.9235385204147106 0.02090445586640209 0
4429 0.9221314503149964 0.0245794184693322 0
4430 0.9168191874286427 0.02718085150297237 0
4431 0.9182262575283566 0.02350588890004227 0
4432 0.8691242120217517 -0.2680921328305945 0
4433 0.8660325263808164 -0.3007134950349169 0
4434 0.9037793835172242 -0.2807924631027899 0
4435 -0.3198267743608397 -1.03495079387917 0
4436 -0.1994099282258275 -1.068355823006283 0
4437 -0.2415478748254388 -0.9731597312481763 0
4438 0.7942443137765702 0.06095941160030016 0
4439 0.8032445998245709 0.06022234422087536 0
4440 0.8120188703288687 0.06955780573409233 0
4441 0.8117928547851658 0.07963033462673411 0
4442 0.8027925687371652 0.08036740200615891 0
4443 0.7940182982328674 0.07103194049294194 0
4444 0.8030185842808681 0.07029487311351712 0
4445 -0.9218927636099057 -2.02384549461829 0
4446 -1.063777679360845 -1.853979405277013 0
4447 -1.197363837372409 -2.033458850961873 0
4448 0.7808604816665994 0.08482137634027921 0
4449 0.7830522546975844 0.0732589276600021 0
4450 0.7918265252018823 0.08259438917321905 0
4451 0.3608670095965097 0.08770629164850988 0
4452 0.3539411061589883 0.08766065441308328 0
4453 0.3501056676513704 0.08335738681809175 0
4454 0.353196132581274 0.07909975645852682 0
4455 0.3570315710888919 0.08340302405351835 0
4456 0.175685689336566 0.406266764213815 0
4457 0.1778963397773574 0.4603779099549327 0
4458 0.1361000081258726 0.4102666735999396 0
4459 0.0961222065643727 -0.05869968606907982 0
4460 0.1001282716361926 -0.05753520894008038 0
4461 0.1025114826599683 -0.05306004030326682 0
4462 0.1008886286119242 -0.0497493487954527 0
4463 0.09850541758814846 -0.05422451743226625 0
4464 0.498951015427513 -0.1362348799412151 0
4465 0.5106617926347725 -0.133416060569581 0
4466 0.502932761666891 -0.1248327894096511 0
4467 0.7663686438875142 0.05263288616414884 0
4468 0.7698930854479538 0.04972130022380387 0
4469 0.7773596939151186 0.05177196918221427 0
4470 0.7813018608218441 0.05673422408096961 0
4471 0.7777774192614046 0.05964581002131458 0
4472 0.7703108107942398 0.05759514106290419 0
4473 0.7738352523546791 0.05468355512255924 0
4474 0.1302287879138724 0.09972262846202451 0
4475 0.1298020741505693 0.08802884414683436 0
4476 0.1369720506556544 0.08027841669080828 0
4477 0.1445687409240426 0.08422177354997235 0
4478 0.1449954546873456 0.0959155578651625 0
4479 0.1378254781822606 0.1036659853211886 0
4480 0.1373987644189575 0.09197220100599843 0
4481 0.6221235227945997 0.05584460536978708 0
4482 0.6249559801919058 0.05986425354235003 0
4483 0.6212710086325911 0.06404147265225493 0
4484 0.6147535796759703 0.06419904358959691 0
4485 0.618438551235285 0.060021824479692 0
4486 1.61397330598664 -2.892390215463444 0
4487 1.477180140854726 -3.067276362032791 0
4488 1.673678034123419 -3.345288630271255 0
4489 2.006969092524025 -3.448414751940372 0
4490 1.810471199255332 -3.170402483701908 0
4491 0.1778180129674898 2.926772916504488 0
4492 0.421948183503616 -0.1493516849356819 0
4493 0.4357444983766702 -0.1420915243971948 0
4494 0.4160686822233914 -0.1316444649323334 0
4495 0.4121102754269765 -0.1441281552032512 0
4496 0.4259065903000308 -0.1368679946647641 0
4497 0.2008773300851541 0.09263364071465829 0
4498 0.2064928012851537 0.08650939590479712 0
4499 0.212878582619532 0.09540392369636851 0
4500 0.3950743639094573 -0.1328156604975529 0
4501 0.4016131162700095 -0.144713752985861 0
4502 0.4095299298628391 -0.1197463724440253 0
4503 0.3990327707058721 -0.1203319702266351 0
4504 0.4055715230664243 -0.1322300627149431 0
4505 0.08468868772413662 -0.1303745632244072 0
4506 0.1000427095324203 -0.1236448645863143 0
4507 0.08758653718438675 -0.1168530226059824 0
4508 0.6981232998615833 0.120206426503748 0
4509 0.6942996439100562 0.1079476971823418 0
4510 0.6992212875253863 0.09763496795465992 0
4511 0.7079665870922436 0.0995809680483843 0
4512 0.7030449434769134 0.1098936972760662 0
4513 -0.09505969134642628 -0.07049198782276175 0
4514 -0.118419172794968 -0.0816365959465595 0
4515 -0.1186427354697674 -0.1043831808676346 0
4516 -0.09550681669602507 -0.1159851576649119 0
4517 -0.09528325402122567 -0.0932385727438368 0
4518 0.5628563048231671 0.1289701812102609 0
4519 0.5734932079172435 0.1294330008028532 0
4520 0.5814458929318761 0.1452816915864899 0
4521 0.5787616748524324 0.1606675627775345 0
4522 0.568124771758356 0.1602047431849422 0
4523 0.5601720867437233 0.1443560524013054 0
4524 0.5708089898377997 0.1448188719938977 0
4525 0.2533951669282047 0.3926217313633704 0
4526 0.2134351029119897 0.3723886749180338 0
4527 0.1980262833061001 0.3413368122744228 0
4528 0.2225775277164254 0.3305180060761482 0
4529 0.2625375917326404 0.3507510625214846 0
4530 0.2779464113385301 0.3818029251650957 0
4531 0.2379863473223151 0.3615698687197592 0
4532 0.592525153284376 0.134744915827566 0
4533 0.6009201955574321 0.1395940112596866 0
4534 0.5982359774779884 0.1549798824507311 0
4535 0.5871567171254886 0.165516658209655 0
4536 0.5898409352049323 0.1501307870186105 0
4537 0.5334957710369919 -0.1281635155820752 0
4538 0.5446189722319518 -0.1257297899662035 0
4539 0.537137612889957 -0.117037003900352 0
4540 -2.365170277169064 0.8232065081481048 0
4541 -2.571209372595374 0.7905278035315718 0
4542 -2.485244405261783 0.5379114372265553 0
4543 -0.005833440026565662 -0.01007498651892234 0
4544 -0.007966741710866365 -0.005670816689960017 0
4545 -0.01217867270561251 -0.008356263503454827 0
4546 -0.01425730201605796 -0.01544588014591196 0
4547 -0.01004537102131181 -0.01276043333241715 0
4548 0.6017258180893136 0.1134131588525437 0
4549 0.5929279645503167 0.1216544896239946 0
4550 0.5817859667295693 0.1197044351259898 0
4551 0.5794418224478186 0.1095130498565343 0
4552 0.5882396759868156 0.1012717190850834 0
4553 0.599381673807563 0.1032217735830881 0
4554 0.5905838202685662 0.111463104354539 0
4555 0.8106833715410455 -0.0455204389124928 0
4556 0.8153730479034642 -0.04616608593898124 0
4557 0.8087116869724191 -0.03801422407849681 0
4558 0.8073526910755229 -0.04144450798225058 0
4559 0.8120423674379416 -0.04209015500873901 0
4560 -0.3537163263935081 0.4796994394060008 0
4561 -0.2957880428181778 0.4908307672898486 0
4562 -0.3291492330003324 0.5533105375103082 0
4563 -0.4204387067578175 0.60465897984692 0
4564 -0.3870775165756628 0.5421792096264605 0
4565 0.2062842204547247 -0.2604908485534054 0
4566 0.2029488629256788 -0.2901283760488169 0
4567 0.2282870951455035 -0.2807125625269252 0
4568 0.7883466495260887 0.05640012460715505 0
4569 0.791449271323608 0.05110377023458514 0
4570 0.8004495573716086 0.05036670285516033 0
4571 0.8063472216220902 0.05492598984830545 0
4572 0.7973469355740894 0.05566305722773024 0
4573 0.3430849310872938 0.07638951658685154 0
4574 0.3450500669043802 0.08200226688225412 0
4575 0.3401663472774019 0.08613286032686079 0
4576 0.333317491833337 0.0846507034760649 0
4577 0.3382012114603154 0.08052011003145822 0
4578 0.3735889635350719 -0.08309203405242022 0
4579 0.3746855301741154 -0.08938086949475989 0
4580 0.3784451921650236 -0.08411373195679069 0
4581 -1.133087091115026 -0.8693573440747121 0
4582 -1.178572612853292 -0.9922031590017536 0
4583 -1.065574839718564 -1.02565675114941 0
4584 -0.9070915448455705 -0.9362645283700254 0
4585 -0.8616060231073046 -0.8134187134429839 0
4586 -0.9746037962420326 -0.7799651212953272 0
4587 -1.020089317980298 -0.9028109362223685 0
4588 0.5652197703420309 -0.1203910735850117 0
4589 0.5746973672571501 -0.1174860828196915 0
4590 0.5676508375019329 -0.1105610294702181 0
4591 0.911872212354413 -0.04254153217738786 0
4592 0.9105006225684527 -0.03677440139611153 0
4593 0.9040032149517081 -0.03256121936726905 0
4594 0.8988773971209241 -0.03411516811970291 0
4595 0.9002489869068844 -0.03988229890097924 0
4596 0.9067463945236289 -0.04409548092982171 0
4597 0.9053748047376684 -0.03832835014854538 0
4598 0.8910137801789821 0.03881335366612972 0
4599 0.8875187669523285 0.04340249257060977 0
4600 0.8859402103542378 0.03724854795069092 0
4601 0.1606585083323127 -0.214294760469337 0
4602 0.1851390431580416 -0.2225740407636654 0
4603 0.2020188838134019 -0.208113740759367 0
4604 0.1944181896430333 -0.1853741604607402 0
4605 0.177538348987673 -0.1998344604650385 0
4606 0.558408467757773 0.1757037477023481 0
4607 0.5407394787425572 0.1753540614361171 0
4608 0.5327867937279246 0.1595053706524804 0
4609 0.5425030977285076 0.1440063661350745 0
4610 0.5504557827431402 0.1598550569187113 0
4611 0.7780494113281129 0.122998592297761 0
4612 0.7783590599818637 0.1096912086591587 0
4613 0.7918981778298166 0.1244540631281218 0
4614 0.676355200713578 0.1078850914457995 0
4615 0.6834155943360535 0.1017870296533675 0
4616 0.6910629062391078 0.12630448829618 0
4617 0.6801788566651052 0.1201438207672058 0
4618 0.6872392502875807 0.1140457589747738 0
4619 0.60208915421419 0.04791041161238083 0
4620 0.6005325562221596 0.05133358449241998 0
4621 0.5972197782498496 0.05160794774656357 0
4622 0.59546359826957 0.04845913812066802 0
4623 0.5987764764688903 0.04818598506382006 0
4624 0.0251837333737589 -0.167545881982631 0
4625 0.0452395577849653 -0.182756456058194 0
4626 0.06664181010273212 -0.1776794407100047 0
4627 0.06798823800929255 -0.1573918512862524 0
4628 0.04658598569152572 -0.1624688666344417 0
4629 -0.6222141505170078 1.432302643983605 0
4630 -0.7595186177377109 1.32653035560227 0
4631 -0.7781998795448111 1.164474697714037 0
4632 -0.6595766741312086 1.108191328207138 0
4633 -0.5222722069105055 1.213963616588473 0
4634 -0.5035909451034053 1.376019274476706 0
4635 -0.640895412324108 1.270246986095371 0
4636 0.6160643646434661 0.1811068384339861 0
4637 0.5960709107082274 0.1785801362012825 0
4638 0.6071501710607273 0.1680433604423586 0
4639 1.302917864439416 -1.010346460159752 0
4640 1.245486917732882 -0.9271514481692414 0
4641 1.191133335284738 -1.058024211625151 0
4642 0.7715922552094689 0.07073318053248787 0
4643 0.7784181414690192 0.06621482975610642 0
4644 0.7740345954070491 0.08933972711666066 0
4645 0.769400482178484 0.08229562921276498 0
4646 0.7762263684380342 0.07777727843638353 0
4647 1.25634189063288 -0.05573461001704516 0
4648 0.5203012046800908 0.1620836198759083 0
4649 0.5175319196328401 0.1491628645819303 0
4650 0.5272482236334231 0.1336638600645244 0
4651 0.5397338126812569 0.1310856108410965 0
4652 0.5300175086806738 0.1465846153585024 0
4653 -1.07810362330539 -1.173524213685566 0
4654 -0.9321491120192216 -1.231999453442336 0
4655 -0.7736658171462278 -1.142607230662951 0
4656 -0.7611370335594023 -0.9947397681267961 0
4657 -0.9196203284323961 -1.08413199090618 0
4658 0.6780118620366744 0.06437616695365786 0
4659 0.6811879961703904 0.0685836548793524 0
4660 0.6782705022150142 0.07576910373414902 0
4661 0.6721768741259218 0.07874706466325111 0
4662 0.6750943680812982 0.07156161580845448 0
4663 0.7143637586481657 -0.2154776059797028 0
4664 0.701949129142349 -0.2034356481313837 0
4665 0.6772550865013113 -0.20394700443227 0
4666 0.6649756733660903 -0.2165003185814754 0
4667 0.677390302871907 -0.2285422764297945 0
4668 0.7020843455129447 -0.2280309201289082 0
4669 0.689669716007128 -0.215988962280589 0
4670 0.7126262250550419 0.09156543261564534 0
4671 0.7085405634509832 0.08160389708918199 0
4672 0.7165750373476492 0.08403952599150517 0
4673 0.2635980951965485 0.07512113591722937 0
4674 0.2671159993757966 0.0719501074543147 0
4675 0.2737394740116985 0.07295159643878273 0
4676 0.2768450444683522 0.07712411388616545 0
4677 0.2702215698324504 0.0761226249016974 0
4678 0.9235534096440827 0.03734126413012242 0
4679 0.9175301670931857 0.03356177433336749 0
4680 0.9281546928658936 0.02835890826608713 0
4681 0.9288656725304367 0.03473983109648224 0
4682 0.9228424299795397 0.03096034129972731 0
4683 0.3624526536871867 -0.261400041597129 0
4684 0.3858560552211734 -0.2755971650610526 0
4685 0.4067470135172095 -0.2616148011402455 0
4686 0.404234570279259 -0.2334353137555147 0
4687 0.3833436119832229 -0.2474176776763218 0
4688 -0.7353716752464652 -0.6137993704487518 0
4689 -0.741989962609521 -0.7303358380196961 0
4690 -0.6474097643044334 -0.7824408995550406 0
4691 -0.5462112786362898 -0.7180094935194407 0
4692 -0.6407914769413776 -0.6659044319840962 0
4693 -0.03006221472545784 -0.4697447412259236 0
4694 0.007150830849690037 -0.5156485708172489 0
4695 0.06985150519447503 -0.5218298395277364 0
4696 0.09533913396411203 -0.4821072786468987 0
4697 0.03263845961932715 -0.4759260099364112 0
4698 0.1977032996779112 -0.08757251290097333 0
4699 0.2035154984131491 -0.08330254271695457 0
4700 0.204943515572088 -0.07838393756965796 0
4701 0.200559333995789 -0.07773530260638009 0
4702 0.1947471352605512 -0.08200527279039883 0
4703 0.1933191181016122 -0.08692387793769546 0
4704 0.1991313168368502 -0.0826539077536767 0
4705 0.9058408808300711 0.03126292794495826 0
4706 0.9001748371178535 0.03274357135330396 0
4707 0.8955897422118887 0.03032521257798085 0
4708 0.8966706910181415 0.02642621039431202 0
4709 0.9012557859241064 0.02884456916963514 0
4710 0.7262700041437349 -0.4717508251186473 0
4711 0.7636560201898932 -0.06724527733600619 0
4712 0.766081488999633 -0.07370125376135842 0
4713 0.7749792061147405 -0.07697343244821117 0
4714 0.7814514544201081 -0.0737896347097117 0
4715 0.7725537373050007 -0.07051745602285896 0
4716 -1.983886634765296 1.367469547496903 0
4717 -2.071508908254025 1.11167738013077 0
4718 -1.828003827716987 1.157743660305033 0
4719 0.05608670540060584 0.05533425935267702 0
4720 0.05813072181534756 0.051277100594841 0
4721 0.06328499978666746 0.04905638227015446 0
4722 0.06639526134324553 0.05089282270330393 0
4723 0.0643512449285038 0.05494998146113995 0
4724 0.05919696695718391 0.0571706997858265 0
4725 0.06124098337192574 0.05311354102799047 0
4726 0.1917525189409035 -0.2432378300347041 0
4727 0.1738854598980366 -0.2556223390114144 0
4728 0.1884171614118577 -0.2728753575301157 0
4729 -0.0245371263756749 -0.04669771734897223 0
4730 -0.03321403927884709 -0.03802029860504235 0
4731 -0.05182737142064092 -0.03934437980706298 0
4732 -0.06176379065926269 -0.04934587975301349 0
4733 -0.05308687775609061 -0.05802329849694336 0
4734 -0.03447354561429666 -0.05669921729492273 0
4735 -0.04315045851746885 -0.04802179855099285 0
4736 0.2154057445925256 0.07627405367152801 0
4737 0.218703216699898 0.07216295624812007 0
4738 0.223114208643001 0.07603072226572102 0
4739 0.9158976976119586 -0.0377970346087582 0
4740 1.024354758048338 -0.2939940790062917 0
4741 1.072528103947572 -0.314416396569725 0
4742 1.103130043761217 -0.2958290278579659 0
4743 1.085558637675629 -0.2568193415827734 0
4744 1.037385291776396 -0.23639702401934 0
4745 1.00678335196275 -0.2549843927310992 0
4746 1.054956697861984 -0.2754067102945325 0
4747 0.9816381782880488 -0.2401498770474558 0
4748 0.987094944426993 -0.2067279926520534 0
4749 0.9644766581762969 -0.2131081910582182 0
4750 0.2513088916894953 -0.08062891826624462 0
4751 0.2466958102300543 -0.07933761204859061 0
4752 0.2469642888035133 -0.09396448022035023 0
4753 0.2514431309762249 -0.08794235235212441 0
4754 0.2468300495167838 -0.08665104613447042 0
4755 1.988891315086143 0.8009979320633192 0
4756 1.845701452122201 0.8909576068123446 0
4757 1.863570222464178 0.7605076069159294 0
4758 0.7551324571787762 -0.04930282378299804 0
4759 0.7594737603745441 -0.04849654419752298 0
4760 0.7622966848411701 -0.04456170917494326 0
4761 0.760778306112028 -0.0414331537378386 0
4762 0.7579553816454021 -0.04536798876041832 0
4763 0.9795350604320847 -0.02364777008489438 0
4764 0.9854262929543816 -0.02291775977922705 0
4765 0.9755937623212932 -0.01611139671654261 0
4766 0.9746187951155405 -0.02024458855355216 0
4767 0.9805100276378375 -0.01951457824788483 0
4768 0.7407776554486555 -0.140358930893989 0
4769 0.7357478323869531 -0.1547175719273341 0
4770 0.7465042749106912 -0.1638845637270731 0
4771 0.7622905404961318 -0.1586929144934668 0
4772 0.7673203635578341 -0.1443342734601216 0
4773 0.756563921034096 -0.1351672816603827 0
4774 0.7515340979723937 -0.1495259226937279 0
4775 -0.4346113067215027 1.089894013414924 0
4776 -0.3282691447253994 1.12788006812961 0
4777 -0.3095878829182991 1.289935726017843 0
4778 -0.397248783107302 1.414005329191392 0
4779 -0.4159300449144023 1.251949671303158 0
4780 0.05117631778267678 -0.0695295667980214 0
4781 0.04800106869049886 -0.06272287573893834 0
4782 0.03723937529207244 -0.05999833705633748 0
4783 0.02965293098582394 -0.06408048943281967 0
4784 0.03282818007800181 -0.07088718049190272 0
4785 0.04358987347642823 -0.07361171917450358 0
4786 0.04041462438425042 -0.06680502811542052 0
4787 -0.8414566825674688 1.462287844268569 0
4788 0.4225931197925452 -0.1101918992823786 0
4789 0.4251591505652842 -0.1012230239033417 0
4790 0.4195857916518106 -0.09266773605730524 0
4791 0.411446401965598 -0.09308132359030576 0
4792 0.408880371192859 -0.1020501989693427 0
4793 0.4144537301063326 -0.1106054868153791 0
4794 0.4170197608790717 -0.1016366114363422 0
4795 0.5290707651739597 0.07624322457272452 0
4796 0.5338737462448294 0.07374358843564134 0
4797 0.54199054645163 0.07632399739809947 0
4798 0.5453043655875609 0.08140404249764076 0
4799 0.5405013845166912 0.08390367863472394 0
4800 0.5323845843098904 0.0813232696722658 0
4801 0.5371875653807603 0.07882363353518262 0
4802 0.05970652018806205 0.08109619477648829 0
4803 0.06462922174517266 0.07446424911892205 0
4804 0.07437972592431924 0.07179785621438403 0
4805 0.07920752854635521 0.07576340896741227 0
4806 0.0742848269892446 0.08239535462497852 0
4807 0.06453432281009802 0.08506174752951652 0
4808 0.06945702436720874 0.07842980187195028 0
4809 0.7732060536370218 -0.08840588754764832 0
4810 0.7779051494646708 -0.09665454490858598 0
4811 0.7796783019423895 -0.08522208980914885 0
4812 -0.3014257666453836 -0.4020959301422596 0
4813 0.3668796802017185 0.1052372982339293 0
4814 0.3764526591656876 0.1050868633862278 0
4815 0.3724905159991098 0.1293450950828825 0
4816 0.3648986086184296 0.1173664140822566 0
4817 0.3744715875823987 0.1172159792345552 0
4818 0.2675885874192024 0.1578817889544493 0
4819 0.2519898343914427 0.1496058280205254 0
4820 0.2644247387136233 0.1416459817161334 0
4821 0.3233568704050238 -0.08152023828516751 0
4822 0.3281682808222289 -0.07952773726176197 0
4823 0.3298208390200673 -0.07504198605357935 0
4824 0.3266619868007006 -0.07254873586880227 0
4825 0.3250094286028622 -0.07703448707698489 0
4826 0.1150793435422691 0.08246062800921648 0
4827 0.1222273519647676 0.07939784392043034 0
4828 0.1226540657280707 0.09109162823562049 0
4829 0.6528405155060717 0.06003116457005778 0
4830 0.6476512099633082 0.05947001711010571 0
4831 0.6447448408402303 0.05573844343507456 0
4832 0.6470277772599161 0.05256801721999547 0
4833 0.6499341463829938 0.05629959089502663 0
4834 1.089981876102409 0.3984460594933735 0
4835 1.123731060150094 0.4635577950375536 0
4836 1.050059680547079 0.4516168213032007 0
4837 1.280648218616056 -2.993260691090507 0
4838 1.2209094615093 -2.744358873578877 0
4839 1.048306835941843 -2.927757852771418 0
4840 0.6232341999977825 0.07489117664169742 0
4841 0.6255113187934972 0.0693875391783052 0
4842 0.6331394881112955 0.06750493076904486 0
4843 0.638490538633379 0.07112595982317675 0
4844 0.6308623693155808 0.07300856823243708 0
4845 0.5999560768796515 0.07525236717356039 0
4846 0.6040961137995005 0.06980449085024963 0
4847 0.6124764608802555 0.06970268105298913 0
4848 0.6167167710411616 0.0750487475790394 0
4849 0.6125767341213126 0.08049662390235016 0
4850 0.6041963870405576 0.08059843369961064 0
4851 0.6083364239604065 0.0751505573762999 0
4852 0.438510275358088 -0.05898062568872989 0
4853 0.4405647070824815 -0.06216976797390528 0
4854 0.4438732801683527 -0.0620041655728976 0
4855 0.4451274215298304 -0.05864942088671456 0
4856 0.4418189443369179 -0.0588169392278434 0
4857 0.8259656571752008 -0.05804303903744838 0
4858 0.8180637113422042 -0.05918948087515731 0
4859 0.8222407123874634 -0.06780698422267721 0
4860 0.7356128112388294 -0.128040557884689 0
4861 0.7254181439673009 -0.1300808259087343 0
4862 0.7203883209055985 -0.1444394669420795 0
4863 0.7255531651154246 -0.1567578399513794 0
4864 0.730582988177127 -0.1423991989180342 0
4865 3.486775444765849 -0.5164469197583234 0
4866 3.254132522155987 -0.5721030967543529 0
4867 3.392176765828189 -0.7633424524198337 0
4868 1.820163659764694 -0.3324740242976004 0
4869 1.838677027514585 -0.2106028663238925 0
4870 1.755447214131117 -0.2716674817018306 0
4871 0.0167871012167265 -0.06032442106505041 0
4872 0.01150771575387766 -0.05248620032079895 0
4873 -0.001134517630148435 -0.04822369841533236 0
4874 -0.008497365551325686 -0.05179941725411723 0
4875 0.004144867832700461 -0.05606191915958382 0
4876 0.02463255514095286 -0.06163708441000108 0
4877 0.02719862360233039 -0.05511152701070032 0
4878 0.01935316967810402 -0.05379886366574962 0
4879 -0.3053634679407712 0.7524090276087793 0
4880 -0.4085458242280369 0.7042082248961555 0
4881 -0.3172563504705516 0.6528597825595437 0
4882 1.067466653388696 0.03659675215731255 0
4883 1.068958891299091 0.06083656905446349 0
4884 1.054551877889619 0.05179284660731685 0
4885 0.1110085445378932 -0.05820013089488894 0
4886 0.1075714406229528 -0.05728543135298494 0
4887 0.1046780554531175 -0.06038877926418466 0
4888 0.1052217741982225 -0.06440682671728838 0
4889 0.1081151593680579 -0.06130347880608866 0
4890 0.1210368317339103 -0.1073426345639774 0
4891 0.1266769321271166 -0.09777010317973335 0
4892 0.1246876241364264 -0.08830188042997095 0
4893 0.1170582157525298 -0.08840618906445258 0
4894 0.1190475237432201 -0.09787441181421498 0
4895 0.8647666363668274 -0.06660171133473354 0
4896 0.8698546195861714 -0.05869337062294094 0
4897 0.8629336627728663 -0.05794264120689994 0
4898 -0.2719801827997315 0.1793696520459425 0
4899 -0.3175674763194294 0.1588813616907892 0
4900 -0.313157467960193 0.1133736892124048 0
4901 -0.2631601660812585 0.08835430708917383 0
4902 -0.2675701744404951 0.1338619795675582 0
4903 -0.01798274143283457 -0.5783411366144233 0
4904 -0.08032935929050705 -0.5951298728202726 0
4905 -0.07815590127911093 -0.661664920189751 0
4906 -0.01363582541004232 -0.71141123135338 0
4907 0.04871079244763021 -0.6946224951475308 0
4908 0.04653733443623409 -0.6280874477780525 0
4909 -0.01580928342143834 -0.6448761839839018 0
4910 -0.01504701434216521 0.9477984212024184 0
4911 -0.1086140629978353 0.8742041257619108 0
4912 -0.003160477985455767 0.8491881377951883 0
4913 0.9677922712223984 0.01965159884714391 0
4914 0.9632600515170205 0.02373904788953335 0
4915 0.9585097045114825 0.02366102147179261 0
4916 0.9582915772113222 0.01949554601166245 0
4917 0.9630419242168602 0.01957357242940318 0
4918 0.6859517154242497 -0.0686811446225573 0
4919 0.991083503658777 0.01680703381672539 0
4920 0.9957888841419822 0.02298016518682188 0
4921 0.9928002926333145 0.03005054539528473 0
4922 0.9851063206414418 0.03094779423365109 0
4923 0.9880949121501094 0.02387741402518824 0
4924 0.04294026648113641 0.05502554165065496 0
4925 0.04849147773350021 0.057208479880584 0
4926 0.04524968326020762 0.06226063151290247 0
4927 0.03645667753455123 0.0651298449152919 0
4928 0.03969847200784382 0.06007769328297342 0
4929 -2.95285242933991 1.552733050472099 0
4930 -2.736859652658005 1.511861741559238 0
4931 -2.783046151194193 1.874451454869522 0
4932 0.1477137537532001 -0.491145104800238 0
4933 0.174600744772651 -0.5399054918344152 0
4934 0.2280741484525418 -0.5320444901509886 0
4935 0.2546605611129815 -0.4754231014333852 0
4936 0.2277735700935306 -0.4266627143992081 0
4937 0.1743001664136398 -0.4345237160826345 0
4938 0.2011871574330907 -0.4832841031168116 0
4939 -0.01617735870850329 -0.03348204322321342 0
4940 -0.01601878609050306 -0.04442858965805776 0
4941 -0.008655938169325805 -0.04085287081927289 0
4942 -0.1613762810592277 1.778178051822151 0
4943 -0.3231429821777663 1.658126492093546 0
4944 -0.3099766836283931 1.497831680307283 0
4945 -0.1350436839604811 1.457588428249626 0
4946 0.02672301715805753 1.577639987978232 0
4947 0.01355671860868418 1.737934799764495 0
4948 -0.1482099825098543 1.617883240035888 0
4949 1.056309507049434 -0.6284507803948168 0
4950 1.136287375027551 -0.5929091383511883 0
4951 1.063938793652313 -0.5516329229257284 0
4952 0.5711490636354928 0.1192416155333976 0
4953 0.8597351704300551 0.02842373485991337 0
4954 0.8634113514981021 0.02750092617136294 0
4955 0.8670786306341414 0.03073834239397097 0
4956 0.8670697287021336 0.03489856730512943 0
4957 0.8634024495660944 0.03166115108252139 0
4958 1.000694416178745 -0.1006388497556958 0
4959 1.011917969281884 -0.09067205727632238 0
4960 0.9834844855594509 -0.07973368188195956 0
4961 0.9864776743175286 -0.0951696620585144 0
4962 0.9977012274206676 -0.08520286957914097 0
4963 1.145760735857781 -0.16315514054562 0
4964 1.160188136358278 -0.1979376768137866 0
4965 1.209508243519575 -0.2025861837133834 0
4966 1.244400950180375 -0.1724521543448137 0
4967 1.195080843019078 -0.1678036474452168 0
4968 1.002718613095665 -0.002882407296373401 0
4969 1.005437226191329 -0.005764814592746801 0
4970 1.01178224715265 -0.006326091789794972 0
4971 1.015408655018306 -0.004004961690469742 0
4972 1.009063634056985 -0.003443684493421572 0
4973 1.076426214320328 0.2391758939498112 0
4974 1.066329453187526 0.2862551089495023 0
4975 1.029598740864154 0.298298430009149 0
4976 1.002964789673584 0.2632625360691045 0
4977 1.039695501996956 0.2512192150094578 0
4978 0.642921799332184 0.06418824272587198 0
4979 0.6433816942438233 0.0694676158015903 0
4980 0.6380306437217398 0.06584658674745841 0
4981 1.792825478345677 -1.858084029557937 0
4982 1.950247858755458 -1.694861013811497 0
4983 1.739000897616686 -1.671148693570581 0
4984 0.8375878817730527 0.8738941287524988 0
4985 0.782267536547105 0.9715824457810183 0
4986 0.7345483198048648 0.9033083764567967 0
4987 3.129945057956082 0.1642641680079373 0
4988 3.115195904991274 0.3453048925688881 0
4989 2.917049948858163 0.464010974911904 0
4990 2.73365314568986 0.401676332693969 0
4991 2.931799101822971 0.282970250350953 0
4992 0.4320871155467919 0.06895239368369134 0
4993 0.4348338224250973 0.07223667546350708 0
4994 0.4317254691730154 0.07619425280358692 0
4995 0.425870409042628 0.07686754836385103 0
4996 0.42897876229471 0.07290997102377118 0
4997 0.4233464441952133 -0.08847729165004978 0
4998 0.4189677070524034 -0.08470043477579482 0
4999 0.4108283173661909 -0.08511402230879532 0
5000 0.4070676648227882 -0.08930446671605079 0
5001 0.4152070545090008 -0.08889087918305026 0
5002 0.7531408216617523 -0.07232677540515038 0
5003 0.7608238897355626 -0.07624200279593051 0
5004 0.7559729521160832 -0.06333004994522605 0
5005 0.7507153528520126 -0.06587079897979815 0
5006 0.7583984209258228 -0.06978602637057828 0
5007 3.921902833553402 -1.4617943570427 0
5008 0.5325017917226837 0.06505601553699004 0
5009 0.5355892595191915 0.06814998391777412 0
5010 0.5307862784483217 0.0706496200548573 0
5011 -0.8775146566411824 -3.472711993545311 0
5012 -0.9155108645984531 -3.176380298615328 0
5013 -1.21007105140744 -3.325256413366763 0
5014 0.1621626403677237 0.06623867315791133 0
5015 0.1634989483478835 0.06970868710600768 0
5016 0.1598187862333993 0.07244650008660466 0
5017 0.1548023161387554 0.0717142991191053 0
5018 0.1584824782532396 0.06897648613850831 0
5019 -1.513946353669626 0.1817575888906649 0
5020 0.1453932171260235 -0.0986183397137434 0
5021 0.1388551248231732 -0.09340795575461636 0
5022 0.1275749240367605 -0.1125530185231044 0
5023 0.1397531167328172 -0.1081908710979874 0
5024 0.1332150244299669 -0.1029804871388604 0
5025 2.407547964520415 2.490682211116763 0
5026 2.259841419711327 2.321614908236779 0
5027 2.526373011524742 2.294450714109772 0
5028 0.6056211277388078 0.09701463321968562 0
5029 0.6007185838493051 0.08885743835827839 0
5030 0.6090989309300602 0.08875562856101789 0
5031 0.2052241228990558 -0.07120444392613824 0
5032 0.2072759100237214 -0.07511850822953704 0
5033 0.2094049391170398 -0.0664473105515194 0
5034 0.2062886374457151 -0.06686884508712942 0
5035 0.2083404245703806 -0.07078290939052821 0
5036 0.09517940997398239 0.05281112290512324 0
5037 0.09766305405558989 0.0542004715242985 0
5038 0.0952285503669269 0.05692112473075501 0
5039 0.09031040259665646 0.05825242931803626 0
5040 0.0927449062853194 0.05553177611157975 0
5041 0.103509897134085 -0.0845074062363925 0
5042 0.09759098689953688 -0.08050431477385081 0
5043 0.08712412254219365 -0.08318069554328128 0
5044 0.08257616841939858 -0.08986016777525346 0
5045 0.09304303277674181 -0.08718378700582298 0
5046 0.4672517286093122 -0.3980700050343673 0
5047 0.5110857772281926 -0.3928960016209687 0
5048 0.4851223542896898 -0.3692448242402635 0
5049 -0.09669124364914244 -0.2421345432609328 0
5050 -0.1229844144047671 -0.2136043040074691 0
5051 -0.1560581811205167 -0.2483393543886226 0
5052 1.322209905451733 0.2075336150767609 0
5053 1.268399221376192 0.2455613705514837 0
5054 1.260133063635853 0.1837596749754513 0
5055 -3.094063710281512 -1.026658814126468 0
5056 -2.907780714021728 1.036434185738346 0
5057 -3.038312960021771 1.315019272561653 0
5058 -3.157534531438961 0.9713288293797975 0
5059 0.9341958714890457 -0.8230451342559094 0
5060 0.9552637552801818 -0.7435187783471775 0
5061 0.8803521518405849 -0.7657584759596098 0
5062 0.93821195228627 0.03292875203280887 0
5063 0.9338943022406249 0.03702475297984311 0
5064 0.9331833225760817 0.030643830149448 0
5065 0.7437452132203808 -0.0444609982350475 0
5066 0.7472681836016946 -0.0472850508017603 0
5067 0.7462027908640527 -0.03984825100051733 0
5068 0.74321251685156 -0.04074259833442602 0
5069 0.7467354872328736 -0.04356665090113881 0
5070 -0.01414088321765 -0.1127930646266912 0
5071 -0.004506487127548697 -0.1325641862668796 0
5072 0.005032576732818983 -0.1163933194338551 0
5073 -1.166007188550775 3.32643931457102 0
5074 0.7617947168711493 -0.08398487069106599 0
5075 0.755082475932926 -0.08781251119542134 0
5076 0.759781571760575 -0.096061168556359 0
5077 0.7711929085264475 -0.1004821854129413 0
5078 0.7664938126987983 -0.09223352805200367 0
5079 -0.1346548832503872 1.249692473960187 0
5080 -0.04738278377147825 1.333518825076078 0
5081 -0.2223157834393901 1.373762077133735 0
5082 0.644066214668969 -0.05565478248545965 0
5083 0.6472036269186929 -0.05235873458880753 0
5084 0.6471048162419599 -0.04906232195931046 0
5085 0.6438685933155027 -0.0490619572264655 0
5086 0.6439674039922358 -0.05235836985596258 0
5087 1.753305678255499 3.330596169995079 0
5088 2.046782914590053 3.44106852180229 0
5089 1.712029660916901 3.583466425512142 0
5090 1.672215838850874 -3.590812655650227 0
5091 -0.2318495831603078 1.978296202294356 0
5092 -0.4640895863799266 2.058362793037955 0
5093 -0.3936162842788463 1.85824464256575 0
5094 -2.700567855944424 -1.999812232245479 0
5095 -1.652464484728819 -0.4249551464063958 0
5096 0.6123537189820419 -0.06885474853949225 0
5097 0.6149948498179787 -0.07432355164449232 0
5098 0.6179537028043558 -0.06925080756337711 0
5099 1.109017973803366 0.3167525913081978 0
5100 1.161803255552008 0.3001708586672022 0
5101 1.195552439599693 0.3652825942113822 0
5102 1.176516341898737 0.4469760623965578 0
5103 1.142767157851051 0.3818643268523778 0
5104 0.6997952638841258 0.0796578969954576 0
5105 0.6951356259213274 0.08767343242819657 0
5106 0.6884387020737215 0.08805635950897267 0
5107 0.6864014161889139 0.08042375115700981 0
5108 0.6910610541517124 0.07240821572427085 0
5109 0.6977579779993183 0.07202528864349474 0
5110 0.6930983400365198 0.08004082407623371 0
5111 0.222729071516869 0.1381127385661906 0
5112 0.209067061670055 0.1348956100457799 0
5113 0.2210205832250707 0.1266923610272069 0
5114 2.411924937059573 3.254277087071917 0
5115 2.483589723194538 2.957013300534332 0
5116 2.721305351375556 3.062911826213543 0
5117 0.7497767852751465 0.0397462913734991 0
5118 0.7511682424526731 0.03505315942822046 0
5119 0.7537536634963864 0.03860989699116829 0
5120 -0.6061502165546122 0.6007091375696388 0
5121 -0.7005722525939215 0.545410852955746 0
5122 -0.709309767687986 0.4339503613545405 0
5123 -0.6236252467427408 0.3777881543672279 0
5124 -0.6148877316486765 0.4892486459684334 0
5125 0.6214514432629046 -0.2599871563618547 0
5126 0.637073851746887 -0.2445203945462677 0
5127 0.638748003209799 -0.2174081741803643 0
5128 0.6247997461887285 -0.2057627156300479 0
5129 0.6231255947258165 -0.2328749359959513 0
5130 1.031139345754148 -0.06751564956692548 0
5131 1.039137169123274 -0.05432603433690202 0
5132 1.025802715037695 -0.05516318573052305 0
5133 0.09182009827417675 -0.07095553660689917 0
5134 0.09196811988336479 -0.06540984990248921 0
5135 0.08008126252920922 -0.07166191580236417 0
5136 0.08587666959709894 -0.07408156955683663 0
5137 0.08602469120628697 -0.06853588285242668 0
5138 1.541292794529887 0.4582312628729168 0
5139 1.492594745341939 0.5471824941515734 0
5140 1.411696597948649 0.5546456103932399 0
5141 1.379496499743306 0.47315749535625 0
5142 1.460394647136597 0.4656943791145834 0
5143 0.2250967562249286 -0.1433880958121319 0
5144 0.2295324115885085 -0.1568606861341052 0
5145 0.2421656584959453 -0.1568846793918579 0
5146 0.2503632500398022 -0.1434360823276372 0
5147 0.2459275946762223 -0.1299634920056639 0
5148 0.2332943477687855 -0.1299394987479112 0
5149 0.2377300031323655 -0.1434120890698846 0
5150 4.22617167979074 0.4671592648951831 0
5151 -0.2478452713965819 3.689438188614361 0
5152 0.2973250522091931 1.11380517912872 0
5153 0.1879225432613491 1.067598947885823 0
5154 0.2701775158340942 1.009020162055837 0
5155 0.3526958065494827 -0.08221237163636505 0
5156 0.3484775920276993 -0.08024108571981889 0
5157 0.3419804507702082 -0.08293470953033971 0
5158 0.3397015240345005 -0.08759961925740668 0
5159 0.3461986652919916 -0.08490599544688587 0
5160 -0.1137570842544867 0.1201989846325657 0
5161 -0.1162219525858854 0.09039082672328669 0
5162 -0.07205742398079368 0.1129912911752432 0
5163 -0.09167481995194088 0.131499216858544 0
5164 -0.09413968828333946 0.101691058949265 0
5165 0.06835516888368326 -0.05884585753899352 0
5166 0.07132051217250135 -0.0640440597934426 0
5167 0.07335380150154386 -0.05913381180584141 0
5168 0.4994585959659549 0.1645090435191137 0
5169 0.5112645428466482 0.1697567093445 0
5170 0.5053467748375806 0.1892319649969373 0
5171 0.4876230599478196 0.2034595548239883 0
5172 0.4935408279568873 0.183984299171551 0
5173 -0.0209546401104645 2.112729462371911 0
5174 -0.04229970028023994 2.327229313193064 0
5175 -0.2531946433300833 2.192796053115509 0
5176 1.248228366137001 1.453685114794961 0
5177 1.088403014656425 1.566263828455381 0
5178 0.9574500678910594 1.506690357012519 0
5179 0.9863224726062709 1.334538171909236 0
5180 1.146147824086848 1.221959458248816 0
5181 1.277100770852213 1.281532929691678 0
5182 1.117275419371636 1.394111643352099 0
5183 0.1658842858337323 -0.08553775518114722 0
5184 0.1606129268312552 -0.08182798192339259 0
5185 0.15420481502881 -0.08668838033471546 0
5186 0.1530680622288419 -0.09525855200379293 0
5187 0.1594761740312871 -0.09039815359247007 0
5188 0.8691200161785362 -0.09306959952861199 0
5189 0.2405691296919366 -0.1199631996140504 0
5190 -0.0005184265542361177 -0.008644089519408772 0
5191 -0.002109282448250649 -0.01156162293364672 0
5192 -0.0002667826808562812 -0.01428602362819514 0
5193 0.003166572980552562 -0.01409289090850561 0
5194 0.001071514703679 -0.01153635770485585 0
5195 0.03980544375344996 -0.05347277965703671 0
5196 0.03478506790857888 -0.05102937463421812 0
5197 0.03221899944720136 -0.0575549320335189 0
5198 0.4056518613112381 -0.07392270287629776 0
5199 0.40928050617827 -0.0710268588057304 0
5200 0.4093043357505873 -0.06727512383259358 0
5201 0.4056995204558727 -0.06641923293002411 0
5202 0.4020708755888409 -0.06931507700059147 0
5203 0.4020470460165236 -0.07306681197372829 0
5204 0.4056756908835554 -0.07017096790316092 0
5205 0.658471599809524 0.08644633743141991 0
5206 0.6508599535822185 0.09116764927048662 0
5207 0.6510577141824017 0.08412032519307172 0
5208 0.7844044826193632 0.0514378697083997 0
5209 0.7202806465254646 -0.04949478397273843 0
5210 0.7197796545490682 -0.0457166649092124 0
5211 0.7158469845765834 -0.04336182267843387 0
5212 0.712415306580495 -0.04478509951118137 0
5213 0.7163479765529799 -0.0471399417419599 0
5214 -0.02485427161167536 -0.02480462447928355 0
5215 -0.03337261189684732 -0.02707375217019801 0
5216 -0.02469569899367513 -0.03575117091412789 0
5217 1.554234548879884 -2.643488397951813 0
5218 1.357702626641214 -2.56947272700953 0
5219 1.41744138374797 -2.818374544521161 0
5220 0.270755483746871 -0.1328729463958076 0
5221 0.2829501259100829 -0.1357584075281987 0
5222 0.2800196946340263 -0.1255814824126986 0
5223 -1.308544848522206 -0.9707160932134795 0
5224 -1.393031562452853 -0.8263832124981639 0
5225 -1.535702418882465 -1.025195001621021 0
5226 0.03812210056964799 0.127631495557317 0
5227 0.05073423090485396 0.1332355828633161 0
5228 0.05680507090965187 0.1589638453065844 0
5229 0.05026378057924369 0.1790880204438538 0
5230 0.03765165024403772 0.1734839331378547 0
5231 0.03158081023923981 0.1477556706945863 0
5232 0.04419294057444595 0.1533597580005854 0
5233 0.5057259727521467 0.143915198756544 0
5234 0.4966893109187042 0.1515882882251357 0
5235 0.4980907401067843 0.1242931770057377 0
5236 0.5064266873461868 0.1302676431468451 0
5237 0.4973900255127442 0.1379407326154367 0
5238 -0.04054696586821288 0.1010678845067135 0
5239 -0.02865390372677917 0.1076524035214846 0
5240 -0.02250185493414586 0.1279290260128314 0
5241 -0.02824286828294614 0.1416211294894071 0
5242 -0.04013593042437974 0.1350366104746361 0
5243 -0.04628797921701316 0.1147599879832892 0
5244 -0.03439491707557946 0.1213445069980603 0
5245 1.207664361458705 -0.2685674642930783 0
5246 1.240713186058635 -0.3044147155042034 0
5247 1.275605892719436 -0.2742806861356337 0
5248 1.277449774780306 -0.2082994055559389 0
5249 1.242557068119505 -0.2384334349245085 0
5250 0.7115222384330329 0.03759240797093494 0
5251 0.7101656304675944 0.04075124117415839 0
5252 0.7068577655949789 0.0410795761737425 0
5253 0.7049065086878019 0.03824907797010316 0
5254 0.7082144730586438 0.03792174538482959 0
5255 0.7056456718293046 -0.03894800822119197 0
5256 0.7073146502068556 -0.04257819228256042 0
5257 0.7106111212464499 -0.04225052894395859 0
5258 0.7122386139084931 -0.03829268154398831 0
5259 0.7089422417426416 -0.0386213396091595 0
5260 0.1857546156416492 0.1244225666772848 0
5261 0.1761041794600576 0.1171666518292005 0
5262 0.1857068846622872 0.1134490346770016 0
5263 0.8597294745944614 0.02183281178663709 0
5264 0.8578942319782348 0.02558967766755044 0
5265 0.8545935786015414 0.02598396329089203 0
5266 0.8531281678410747 0.02262138303332027 0
5267 0.85642894131304 0.02222810275444373 0
5268 0.8544558166866063 -0.02155660393929383 0
5269 0.8567392602948832 -0.02391494634520587 0
5270 0.8600285629569862 -0.02352178920546943 0
5271 0.8610344220108123 -0.02077028965982094 0
5272 0.8577452386918618 -0.02116444527009775 0
5273 0.4165340734593382 0.128392173752636 0
5274 0.4138049462407912 0.1408034605725533 0
5275 0.4034738143599731 0.1368398034695659 0
5276 0.4039565709493655 -0.1111910845979889 0
5277 -0.4180207090734777 -3.426848109682109 0
5278 -0.6287695788786949 -3.597945899078701 0
5279 -0.2777443896882637 -3.693435272202346 0
5280 0.7641256467423041 0.06868251157407748 0
5281 0.7634849245346895 0.06211349183928564 0
5282 0.7709515330018544 0.06416416079769603 0
5283 0.9494203762755886 0.01033701005351549 0
5284 0.9482368884247721 0.01387642805261859 0
5285 0.9449416551108993 0.01431370459700757 0
5286 0.9428299096478432 0.01121156314229346 0
5287 0.9461252941867601 0.01077542619287192 0
5288 0.7045992934367079 0.06605303882885728 0
5289 0.7047436850264917 0.06046371609499594 0
5290 0.7106539971012801 0.06232901285478915 0
5291 0.3311302181951348 -0.08934726575917346 0
5292 0.3248378390914768 -0.08643000253387326 0
5293 0.31785873366837 -0.09228377735114551 0
5294 0.3171720073489214 -0.101054815393718 0
5295 0.3241511127720281 -0.09520104057644573 0
5296 0.9401691949303392 0.2247865812121716 0
5297 0.9040075513776646 0.2213465202952832 0
5298 0.9438007320620254 0.1802482789941447 0
5299 0.9600657852725197 0.2042374605616024 0
5300 0.923904141719845 0.2007973996447139 0
5301 -2.691787937339823 0.9955628768254847 0
5302 -2.606327406657962 1.233276654735931 0
5303 -2.822320183339866 1.274147963648792 0
5304 2.002993347317676 -0.06024326800016475 0
5305 2.148796299370875 -0.0317548276501448 0
5306 2.185488428912516 0.09656437046573339 0
5307 2.076377606400957 0.1963951282315916 0
5308 2.039685476859316 0.06807593011571342 0
5309 0.8822441427745564 -0.1515133564635397 0
5310 0.8987260832615735 -0.1400383551086102 0
5311 0.8628842952712639 -0.1288338464628313 0
5312 0.8643232487794017 -0.1459111021406503 0
5313 0.8808051892664187 -0.1344361007857207 0
5314 0.2593868538155562 -0.5829801161934824 0
5315 0.3172859718390105 -0.5772943535183727 0
5316 0.3438723844994503 -0.5206729648007691 0
5317 0.3125596791364358 -0.4697373387582754 0
5318 0.2859732664759961 -0.5263587274758789 0
5319 0.8191521798491622 0.05677782741174005 0
5320 0.826059473825753 0.05407037798202955 0
5321 0.8346431725466126 0.0590847298312518 0
5322 0.8363195772908816 0.06680653111018456 0
5323 0.829412283314291 0.06951398053989506 0
5324 0.8208285845934312 0.06449962869067281 0
5325 0.827735878570022 0.0617921792609623 0
5326 0.1728720159192828 0.08128211044449686 0
5327 0.168853636123663 0.07723040574930044 0
5328 0.178575796586686 0.07400714948571879 0
5329 0.1777330961507943 0.07967048231270603 0
5330 0.1737147163551745 0.07561877761750961 0
5331 0.7686410071450289 0.1240352540795145 0
5332 0.7595422516156958 0.1117645322226655 0
5333 0.7598519002694465 0.09845714858406318 0
5334 0.7692603044525304 0.09742048680230975 0
5335 0.7689506557987797 0.1107278704409121 0
5336 1.028780859128951 -0.149113197107001 0
5337 1.010666284847444 -0.161209652681826 0
5338 1.017696884240638 -0.1881406239402942 0
5339 1.04284205791534 -0.2029751396239376 0
5340 1.060956632196847 -0.1908786840491127 0
5341 1.053926032803653 -0.1639477127906444 0
5342 1.035811458522146 -0.1760441683654693 0
5343 0.7320382377339634 0.06834700880808257 0
5344 0.3068666052429386 -0.1403068558762557 0
5345 0.3185884424125824 -0.1419698430919216 0
5346 0.3139801095616646 -0.1307008508014893 0
5347 0.03266930980912031 -0.03188215007703014 0
5348 0.03331240455494983 -0.03465981713354501 0
5349 0.03641542124421343 -0.03581852271804897 0
5350 0.03887534318764757 -0.03419956124603806 0
5351 0.03575813856719018 -0.03307879848999663 0
5352 0.5087989500084509 -0.06314138473149794 0
5353 0.5051506400033257 -0.06193922512446372 0
5354 0.5010452697412359 -0.06444266432910996 0
5355 0.5005882094842714 -0.06814826314079041 0
5356 0.5046935797463611 -0.06564482393614417 0
5357 0.43568398714264 -0.07588691162095995 0
5358 0.4309268918493834 -0.0755874017905097 0
5359 0.4266882581500923 -0.08094331081480786 0
5360 0.4272067197440578 -0.08659872966955631 0
5361 0.4314453534433489 -0.08124282064525813 0
5362 0.2151112367354652 -0.0799281422485118 0
5363 0.2208947763225433 -0.08082371196408777 0
5364 0.2249642663792618 -0.07743913582255467 0
5365 0.2232502168489019 -0.07315898996544558 0
5366 0.2191807267921835 -0.0765435661069787 0
5367 0.4984880288530327 -0.06127173345148865 0
5368 0.4954737277078649 -0.0618064013855478 0
5369 0.4950166674509003 -0.06551200019722825 0
5370 0.4975739083391036 -0.06868293107484955 0
5371 0.4980309685960682 -0.06497733226316908 0
5372 0.4051456433753275 -0.05993460136504206 0
5373 0.4036201742682428 -0.06274897169624835 0
5374 0.4072249895629574 -0.06360486259881781 0
5375 0.2311408220143986 0.3011153920651089 0
5376 0.2151528719020465 0.2825315842523442 0
5377 0.2767904646790585 0.2589633977426473 0
5378 0.2619596184029046 0.2893312988102604 0
5379 0.2459716682905525 0.2707474909974957 0
5380 -0.01610508184598841 0.02990166914502221 0
5381 -0.01595158451764095 0.0234406993241567 0
5382 -0.01053644704022644 0.02679228844085342 0
5383 0.7214407090223366 0.03651631528794526 0
5384 0.7200803232810775 0.03959753092204567 0
5385 0.7167729071593693 0.03993035596000122 0
5386 0.7148258767789202 0.03718196536385635 0
5387 0.7181333927856922 0.03685013292818419 0
5388 0.3429298085538593 -0.1457134629140419 0
5389 0.3555493375254923 -0.1477940955204963 0
5390 0.3507957128386351 -0.1357876821619936 0
5391 -0.002670570978749731 0.1168337511079431 0
5392 0.01141969962784611 0.1194305796796305 0
5393 0.00567868627904583 0.1331226831562062 0
5394 -0.0141525976763503 0.1442179580610945 0
5395 -0.008411584327549904 0.1305258545845188 0
5396 0.5771579924827821 0.07347178339184937 0
5397 0.5823836063388392 0.06926683897463078 0
5398 0.5903448267831984 0.07027467753723185 0
5399 0.5930804333715004 0.07548746051705149 0
5400 0.5878548195154433 0.07969240493427009 0
5401 0.5798935990710842 0.07868456637166901 0
5402 0.5851192129271413 0.07447962195445043 0
5403 1.648961045917824 3.132338152204698 0
5404 1.838093649914705 3.044552486221529 0
5405 2.131570886249259 3.15502483802874 0
5406 2.235915518586934 3.353282855819121 0
5407 1.942438282252379 3.24281050401191 0
5408 0.5526980867892739 -0.2287763208739067 0
5409 0.5417405070471754 -0.2500257601095113 0
5410 0.5667558762051238 -0.2514186663869531 0
5411 0.3882854488921973 -0.1424680472034548 0
5412 0.3958321785849082 -0.07078288500284682 0
5413 0.3989276975145573 -0.07380071597485596 0
5414 0.3989753566591918 -0.06629724602858232 0
5415 0.3958560081572254 -0.06703115002971 0
5416 0.3989515270868745 -0.07004898100171912 0
5417 0.7156702919045815 -0.0368694047112408 0
5418 0.7174744772386267 -0.03940397527846359 0
5419 0.7207705024312809 -0.03907185708418461 0
5420 0.7222623422898902 -0.03620516832268284 0
5421 0.7189664163171676 -0.03653827120493407 0
5422 0.5989170247299576 -1.752336929492798 0
5423 0.5612142608469234 -1.96143086297152 0
5424 0.7065150097089963 -2.042233288583604 0
5425 0.8895185224541033 -1.913941780716966 0
5426 0.7442177735920305 -1.833139355104882 0
5427 0.7764746755706594 -0.03787991371781004 0
5428 0.7729459999271131 -0.03824828840734387 0
5429 0.7714583592872837 -0.04274201530707986 0
5430 0.7734993942910007 -0.04686736751728203 0
5431 0.7770280699345469 -0.04649899282774821 0
5432 0.7785157105743763 -0.04200526592801221 0
5433 0.77498703493083 -0.04237364061754603 0
5434 -0.7714344795406725 0.04888643022626911 0
5435 -0.7577638662779302 -0.0583360072231421 0
5436 -0.6843781248059526 0.008402325667477971 0
5437 1.089102599512456 -0.1879973049642051 0
5438 1.11021796743487 -0.1581849546208293 0
5439 1.103187368041676 -0.131253983362361 0
5440 1.075041400726067 -0.1341353624472686 0
5441 1.082072000119261 -0.1610663337057368 0
5442 0.1069865977517627 -0.07512008201323947 0
5443 0.1082077025601979 -0.08181528985608683 0
5444 0.1143026744455931 -0.08276334330921156 0
5445 0.1191765415225529 -0.07701618891948894 0
5446 0.1130815696371578 -0.07606813546636419 0
5447 2.215836361594677 -0.2577330059037372 0
5448 2.255217806509376 -0.130499696601931 0
5449 1.963611902402977 -0.1874765773019708 0
5450 2.070033409541478 -0.2862214462537571 0
5451 2.109414854456176 -0.1589881369519509 0
5452 0.3894522362523986 0.07270782066330501 0
5453 0.387701733043569 0.07730017532271821 0
5454 0.3847000301354431 0.06769964761098671 0
5455 0.3879513847983356 0.06790755680743928 0
5456 0.3862008815895061 0.07249991146685246 0
5457 -0.03711190089271282 -0.06924815292612299 0
5458 0.7580730674376785 -0.1189679273302704 0
5459 0.7703386563649992 -0.111935564799897 0
5460 0.7475159828332544 -0.1030935310867324 0
5461 0.7466617306718061 -0.1145469104736881 0
5462 0.7589273195991267 -0.1075145479433147 0
5463 0.01782036628864159 0.184579208042743 0
5464 -0.008081757671552448 0.1699462205043629 0
5465 0.01174952628384368 0.1588509455994746 0
5466 -0.06131692115175441 -0.01584632693650844 0
5467 -0.05160393666688684 -0.02259460339881046 0
5468 -0.03913377359198916 -0.02086645166802558 0
5469 -0.03637659500195906 -0.0123900234749387 0
5470 -0.04884675807685673 -0.01411817520572357 0
5471 0.5492493993938247 0.08087870309709194 0
5472 0.5498806140641574 0.07527331859700181 0
5473 0.5570207973615691 0.07794291650105391 0
5474 1.734550025823483 1.630126041075715 0
5475 1.599744889876288 1.763419354015435 0
5476 1.445977741825254 1.711510578348284 0
5477 1.427015729721416 1.526308489741412 0
5478 1.561820865668612 1.393015176801692 0
5479 1.715588013719646 1.444923952468844 0
5480 1.58078287777245 1.578217265408564 0
5481 0.1943940612688363 0.0916917031818249 0
5482 0.1935262636525181 0.08462552083913034 0
5483 0.2000095324688359 0.08556745837196372 0
5484 -0.6421755042009061 -1.855825524716791 0
5485 -0.7110916760299364 -2.024768554338179 0
5486 -0.4972766968024212 -1.975117579940029 0
5487 0.7015819427316744 0.03845014486678276 0
5488 0.700208633682724 0.04148170996710169 0
5489 0.6969003222740379 0.04180551466268555 0
5490 0.6949653199143021 0.03909775425795049 0
5491 0.6982737303335398 0.03877496115802781 0
5492 -1.065839930318874 -1.552900441690193 0
5493 -0.9260172655259635 -1.42168756744465 0
5494 -1.071971776812132 -1.363212327687879 0
5495 0.8449158784217892 -0.0243359270806573 0
5496 0.8475288860819208 -0.02830753718659873 0
5497 0.8508187201874782 -0.02791885203948737 0
5498 0.8514955466329037 -0.02355855678643458 0
5499 0.8482058290035039 -0.02394822778203145 0
5500 2.183797355098249 -1.833359465018476 0
5501 2.259924471031258 -2.135080931971895 0
5502 2.46523960529872 -1.947973649185584 0
5503 1.102071591600322 -2.022252533922634 0
5504 1.131621148001433 -2.25885479499494 0
5505 1.319248168913661 -2.337407052479623 0
5506 1.477325633424779 -2.179357048892 0
5507 1.28969861251255 -2.100804791407317 0
5508 0.1306886551013591 -0.759064232789439 0
5509 0.2104930597436919 -0.7569709230618689 0
5510 0.2606942215213838 -0.6994737018457299 0
5511 0.2310909786567429 -0.6440697903571611 0
5512 0.1512865740144101 -0.6461631000847312 0
5513 0.1010854122367182 -0.7036603213008702 0
5514 0.1808898168790511 -0.7015670115733 0
5515 0.8640506639953087 -0.02085119402793414 0
5516 0.8660610469259793 -0.02368359794169584 0
5517 0.8693498089781346 -0.02328594395721551 0
5518 0.8706281880996195 -0.02005588605897348 0
5519 0.8673395472546439 -0.02045454247143621 0
5520 0.6871971029094851 -0.05423898149173029 0
5521 0.688706361381065 -0.0498388824780369 0
5522 0.6870367979620604 -0.0454027192291953 0
5523 0.683857976071476 -0.04536665499404711 0
5524 0.6855275394904805 -0.0498028182428887 0
5525 0.6618082433701664 0.04218686786165091 0
5526 0.6603689923883782 0.04515285493071636 0
5527 0.6570589006510832 0.0454579226641713 0
5528 0.6551880598955766 0.04279700332856077 0
5529 0.6584982505200974 0.04249300856501847 0
5530 0.4036654630714989 0.08238889533328397 0
5531 0.4056202648181049 0.08784798876959803 0
5532 0.4003671209880537 0.08950223146465185 0
5533 0.3931591754113966 0.08569738072339163 0
5534 0.3912043736647907 0.08023828728707758 0
5535 0.3964575174948418 0.07858404459202374 0
5536 0.3984123192414478 0.08404313802833779 0
5537 0.6066135731708949 -0.04682972934750807 0
5538 0.6082176373897966 -0.04928644381861924 0
5539 0.6115185398990788 -0.04900693260408002 0
5540 0.6132153781894593 -0.04627070691842962 0
5541 0.6099145750185934 -0.04655139128885917 0
5542 1.028940528267582 0.008217067311325394 0
5543 1.032612966581158 -0.0008441791531159518 0
5544 1.042509303442347 0.006576607806123686 0
5545 0.8711543830212338 0.02756201086031945 0
5546 0.8752212334763183 0.02854590423782638 0
5547 0.871145481089226 0.0317222357714779 0
5548 2.161596636766785 0.3105978208236446 0
5549 2.35592648964417 0.3249697556498393 0
5550 2.410864621031065 0.4632405460887872 0
5551 2.271472899540575 0.5871394017015404 0
5552 2.21653476815368 0.4488686112625925 0
5553 0.731377337909034 0.03562095225194681 0
5554 0.7300326827678787 0.03881860660344411 0
5555 0.7267257166723474 0.0391558738545759 0
5556 0.7247634057179716 0.03629548675421038 0
5557 0.7280704720008629 0.0359592018601286 0
5558 0.3286372091790914 -0.4136158112931097 0
5559 0.3760274445847616 -0.4084299098704379 0
5560 0.3502739008656269 -0.3829947832954402 0
5561 1.604358965311366 1.100980321419094 0
5562 1.506206341464472 1.221043361276817 0
5563 1.362786329097307 1.199457887164897 0
5564 1.317518940577034 1.057809373195253 0
5565 1.4609389529442 1.079394847307173 0
5566 -0.008303759563599689 0.003320442017952968 0
5567 -0.00650747573203253 0.007907530896903629 0
5568 -0.01389873925791801 0.01089760404852823 0
5569 -0.01199939132654243 0.004815478593765267 0
5570 -0.01020310749497527 0.009402567472715928 0
5571 -0.06333734804431307 0.03140260359862267 0
5572 -0.05171218505611147 0.02705231672485486 0
5573 -0.03665368115719186 0.03387140117137938 0
5574 -0.03322034024647375 0.04504077249167172 0
5575 -0.04827884414539335 0.0382216880451472 0
5576 0.9748704330435469 0.146023534530111 0
5577 0.9512030559475391 0.151141315978399 0
5578 0.9720957617033688 0.1077360428669564 0
5579 0.9853167859214618 0.1243208979743897 0
5580 0.9616494088254539 0.1294386794226777 0
5581 0.6149264514176345 -0.04937646119130212 0
5582 0.4530475408812296 0.06582413720448012 0
5583 0.4574692892758984 0.0654026285935127 0
5584 0.4554678267288654 0.07050799749432128 0
5585 0.8167624046803246 -0.05131979621460186 0
5586 0.813462085094766 -0.05582785946373406 0
5587 0.8292659767607593 -0.05353497578831619 0
5588 0.8246643505133211 -0.05017335437689294 0
5589 0.8213640309277626 -0.05468141762602512 0
5590 0.6764267019335056 -0.04056699238013826 0
5591 0.6785529280571986 -0.04294879156951859 0
5592 0.6818507284254582 -0.04263478972198822 0
5593 0.683022302670025 -0.03993898868507752 0
5594 0.6797246006116988 -0.04025402303581881 0
5595 0.367299604954441 -0.07926335159102411 0
5596 0.3621068130128536 -0.08172350457196766 0
5597 0.3683961715934845 -0.08555218703336377 0
5598 -0.05975332639552694 0.1535445361579368 0
5599 -0.08552277115930756 0.1517758393498908 0
5600 -0.06590537518816036 0.13326791366659 0
5601 -0.7060133690780472 0.3226157944658162 0
5602 0.7255053737850181 -0.03640503175513385 0
5603 0.7272565654215369 -0.03947158394908662 0
5604 0.7305521435207479 -0.03913505813734022 0
5605 0.7320965299834401 -0.03573198013164105 0
5606 0.7288010514605466 -0.03606948108996908 0
5607 0.2293396120759981 -0.06865862066442088 0
5608 0.2254378896972701 -0.06876873238637869 0
5609 0.2288659887579897 -0.07732902410059686 0
5610 0.2310536616063579 -0.07293876652152996 0
5611 0.2271519392276299 -0.07304887824348777 0
5612 0.177394629978029 0.2276484543186269 0
5613 0.7867968027060638 -0.04326389305496149 0
5614 0.7834000769601348 -0.04038771604161885 0
5615 0.7819124363203054 -0.04488144294135483 0
5616 0.8607893383549667 -0.0305051798953257 0
5617 0.8625559728067732 -0.03473707103953348 0
5618 0.8655722147912697 -0.03481797540764668 0
5619 0.8668218223239597 -0.0306669886315521 0
5620 0.8650551878721532 -0.02643509748734433 0
5621 0.8620389458876567 -0.02635419311923113 0
5622 0.8638055803394631 -0.0305860842634389 0
5623 0.7560447948147895 0.1260474114403827 0
5624 0.5969159170162996 -0.04795595687756335 0
5625 0.5987263750738168 -0.05071637388340983 0
5626 0.6020277250715536 -0.05044219888496984 0
5627 0.6035186170117733 -0.04740760688068336 0
5628 0.6002173665400161 -0.04768298028836575 0
5629 0.298404986848794 -0.2194331685092939 0
5630 0.318727119500997 -0.2333180433212496 0
5631 0.3199744135683781 -0.2128720990566489 0
5632 0.2005624139679344 -0.3936507780086904 0
5633 0.9429411150219417 -0.01070858996215565 0
5634 0.9449605494804126 -0.01333460757331647 0
5635 0.9482444646751416 -0.01289873483800512 0
5636 0.9495089454113995 -0.009836844491532937 0
5637 0.9462251805019206 -0.01027384948498911 0
5638 0.1795561875467779 -0.05861155796259518 0
5639 0.180894360440949 -0.06166709086068758 0
5640 0.1841990777811302 -0.06189702313769426 0
5641 0.1861656222271403 -0.05907142251660853 0
5642 0.1828604886235894 -0.0588474718074166 0
5643 0.5636872429168998 0.05650464268962701 0
5644 0.5669618157090661 0.05523951491075031 0
5645 0.5714121831631186 0.0567620272093729 0
5646 0.5725879778250046 0.05954966728687221 0
5647 0.5681376103709521 0.05802715498824962 0
5648 0.2745972107419086 -0.08066053163199183 0
5649 0.2789651227680319 -0.08311370604301856 0
5650 0.2780902147083399 -0.0781652695813861 0
5651 -0.9948615075318146 -1.685036375655624 0
5652 -0.7840604199518453 -1.685959435375513 0
5653 -0.6442377551589351 -1.554746561129971 0
5654 -0.7152161779459942 -1.422610627164539 0
5655 -0.8550388427389046 -1.553823501410081 0
5656 0.4798011729243393 -0.08393590833543124 0
5657 0.4818493507354745 -0.0784274969258075 0
5658 0.4762337463030159 -0.07918309801231829 0
5659 0.815254214021109 -0.02666917507671776 0
5660 0.8178232890523256 -0.02955500249646755 0
5661 0.8211146519337533 -0.02917948279090473 0
5662 0.8218369397839645 -0.0259181356655921 0
5663 0.8185456868596852 -0.02629461912422389 0
5664 -0.6458200401470018 -0.8984301253111125 0
5665 -0.5430318303214268 -0.9499879450315846 0
5666 -0.5446215544788584 -0.8339987192755124 0
5667 1.032034120291954 -0.3473164418690655 0
5668 0.881597436652882 -0.05278010876319576 0
5669 0.8882522705002485 -0.0547751876152432 0
5670 0.8945219293284568 -0.04973654993557267 0
5671 0.8941367543092983 -0.04270283340385472 0
5672 0.8878670954810901 -0.04774147108352524 0
5673 0.05010208891161072 -0.04523550358685873 0
5674 0.04626915992275649 -0.04400075645358673 0
5675 0.0432327604887085 -0.04714940110682826 0
5676 0.04402929004351475 -0.05153279289334177 0
5677 0.04786221903236898 -0.05276754002661377 0
5678 0.05089861846641697 -0.04961889537337225 0
5679 0.04706568947756268 -0.04838414824010025 0
5680 0.6665177307945499 -0.0431164471192452 0
5681 0.6686297111987543 -0.04711970944081599 0
5682 0.6719279530052433 -0.04681037890517717 0
5683 0.6731142144075279 -0.04249778604796755 0
5684 0.6698160705218492 -0.04280816067231381 0
5685 0.6715249185271768 0.04192106303591205 0
5686 0.6698734004486282 0.04555079846159604 0
5687 0.6665637530307047 0.04586064952238183 0
5688 0.6649056236913298 0.04254076515748364 0
5689 0.6682153697071082 0.04223196726868158 0
5690 0.7410144173772537 0.03443509582343502 0
5691 0.7393873027938738 0.03747193686435087 0
5692 0.7360807898237257 0.03781361790366098 0
5693 0.7344013914369575 0.03511845790205523 0
5694 0.7377080056344281 0.03477775645980598 0
5695 0.7925448900166596 -0.1463854506339627 0
5696 0.8070129739517471 -0.1392696360080649 0
5697 0.7810950988887373 -0.121102556599636 0
5698 0.7795859524851547 -0.1373019109297482 0
5699 0.7940540364202422 -0.1301860963038504 0
5700 0.6519817173199139 0.04322325299693896 0
5701 0.6506462154997579 0.04631042200092768 0
5702 0.6473356782845849 0.04661061679449369 0
5703 0.645360642889568 0.04382364258407098 0
5704 0.648671279184196 0.04352454044393354 0
5705 0.6366865374499804 -0.04422771292413893 0
5706 0.638659453919513 -0.04664465270887973 0
5707 0.6419590221645992 -0.0463498076890609 0
5708 0.643285673940153 -0.04363802288450126 0
5709 0.6399862041835476 -0.04393397008420281 0
5710 0.5870564333013087 -0.04826081666875131 0
5711 0.5889128026814591 -0.05051992761942201 0
5712 0.5922146010273337 -0.0502512056706341 0
5713 0.5936600299930581 -0.04772337277117548 0
5714 0.5903583314546494 -0.04799332107746049 0
5715 0.6949674187426504 0.05602346499295656 0
5716 0.6999277476794629 0.05544892917704557 0
5717 0.6996389644998955 0.06662757464476828 0
5718 0.6948230271528667 0.06161278772681791 0
5719 0.6997833560896791 0.06103825191090691 0
5720 0.1108676335425904 -0.05171236612059881 0
5721 0.1126566409977119 -0.05541359827869587 0
5722 0.1159350562916626 -0.0558888837102586 0
5723 0.1174244641304917 -0.05266293698372426 0
5724 0.1141445540911381 -0.05219795904196454 0
5725 0.1681727171662214 0.1462384808404084 0
5726 0.1817888844947311 0.1389584811828888 0
5727 0.2000683195823252 0.1500951574676256 0
5728 0.2047315873414096 0.1685118334098821 0
5729 0.1864521522538155 0.1573751571251453 0
5730 0.5977968651147705 -0.06402485572109122 0
5731 0.6037547266304377 -0.06370540057779168 0
5732 0.6066540031411813 -0.06008289391941354 0
5733 0.6035954181362576 -0.05677984240433493 0
5734 0.5976375566205903 -0.05709929754763445 0
5735 0.5947382801098466 -0.0607218042060126 0
5736 0.600696141625514 -0.06040234906271308 0
5737 0.8834989354430218 0.09459864277471014 0
5738 0.8964067328499549 0.09783627277901064 0
5739 0.8975238029752141 0.1126665878028006 0
5740 0.8857330756935402 0.1242592728222901 0
5741 0.8728252782866071 0.1210216428179896 0
5742 0.8717082081613479 0.1061913277941996 0
5743 0.8846160055682809 0.1094289577985001 0
5744 0.6221092667487677 0.04580359238030397 0
5745 0.6207001660730306 0.04881427478876405 0
5746 0.6173882882808074 0.04909929901543564 0
5747 0.6154855111643214 0.04637364083364713 0
5748 0.6187974886451952 0.04608977496632373 0
5749 0.4978276127164094 -0.05520927638095972 0
5750 0.4996649713573049 -0.05797317094919462 0
5751 0.5029708627439285 -0.05776065230844905 0
5752 0.5044393954896567 -0.05478423909946858 0
5753 0.5011336054188803 -0.05499833383099174 0
5754 2.724911660127803 -0.8114362721087324 0
5755 1.067335622763615 -0.1062699147709214 0
5756 1.057115528087037 -0.1216433281515487 0
5757 1.085261495402646 -0.1187619490666412 0
5758 0.5080877054947818 -0.05598639870650279 0
5759 0.5102674827541789 -0.06016497152251747 0
5760 0.513572917712615 -0.05994546747457278 0
5761 0.514698575411654 -0.05554739061061341 0
5762 0.5113932419605483 -0.05576842326328626 0
5763 0.5771723186108708 -0.049519359639548 0
5764 0.579051319416938 -0.05224762636898617 0
5765 0.5823535681223895 -0.05198449730497644 0
5766 0.583776816021774 -0.04899310151152853 0
5767 0.5804746676634206 -0.04925748994330332 0
5768 0.8052299451871134 -0.02812592105140453 0
5769 0.8076503140282143 -0.03135493061307378 0
5770 0.8109421682428409 -0.03098374266881801 0
5771 0.8118136536163667 -0.02738354516289298 0
5772 0.8085219078526635 -0.02775569489612798 0
5773 1.186565993811669 0.998235901752391 0
5774 1.100880435566576 1.080310944279173 0
5775 0.9744326605473217 1.033659261778629 0
5776 0.9336704437731611 0.9049325367513043 0
5777 1.060118218792415 0.9515842192518476 0
5778 0.3388446687064661 -0.06197911542583353 0
5779 0.340554279320844 -0.06481659748946146 0
5780 0.3438664162404807 -0.06475477233322517 0
5781 0.3454689425457396 -0.06185546511336094 0
5782 0.3421568572828753 -0.06192005828710778 0
5783 0.8442349531296718 0.06079613944771461 0
5784 0.566902602379172 -0.05095744623232928 0
5785 0.56841999006963 -0.05435163220608998 0
5786 0.5717226911083265 -0.05409424308993706 0
5787 0.5735080044565651 -0.05044266800002344 0
5788 0.5702054040751166 -0.05070134872466769 0
5789 0.5177514094260248 -0.05385853794018419 0
5790 0.5196785857413566 -0.05656776213371435 0
5791 0.5229835638159994 -0.056341482578458 0
5792 0.5243613655753104 -0.05340597882967149 0
5793 0.5210564890642103 -0.05363374182989324 0
5794 0.5567850801226413 -0.05141167926529707 0
5795 0.5580944089132123 -0.0545055875716336 0
5796 0.5613975633654268 -0.05425408400483629 0
5797 0.5633913890270704 -0.05090867213170244 0
5798 0.5600883354364125 -0.05116150040042046 0
5799 0.5375491400483934 -0.05359650974357671 0
5800 0.5394455494511263 -0.05742111942618401 0
5801 0.542749614032747 -0.05718187025708605 0
5802 0.5441572692116345 -0.0531180114053808 0
5803 0.5408533060033595 -0.05335866058398905 0
5804 0.5272415063416795 -0.05306967372358687 0
5805 0.5287438453487375 -0.05566887236628875 0
5806 0.5320483664524172 -0.05543601402631689 0
5807 0.5338505485490388 -0.05260395704364315 0
5808 0.5305461289540248 -0.05283825593796738 0
5809 0.6465218968666101 -0.04363838761734622 0
5810 0.6484314680175136 -0.04635053715475082 0
5811 0.6517305932890576 -0.04605077609407357 0
5812 0.6531201474096981 -0.04303886549599171 0
5813 0.6498211205237815 -0.04333970938278768 0
5814 0.9335035844142587 -0.01168277179812258 0
5815 0.9359392283756468 -0.01399046859794956 0
5816 0.9392238084125135 -0.01355963438218264 0
5817 0.9400727444879921 -0.01082110336658873 0
5818 0.9367883098243577 -0.01125304586889588 0
5819 0.4882006185017964 -0.05615457485586269 0
5820 0.4903300225322468 -0.05924782208773482 0
5821 0.4936363690669694 -0.0590425068173129 0
5822 0.4948133115712416 -0.05574394431501887 0
5823 0.4915070659785329 -0.05595088518009374 0
5824 0.4579023184001744 -0.05777860463272558 0
5825 0.45949865997829 -0.06078477073455824 0
5826 0.4628063564935744 -0.06060249463233596 0
5827 0.4645177114307431 -0.05741405242828104 0
5828 0.4612101136615605 -0.05759812051105202 0
5829 0.2843398479444785 -0.0930822847407267 0
5830 0.2853466610948018 -0.1005976890274081 0
5831 0.2901571629324423 -0.09445210236496344 0
5832 1.046906416389661 -0.7239804270185404 0
5833 1.117481193708005 -0.7839684315986352 0
5834 1.126884284367778 -0.6884387849749117 0
5835 0.1267751989472257 -0.1258485937991933 0
5836 0.1381536665537474 -0.1347820216501652 0
5837 0.1389533916432824 -0.1214864463740763 0
5838 1.7581261133624 1.152889097086245 0
5839 1.813740637566539 1.32486091261112 0
5840 1.659973489515506 1.272952136943969 0
5841 0.47834435106106 -0.05608110019264923 0
5842 0.4805378861629576 -0.05850721730359507 0
5843 0.4838446856670188 -0.05830933215102414 0
5844 0.4849579500691824 -0.05568532988750736 0
5845 0.4816512509524566 -0.05588489264223953 0
5846 0.4680474171657258 -0.05699466807771741 0
5847 0.4698657679635399 -0.05976372593120871 0
5848 0.4731730178272901 -0.05957351688370113 0
5849 0.4746619168932262 -0.05661424998270226 0
5850 0.4713547667546247 -0.05680619306047187 0
5851 0.8700058745597303 0.02011237791310675 0
5852 0.8685467035629397 0.02334524769795963 0
5853 0.8652465941143288 0.02374406029044959 0
5854 0.8634056556625084 0.02091000309808666 0
5855 0.8667058870056707 0.02051219915821199 0
5856 0.6916158298584919 0.03901106009177119 0
5857 0.6902013421624175 0.04163212633032694 0
5858 0.6868925849533591 0.04195134336739816 0
5859 0.6849983154403754 0.03964949416591363 0
5860 0.6883071717934512 0.03933130478581585 0
5861 0.9135204472739767 -0.01523818526360602 0
5862 0.9156861937790164 -0.018560627014073 0
5863 0.9189720477590015 -0.01813961880901421 0
5864 0.9200921552339469 -0.01439616885348843 0
5865 0.9168064386710761 -0.01481824955466599 0
5866 0.3012745309057601 0.07932542594816569 0
5867 0.3056679977253146 0.07906717656693824 0
5868 0.3029521077754969 0.0864023556113083 0
5869 0.3985252070119023 -0.06019176768079524 0
5870 0.4003099560865302 -0.06287755485412494 0
5871 0.4018355109008623 -0.06006539112226199 0
5872 0.7358346919104439 -0.03543158330673949 0
5873 0.7380284673747555 -0.03853426448753709 0
5874 0.7413235950347388 -0.03819335638702663 0
5875 0.7424249472304105 -0.03474976710571855 0
5876 0.7391299201954545 -0.03509164782218252 0
5877 0.5972809461080923 -0.05324420678286845 0
5878 0.5940250590848508 -0.05301162267648057 0
5879 0.5911257825741073 -0.05663412933485872 0
5880 0.5914823930866052 -0.06048922009962473 0
5881 0.5943816695973487 -0.05686671344124658 0
5882 0.312625299911228 -0.08556727064796721 0
5883 0.3067051398346372 -0.08762180198736136 0
5884 0.3119385735917793 -0.09433830869053966 0
5885 0.6320486892740484 0.04494030353495066 0
5886 0.6306447209686717 0.0479582370233016 0
5887 0.6273332909170315 0.048248416998383 0
5888 0.6254258291707682 0.04552066348511344 0
5889 0.6287373585827484 0.0452316173852481 0
5890 0.4285231713776689 -0.05935195106513084 0
5891 0.4305175003693668 -0.06244192675833455 0
5892 0.4338265007852746 -0.06228509610221035 0
5893 0.4351411722094845 -0.05903828975288244 0
5894 0.4318322657933036 -0.0591971038373352 0
5895 -0.2684917141035933 0.2378458346634747 0
5896 -0.3105905389271531 0.2758337269258535 0
5897 -0.3140790076232913 0.2173575443083214 0
5898 0.328924619393705 -0.06204850107924483 0
5899 0.3306512295007114 -0.06480802187665996 0
5900 0.333963579102508 -0.06475890623678525 0
5901 0.3355493185972981 -0.06195026979949542 0
5902 0.3322370117005622 -0.06200226630190545 0
5903 0.6560581382922988 -0.04238343803809561 0
5904 0.6576065750542589 -0.04473992117828137 0
5905 0.6609052580075945 -0.04443533114486956 0
5906 0.66265550419897 -0.04177425797127197 0
5907 0.6593569194217384 -0.04207991125188554 0
5908 0.7454152212429035 -0.03385541977180987 0
5909 0.7473041430597245 -0.03640466171920926 0
5910 0.7505988165431152 -0.03605939183014129 0
5911 0.752004568209685 -0.03316487999367394 0
5912 0.7487099958697364 -0.03351111502836543 0
5913 0.2896665422381809 -0.06376163205781615 0
5914 0.2918867790316864 -0.06805911894207113 0
5915 0.2951994838921813 -0.06806641013873825 0
5916 0.2962919519591709 -0.06377621445115041 0
5917 0.2929792395823257 -0.0637723296911389 0
5918 0.9334173968344082 0.2993142752830878 0
5919 0.9548741176587111 0.263770458706074 0
5920 0.981508068849281 0.2988063526461184 0
5921 0.388784667924275 -0.06116262078346304 0
5922 0.390760663789767 -0.06446383740715035 0
5923 0.3940712590825975 -0.06434536285638029 0
5924 0.3954058585099359 -0.06092567168192291 0
5925 0.3920953450328188 -0.06104643265038502 0
5926 0.9034945179838924 -0.01546238524651063 0
5927 0.9054937311303244 -0.01776039941647086 0
5928 0.9087801964408165 -0.01734419022866708 0
5929 0.9100674486048768 -0.01462996687090307 0
5930 0.9067811178468357 -0.01504723850734919 0
5931 0.3486198752289538 -0.06254127082484209 0
5932 0.350168281606909 -0.0661263837561875 0
5933 0.3534801681433331 -0.0660523442539024 0
5934 0.3552436483018017 -0.06239319182027191 0
5935 0.3519318212667196 -0.06246989335775265 0
5936 0.4500439722366414 -0.4435900428750894 0
5937 0.476670264482851 -0.4839360773024127 0
5938 0.5205043131017314 -0.478762073889014 0
5939 0.5377120694744022 -0.433242036048292 0
5940 0.4938780208555218 -0.4384160394616907 0
5941 0.7553601890451318 -0.0329484448717157 0
5942 0.7573100582140089 -0.03562652158622481 0
5943 0.7606042752684481 -0.03527692371004256 0
5944 0.7619486231540102 -0.0322492491193512 0
5945 0.7586545079838851 -0.0325998070382055 0
5946 1.467627010269454 2.792499625548657 0
5947 1.463727726095199 3.006311721868263 0
5948 1.215342673370094 2.931213954464862 0
5949 1.024785176887553 -0.004424362933282107 0
5950 1.030535290891144 -0.007164894275419703 0
5951 1.026862852577568 0.001896352189021644 0
5952 0.4896054605573346 -0.06586707471846587 0
5953 0.4867514945519721 -0.06939308011732481 0
5954 0.4893087354401753 -0.07256401099494611 0
5955 0.4947199423337411 -0.07220893647370849 0
5956 0.4921627014455379 -0.06903800559608718 0
5957 0.8339724054666602 -0.0243347681141943 0
5958 0.8355129958516831 -0.02715238739762353 0
5959 0.8388033477450233 -0.0267681101122738 0
5960 0.8405531092533404 -0.02356621354349484 0
5961 0.8372628714775492 -0.02395146795467197 0
5962 0.1736710719496264 -0.1405679355062671 0
5963 1.898598681416063 2.294594246647547 0
5964 1.685062487929886 2.4366408879383 0
5965 1.469330780938837 2.351362575137753 0
5966 1.467135267433964 2.124037621046455 0
5967 1.680671460920141 1.981990979755702 0
5968 1.89640316791119 2.067269292556249 0
5969 1.682866974425014 2.209315933847001 0
5970 0.7948964389651076 -0.02866531294106383 0
5971 0.7968603193733428 -0.0313331319772726 0
5972 0.8001526586363895 -0.03096627117223267 0
5973 0.8014811174912011 -0.02793159133098398 0
5974 0.7981888853676351 -0.02829941364374004 0
5975 0.8069018744306879 1.301728110488433 0
5976 0.9110483758760852 1.232057048647193 0
5977 0.8821759711608737 1.404209233750476 0
5978 0.9527308131395589 -0.009058284844416694 0
5979 0.9546882001314605 -0.01134161554377263 0
5980 0.9579714296340267 -0.01090060758007551 0
5981 0.9592972721446915 -0.008176268917022439 0
5982 0.9560141966159026 -0.008618423189373947 0
5983 0.8837678955766233 -0.01826760905546242 0
5984 0.8857645974710778 -0.02091599881963361 0
5985 0.8890522391751027 -0.02050918626540572 0
5986 0.890343178984673 -0.01745398394700663 0
5987 0.8870556646920909 -0.01786182616931623 0
5988 0.7464707293852911 0.04009236714002488 0
5989 0.7445561306729624 0.03574531096127203 0
5990 0.74786228837521 0.03540020781004494 0
5991 0.8735078666273366 -0.01900281181487429 0
5992 0.8751091660335686 -0.02117979546901713 0
5993 0.8783973748539233 -0.02077759251253705 0
5994 0.880084284268046 -0.01819840590191414 0
5995 0.8767962000607672 -0.01860162762814417 0
5996 0.3786251650228181 -0.06100966685427617 0
5997 0.3803745193886622 -0.0638339622364885 0
5998 0.3836854731892652 -0.06372597313239246 0
5999 0.385247072624024 -0.06079368864608409 0
6000 0.3819361962618792 -0.06090405226458263 0
6001 0.6817218620883096 0.04037077935977967 0
6002 0.6803396782492277 0.04339391375513026 0
6003 0.6770304751420056 0.04370847463706325 0
6004 0.6751034558738654 0.04099990112364567 0
6005 0.6784127579186447 0.04068638107640325 0
6006 0.1697350120482695 -0.05780127838319003 0
6007 0.1711600016191803 -0.06081973611486798 0
6008 0.1744626656775963 -0.06107747091919822 0
6009 0.1763403401651016 -0.0583167479918505 0
6010 0.1730371780753272 -0.05806539376633463 0
6011 0.7008529086279409 0.04796698116532527 0
6012 0.7028704926221081 0.05142068726322992 0
6013 0.6929498347484833 0.0525697588950519 0
6014 0.6958925796911284 0.04854151698123626 0
6015 0.6979101636852956 0.05199522307914091 0
6016 0.8936339934331072 -0.017039725740102 0
6017 0.8956338680719713 -0.01968066985159645 0
6018 0.898920930086377 -0.0192691996675774 0
6019 0.9002081174619188 -0.0162167853720639 0
6020 0.8969211858672255 -0.01662929741708845 0
6021 0.2785750410830636 -0.06317069920124888 0
6022 0.2796416758490714 -0.06694613513519843 0
6023 0.2829543088916113 -0.06696909577061905 0
6024 0.2852003071681434 -0.06321662047209012 0
6025 0.281887649426213 -0.06319722018047959 0
6026 1.057275234141664 -0.05772311320135039 0
6027 1.067415475790929 -0.07430980729582222 0
6028 1.076837578366587 -0.05657209384559611 0
6029 0.1894588651026958 -0.05968387936689679 0
6030 0.1907855635322413 -0.06312193683827079 0
6031 0.1940919951609868 -0.06332575666595074 0
6032 0.1960717283601867 -0.06009151902225668 0
6033 0.192764949832284 -0.05989332552435646 0
6034 0.9239259494277587 -0.01383209244732701 0
6035 0.9266396361466253 -0.01701146599669136 0
6036 0.9299248620612848 -0.01658558469680234 0
6037 0.9304964012570776 -0.01298032984754897 0
6038 0.9272113169843078 -0.01340730375980076 0
6039 -0.4701597254774451 -1.449434348599205 0
6040 -0.5217095289246605 -1.568158421847303 0
6041 -0.2132153862239451 -1.495254386024891 0
6042 -0.3159126541270874 -1.412982330687998 0
6043 -0.3674624575743029 -1.531706403936097 0
6044 0.4130058917542336 1.316792658144982 0
6045 0.41928422235143 1.473573905918347 0
6046 0.2970048072015612 1.559351827858464 0
6047 0.168447061454496 1.488348502025217 0
6048 0.1621687308572996 1.331567254251852 0
6049 0.2844481460071684 1.245789332311735 0
6050 0.2907264766043648 1.402570580085099 0
6051 0.2296352013166608 -0.06169275860620578 0
6052 0.2314382678856934 -0.06512063377433443 0
6053 0.2347490457094403 -0.06523377973397623 0
6054 0.2362567569641544 -0.06191905052548938 0
6055 0.2329458248278837 -0.06181041878127947 0
6056 0.5338508266247541 -0.1574515248730354 0
6057 0.5217600635225033 -0.1599832483697497 0
6058 0.5114736683335354 -0.1752846641016599 0
6059 0.5132780362468182 -0.1880543563368558 0
6060 0.5253687993490691 -0.1855226328401415 0
6061 0.535655194538037 -0.1702212171082313 0
6062 0.5235644314357861 -0.1727529406049456 0
6063 0.3203794552027969 2.080626433293391 0
6064 0.1603849376310539 1.989428022422074 0
6065 0.1421144643557494 1.808938125597742 0
6066 0.2838385086521879 1.719646639644727 0
6067 0.3021089819274924 1.900136536469059 0
6068 0.3586546285511292 -0.0620713102324776 0
6069 0.3603021286419881 -0.06540858107831378 0
6070 0.3636137317769898 -0.06532279152531438 0
6071 0.3652778348211325 -0.06189973112647881 0
6072 0.3619662980193001 -0.06198808159680148 0
6073 0.6422821102101804 0.04363386716625103 0
6074 0.64117861292581 0.04623106595885377 0
6075 0.637867629620768 0.04652629984983758 0
6076 0.6356601436000966 0.04422433494821865 0
6077 0.6389712260918619 0.0439302134244489 0
6078 0.7188832518758684 1.169980232649583 0
6079 0.7108193124305795 1.270689702489627 0
6080 0.6040794357092062 1.30093658501032 0
6081 0.5054034984331217 1.230473997690969 0
6082 0.612143375154495 1.200227115170276 0
6083 1.303060446792192 0.3556426288882422 0
6084 1.258824492046421 0.3196158774572243 0
6085 1.312635176121963 0.2815881219825015 0
6086 0.7302215518209785 -0.05452943006445742 0
6087 0.7255015951614198 -0.05390116655036094 0
6088 0.722287606766965 -0.05949449009294333 0
6089 0.723793575032069 -0.0657160771496222 0
6090 0.7285135316916277 -0.06634434066371868 0
6091 0.7317275200860824 -0.0607510171211363 0
6092 0.7270075634265237 -0.0601227536070398 0
6093 0.3683358513163531 -0.06088225625323877 0
6094 0.3697297647674309 -0.06328784177883433 0
6095 0.3730410556979971 -0.06319074202697453 0
6096 0.3749584331774856 -0.06068805674951918 0
6097 0.3716472145503349 -0.06078762248857794 0
6098 0.2191134812405883 -0.0615348731238573 0
6099 0.2203248242795652 -0.0652068586160969 0
6100 0.2236348231282375 -0.06534085721825005 0
6101 0.2257334789379328 -0.06180287032816359 0
6102 0.2224232875322029 -0.06167362712699101 0
6103 0.3461753960171974 0.0721318862272866 0
6104 0.3512309967641875 0.07348700616312424 0
6105 0.3481405318342839 0.07774463652268916 0
6106 0.7653344221209039 -0.03235327071806578 0
6107 0.7673758732022353 -0.03548496690747174 0
6108 0.7706696286677425 -0.03513104658327037 0
6109 0.771921933051918 -0.03164543006966304 0
6110 0.7686282808148697 -0.03200031108904801 0
6111 -0.1158891996163234 -0.1882259599943936 0
6112 -0.08250081407225524 -0.1913778552347818 0
6113 -0.0568652516595522 -0.1722155451375098 0
6114 -0.06461807479091747 -0.1499013397998495 0
6115 -0.09800646033498567 -0.1467494445594612 0
6116 -0.1236420227476886 -0.1659117546567332 0
6117 -0.0902536372036204 -0.1690636498971215 0
6118 1.231833382331941 1.139884415722034 0
6119 0.120727456299318 -0.05237014285062112 0
6120 0.122541040629315 -0.05530329544405233 0
6121 0.1258255717088101 -0.05573433017493234 0
6122 0.1272965184583081 -0.05323221231238114 0
6123 0.1240107565910498 -0.05281055385902718 0
6124 0.3193413459421147 -0.06294957707854124 0
6125 0.3214222402617243 -0.06650253138128322 0
6126 0.3247347594831221 -0.06646665054996002 0
6127 0.3259663843849103 -0.06287781541589486 0
6128 0.3226538976698682 -0.06291669852462374 0
6129 0.5915742615941454 -0.1475390097734873 0
6130 0.6036896216855266 -0.1416603337094991 0
6131 0.5826029432824343 -0.127526623315406 0
6132 0.5810309223925991 -0.1404721545764408 0
6133 0.5931462824839805 -0.1345934785124526 0
6134 0.2391355973319841 -0.07488037353477876 0
6135 0.2361884658933551 -0.07171444123862092 0
6136 0.234000793044987 -0.0761046988176878 0
6137 0.2025343526324725 -0.1652008122601017 0
6138 0.2182512097922805 -0.1677670443580901 0
6139 0.2138155544287006 -0.1542944540361168 0
6140 1.945098534653086 -0.3093477352756787 0
6141 -0.002651728238536821 -0.004239919690446449 0
6142 -0.006375885816851834 -0.002753283275722072 0
6143 -0.004242584132551352 -0.007157453104684395 0
6144 0.7850135378761058 -0.02974686410767206 0
6145 0.7869729710392768 -0.03240861686942453 0
6146 0.7902657889872557 -0.03204607772240301 0
6147 0.791599173772064 -0.02902178581362904 0
6148 0.7883064613459365 -0.02938528337743622 0
6149 0.2393408056829474 -0.06125881965843551 0
6150 0.2409171431470261 -0.06391331799986849 0
6151 0.2442285393615491 -0.06400664660476886 0
6152 0.2459635981119934 -0.06144547686823627 0
6153 0.242652080827997 -0.06135644268076403 0
6154 0.07536555082257684 0.1446699579935641 0
6155 0.0873847404050937 0.1505002458178131 0
6156 0.08084345007468557 0.1706244209550824 0
6157 0.06228297016176054 0.1849183082681027 0
6158 0.06882426049216872 0.1647941331308334 0
6159 0.2690590704360608 -0.06192296847042162 0
6160 0.2705471703679416 -0.06456872039830797 0
6161 0.2738596489722336 -0.06460806930656265 0
6162 0.2756840276446447 -0.06200166628693098 0
6163 0.2723715047769447 -0.06196604155131595 0
6164 -0.1348308026877958 -0.0372829607938318 0
6165 -0.1383047284656528 -0.06503208243209452 0
6166 -0.09158576556856929 -0.04274286618449902 0
6167 -0.111471321239254 -0.02613835267003404 0
6168 -0.114945247017111 -0.05388747430829677 0
6169 0.8416851834351303 0.02391077444478057 0
6170 0.8416111731930795 0.02739338853641566 0
6171 0.8383094645959615 0.02777873808917244 0
6172 0.8350817662408941 0.02468147355029415 0
6173 0.8383835896877687 0.02429710804124516 0
6174 0.2094904356645508 -0.06027188396525762 0
6175 0.2110058382264577 -0.06314882999058349 0
6176 0.2143148732594469 -0.06330481322114548 0
6177 0.2161085057305291 -0.06058385042638158 0
6178 0.2127992339607541 -0.06043288820731013 0
6179 0.5203159118750931 -0.2243077654964064 0
6180 0.5255494195900849 -0.2477914824207611 0
6181 0.547464579074282 -0.205292603949552 0
6182 0.5312734916171915 -0.2030583262608018 0
6183 0.5365069993321835 -0.2265420431851566 0
6184 -0.02785825471678721 -0.01012089578402424 0
6185 -0.02209709302164536 -0.01632819628619666 0
6186 -0.01793983440075436 -0.002148963001282401 0
6187 -0.02577962540634166 -0.003031279141567107 0
6188 -0.02001846371119981 -0.009238579643739531 0
6189 0.6921363445221532 0.04433988673506201 0
6190 0.6954858345779634 0.04442658090124131 0
6191 0.6896003446926731 0.0524830647288726 0
6192 0.689193599579508 0.04836812864887765 0
6193 0.6925430896353182 0.04845482281505695 0
6194 0.3889529417423419 -0.07583387955907391 0
6195 0.3908448006988005 -0.07179946679495579 0
6196 0.3891990643550082 -0.06739612189345873 0
6197 0.3856614690547573 -0.06702718975607977 0
6198 0.3873072053985496 -0.07143053465757684 0
6199 0.7257647255629278 -0.04233827271058838 0
6200 0.7225216940677998 -0.04213840927813738 0
6201 0.7235236780205926 -0.04969464740518944 0
6202 0.7262657175393241 -0.04611639177411441 0
6203 0.7230226860441962 -0.0459165283416634 0
6204 0.9725033651833345 -0.006734879891692236 0
6205 0.9745360473551903 -0.009356542385612647 0
6206 0.9778178438056107 -0.008904994089024643 0
6207 0.9790669580841754 -0.005831783298516227 0
6208 0.9757853256365608 -0.006284523525877161 0
6209 1.286152390344677 1.824089292008704 0
6210 1.107365026760263 1.751465917062253 0
6211 1.267190378240839 1.638887203401832 0
6212 0.4605927344401953 -0.5400576047675784 0
6213 0.4178889121513301 -0.5558330978054206 0
6214 0.4198514752692539 -0.6228024491644248 0
6215 0.4645178606760431 -0.6739963074855867 0
6216 0.4625552975581192 -0.6070269561265825 0
6217 0.9825150210759552 -0.004907064129158748 0
6218 0.9847139697891705 -0.007055555750309685 0
6219 0.9879950123641235 -0.00659856198151848 0
6220 0.9890771062258614 -0.003993076591576339 0
6221 0.9857962328464389 -0.004451285116338574 0
6222 0.9624118614117367 -0.008421903803246981 0
6223 0.964200608168117 -0.01139187735252459 0
6224 0.9674831309534911 -0.01094563973379207 0
6225 0.968976906982485 -0.007529428565781946 0
6226 0.9656945447703364 -0.007976847360896438 0
6227 0.5157129290782345 0.2377761075847704 0
6228 0.4928061370681466 0.2277316261179048 0
6229 0.5282535668476684 0.1992764464638028 0
6230 0.5334366439679954 0.2235485177577193 0
6231 0.5105298519579076 0.2135040362908538 0
6232 0.0767807613515088 -0.08744051402078099 0
6233 0.07553330840641415 -0.07834138803433634 0
6234 0.06764109259916451 -0.07160692731762927 0
6235 0.06099632973700958 -0.07397159258736687 0
6236 0.06888854554425922 -0.08070605330407392 0
6237 0.7754506086954643 -0.03127705538012922 0
6238 0.777726979954835 -0.03439429720420271 0
6239 0.7810202690471155 -0.03403606313415734 0
6240 0.7820371868800252 -0.03056058724003846 0
6241 0.7787440018116254 -0.03091977761562817 0
6242 0.08891684442678155 0.1958706021291159 0
6243 0.2490258428245845 -0.06217475091593624 0
6244 0.2503530287867313 -0.06546519470016882 0
6245 0.2536649032317065 -0.06553966392078443 0
6246 0.2556495917145349 -0.06232368935716748 0
6247 0.2523376252712859 -0.06225331021315289 0
6248 0.5024327443084059 0.05526443358595049 0
6249 0.5006646035645117 0.0586097854228841 0
6250 0.4973472515902348 0.05882179282801255 0
6251 0.4957980403598521 0.05568844839620739 0
6252 0.49911549433302 0.05547803704729524 0
6253 0.8385751973782363 -0.03390936116623435 0
6254 0.8400968085197663 -0.03784871565141594 0
6255 0.8457791245736037 -0.03150943375537769 0
6256 0.8414163554051549 -0.03073972021821523 0
6257 0.842937966546685 -0.03467907470339681 0
6258 0.5895765860285577 0.08690738386027368 0
6259 0.5833371320973129 0.09311452422367619 0
6260 0.5816153655841985 0.0858995452976726 0
6261 0.6862011245606094 -0.03997505292022571 0
6262 0.6882083722066272 -0.04270691819228459 0
6263 0.6915057296481286 -0.04238829869112 0
6264 0.6927958394436124 -0.03933781391789651 0
6265 0.6894985804506366 -0.03965745225837473 0
6266 0.5214420775174838 0.1130797656262153 0
6267 0.5181023560515365 0.1246609374570838 0
6268 0.5097664088121341 0.1186864713159765 0
6269 0.4212283606779216 0.1007702831174907 0
6270 0.7911010346773117 0.02866956615178939 0
6271 0.7899836266073176 0.03126257477865836 0
6272 0.786679437484602 0.03162604175952038 0
6273 0.7844926564318805 0.02939650011351342 0
6274 0.7877969516672505 0.02903399777495207 0
6275 0.2593764266612469 -0.06239941428845714 0
6276 0.2611185731251304 -0.06569111378336374 0
6277 0.2644308032274026 -0.06574761436635865 0
6278 0.2660008868657913 -0.06251241545444697 0
6279 0.2626885902218461 -0.06245981421221651 0
6280 1.712312013391001 -2.48543839436419 0
6281 1.673857555663449 -2.253372719834283 0
6282 1.515780091152331 -2.411422723421906 0
6283 0.05428973220089317 0.0688369922183602 0
6284 0.05453677541592233 0.07828256632620738 0
6285 0.04549672647523684 0.07170620562074964 0
6286 0.9555835879829097 0.01248591105249232 0
6287 0.9530937260546574 0.009641751553452356 0
6288 0.9563884242513705 0.009200459755776281 0
6289 0.7809645619561285 0.03020844696897023 0
6290 0.7796232485330978 0.03324993547043399 0
6291 0.7763185855124195 0.03360906822353887 0
6292 0.7743552359147716 0.03092671247517998 0
6293 0.7776600036145767 0.03056854295867302 0
6294 0.5325559226033376 0.08890851403411218 0
6295 0.8004270500696861 0.02770478391573849 0
6296 0.7987245343795351 0.0304364624289468 0
6297 0.7954208267086913 0.03080427980307688 0
6298 0.7938196347279985 0.02844041866399865 0
6299 0.797123450184462 0.02807356941199413 0
6300 0.1303144967752788 -0.05412982476304636 0
6301 0.1318615283427514 -0.05752955507626279 0
6302 0.1351511107134605 -0.05792020572105547 0
6303 0.1368936615166971 -0.05491112605263174 0
6304 0.1336030594189692 -0.05452906017468531 0
6305 0.1997584196310546 -0.06033498079328823 0
6306 0.2014653777027224 -0.06381268020801384 0
6307 0.2047732348838081 -0.06399189906180355 0
6308 0.206374133993226 -0.06069341850086764 0
6309 0.2030659890378528 -0.06051950996324755 0
6310 0.5972204702913495 0.07003958419374073 0
6311 -0.001218555243974351 0.00685403603503964 0
6312 -0.002964873572219806 0.009674327905446966 0
6313 -0.006557441235354233 0.0005001501475456411 0
6314 -0.003014839075541509 0.002266947156088977 0
6315 -0.004761157403787075 0.005087239026496302 0
6316 2.573013294197633 0.5260637470865305 0
6317 2.595770245873711 0.7127858036970269 0
6318 2.45637852438322 0.8366846593097802 0
6319 2.294229851216652 0.773861458312037 0
6320 2.433621572707143 0.6499626026992837 0
6321 0.1563887062376349 0.08316965395745896 0
6322 0.160611981282839 0.07817417750578148 0
6323 0.1686487408740786 0.08627758689617432 0
6324 0.1604070860332547 0.08722135865265537 0
6325 0.1646303610784589 0.0822258822009779 0
6326 1.041279587403414 -0.08410234366139731 0
6327 1.059417652421804 -0.08749942252584568 0
6328 1.049277410772539 -0.07091272843137385 0
6329 0.4173293662155768 -0.07051664047679518 0
6330 0.4217495813858518 -0.0729022662184273 0
6331 0.4251148657594521 -0.07167055953436956 0
6332 0.4240599349627774 -0.06805322710867968 0
6333 0.4196397197925024 -0.06566760136704755 0
6334 0.4162744354189021 -0.06689930805110531 0
6335 0.4206946505891771 -0.06928493379273744 0
6336 0.3689781408416346 -0.07411741638143703 0
6337 0.3654638847872408 -0.07143163415279349 0
6338 0.3637853489000473 -0.07657756936238058 0
6339 0.3089974646205047 -0.06224314230638585 0
6340 0.3106723967417785 -0.06502339617913407 0
6341 0.3139850364495365 -0.06500130762652127 0
6342 0.3156227440360208 -0.06219896520116026 0
6343 0.3123101251764223 -0.06222418270636383 0
6344 -0.09906621619293393 -0.7297495761340689 0
6345 2.93980690053424 0.6507330315224005 0
6346 2.779167049042014 0.7751204459149619 0
6347 2.756410097365936 0.5883983893044654 0
6348 0.1599881794849538 -0.0574745491980748 0
6349 0.1615669681104729 -0.06102857479403816 0
6350 0.1648671786497808 -0.06131600714383837 0
6351 0.1665886005635698 -0.05804941389767521 0
6352 0.1632877952066829 -0.05776880963320125 0
6353 -0.07147677514413037 -0.04259760329071148 0
6354 -0.07125334039037617 -0.02584782688245895 0
6355 -0.09113889606106101 -0.009243313367993977 0
6356 -0.1112478864854999 -0.009388576261781521 0
6357 -0.0913623308148151 -0.0259930897762465 0
6358 0.41309906528201 0.06640092114057654 0
6359 0.4164912110747706 0.0654733225364654 0
6360 0.4165792057712435 0.07413673586430598 0
6361 0.4131430626302465 0.07073262780449684 0
6362 0.4165352084230071 0.06980502920038568 0
6363 0.4261489739390624 0.1403366427411047 0
6364 0.8291862677705881 0.07958650943253684 0
6365 0.8203765535060256 0.08464468647595635 0
6366 0.8206025690497284 0.07457215758331458 0
6367 0.1465299699259917 -0.09004816804466589 0
6368 -0.08950142750081119 -1.260349381876192 0
6369 -0.1000097729108071 -1.418937911618988 0
6370 0.01840417505334879 -1.476472958756974 0
6371 0.1473264684275006 -1.375419476152166 0
6372 0.02891252046334475 -1.317884429014179 0
6373 0.6862451168046836 0.06739342880632047 0
6374 0.6881261033052608 0.06199571480759401 0
6375 0.6929420406522895 0.06701050172554437 0
6376 0.5569061195231405 -0.06005267437073138 0
6377 0.5544085013424978 -0.06250585286349263 0
6378 0.5558879721419038 -0.06723295387074033 0
6379 0.5598650611219523 -0.06950687638522676 0
6380 0.5583855903225464 -0.06477977537797908 0
6381 0.05276622190945551 1.285361023008955 0
6382 0.06564312811148021 1.153376869825941 0
6383 0.1750456370593244 1.199583101068838 0
6384 0.6822339477622116 0.0456957629566148 0
6385 0.6855104011142773 0.04497447776274875 0
6386 0.6863238913406072 0.05320434992273865 0
6387 0.6826406928753765 0.04981069903660974 0
6388 0.6859171462274423 0.04908941384274369 0
6389 1.815476596867337 1.848697666815982 0
6390 0.8390348141102634 -0.0468242458243115 0
6391 0.8364512085592304 -0.05186042151202547 0
6392 0.8432219183450314 -0.04907250299978745 0
6393 0.3138310987556341 0.06220410081481552 0
6394 0.3121807744902729 0.06499662616437818 0
6395 0.3088681189158883 0.06501618457819909 0
6396 0.3072057876068648 0.06224321764245735 0
6397 0.3105184617789829 0.06222681183388325 0
6398 0.1267568028295854 0.07102383419505288 0
6399 0.1241382452719045 0.06571260855846156 0
6400 0.1246816865532041 0.06013092652673981 0
6401 0.1278436853921846 0.0598604701316094 0
6402 0.1304622429498655 0.06517169576820071 0
6403 0.1299188016685658 0.07075337779992247 0
6404 0.1273002441108851 0.06544215216333114 0
6405 0.182146419155335 0.08274232292527411 0
6406 0.1874024425957674 0.08015083071085494 0
6407 0.1882702402120857 0.08721701305354951 0
6408 3.062557803337713 -0.4240983680179261 0
6409 3.103626007129301 -0.2204374622854698 0
6410 2.94962950726271 -0.2921684632316219 0
6411 0.304173178501475 0.06268615749305141 0
6412 0.3028029007051085 0.06590206427938722 0
6413 0.2994901914969751 0.06590713631200182 0
6414 0.2975477600852082 0.0626963015582806 0
6415 0.3008604743081443 0.06269451634506777 0
6416 0.9010193369452012 -0.05394973196441515 0
6417 0.9071315695427873 -0.05112919746153967 0
6418 0.9006341619260428 -0.04691601543269719 0
6419 0.5580216482176973 -0.07344084642934616 0
6420 0.5522011463333936 -0.07510089395897911 0
6421 0.5577527231525694 -0.08078255746475886 0
6422 0.4927059245428485 0.05528105659808091 0
6423 0.4911630199562275 0.05800700923175959 0
6424 0.4878452102464044 0.05821172791029218 0
6425 0.4860703051232022 0.05569049395514609 0
6426 0.4893882162285769 0.05548741860898365 0
6427 0.1390398774612785 2.203927873243227 0
6428 0.9191123153213741 1.131347578807149 0
6429 0.8230297533212657 1.100309170808343 0
6430 0.8783500985472135 1.002620853779824 0
6431 0.3937093044176103 0.06108639983169985 0
6432 0.3924560219394192 0.06460093291779584 0
6433 0.3891453610242141 0.06471755925111509 0
6434 0.3870879825872001 0.06131965249833835 0
6435 0.390398724572312 0.06120532770139374 0
6436 0.9822915690936589 0.005389937561086729 0
6437 0.9843348461346153 0.00801192000385781 0
6438 0.9796503020520168 0.009655335789899673 0
6439 0.3389685398260538 -0.06762523392675129 0
6440 0.3356731897168858 -0.06759638830041319 0
6441 0.3325784568182898 -0.07089010719550221 0
6442 0.3327790740288619 -0.07421267171692932 0
6443 0.3360744241380299 -0.07424151734326742 0
6444 0.3391691570366259 -0.07094779844817842 0
6445 0.3358738069274578 -0.07091895282184031 0
6446 0.1585222809846297 0.1389825659923242 0
6447 0.1624880121315478 0.1244466514867202 0
6448 0.1721384483131395 0.1317025663348045 0
6449 0.1399056998598596 -0.05456664087732669 0
6450 0.1411751873997856 -0.05723123537044538 0
6451 0.1444689659978769 -0.05758479136843681 0
6452 0.1464932570560422 -0.05527375287330955 0
6453 0.1431986286405804 -0.05492811206167027 0
6454 -0.07234077410191958 0.005852263174659206 0
6455 -0.07365164256721707 0.02080257682352485 0
6456 -0.09376063299165599 0.0206573139297373 0
6457 -0.1125587549507974 0.005561737387084121 0
6458 -0.09244976452635839 0.005707000280871664 0
6459 2.203235672384225 2.857761051491155 0
6460 2.379245090856864 2.758755282743951 0
6461 2.307580304721899 3.056019069281536 0
6462 0.5121462626541652 0.05415858181874683 0
6463 0.5101409630621789 0.05705532414406946 0
6464 0.5068240706642284 0.05727440489593369 0
6465 0.5055124778582643 0.05459674332247529 0
6466 0.5088294724689797 0.05437921011945271 0
6467 -0.3151052306748722 0.8843758731143483 0
6468 -0.4280293496962391 0.9681419159072936 0
6469 -0.5312117059835049 0.91994111319467 0
6470 -0.5214699432494037 0.7879742676891009 0
6471 -0.4182875869621378 0.8361750704017246 0
6472 0.3235610652750479 0.06271410684424743 0
6473 0.3217030737555518 0.06611699834393983 0
6474 0.3183905291643691 0.06615045171750578 0
6475 0.3169359760926821 0.06278101359137932 0
6476 0.3202485512129543 0.06275058459398784 0
6477 0.5428540476562087 0.0525669913045537 0
6478 0.5417127813737282 0.05596491161861862 0
6479 0.5383972688570616 0.05620397007527033 0
6480 0.5362230226228754 0.05304510821785712 0
6481 0.5395386372474362 0.05280746593030382 0
6482 0.8149658138759768 1.201018640648388 0
6483 0.7329635913397101 -0.0509511744333824 0
6484 0.7309856741988829 -0.0467446552882109 0
6485 0.7282436346801513 -0.05032291091928592 0
6486 3.008945774967275 0.8755444213772782 0
6487 0.2937088865959209 0.06275930507730422 0
6488 0.2918124445184006 0.06603314335004906 0
6489 0.2884997469143603 0.06602309740877996 0
6490 0.2870834913878402 0.06273921319476604 0
6491 0.2903961785629129 0.06275269185727277 0
6492 0.5848376663827128 0.06176781859098408 0
6493 0.5820661125705292 0.05847374262455596 0
6494 0.5823833322809993 0.05466186331685463 0
6495 0.5854721058036527 0.05414405997558142 0
6496 0.5851548860931828 0.05795593928328274 0
6497 0.9190680788552146 -2.150544041789272 0
6498 0.3492309178252149 -0.07256426439277951 0
6499 0.3467451476655654 -0.07541703209802611 0
6500 0.3509633621873488 -0.07738831801457227 0
6501 0.3263801188788346 0.1153469563156598 0
6502 0.3198839430701367 0.1234955053061865 0
6503 0.3160592855481291 0.1132189753135558 0
6504 0.7402247236480276 -0.05347483017519364 0
6505 0.7455079388155179 -0.05179196677183337 0
6506 0.7384619980528905 -0.04614386163840777 0
6507 0.7367017532667138 -0.05065077760848084 0
6508 0.7419849684342041 -0.04896791420512057 0
6509 0.6097180490964291 0.1313526804882357 0
6510 0.6101208603623698 0.1182622542846643 0
6511 0.6206221459611427 0.1260806333919266 0
6512 0.2119889436398797 -0.09326724122818363 0
6513 0.2106583203941333 -0.08614990688055973 0
6514 0.2048461216588954 -0.09041987706457846 0
6515 0.5825903114281464 -0.06567076732136325 0
6516 0.5872146575136248 -0.065007539092877 0
6517 0.5882027758070705 -0.06122150494240194 0
6518 0.5845665480150377 -0.05809869902041315 0
6519 0.5799422019295595 -0.05876192724889941 0
6520 0.5789540836361138 -0.06254796139937445 0
6521 0.5835784297215921 -0.0618847331708882 0
6522 0.04788005003515122 0.1161984062848959 0
6523 2.384586293141723 -0.206734087299046 0
6524 0.6664913533352746 -0.2459361794278833 0
6525 0.6802864464396799 -0.2628187261250857 0
6526 0.6911853959763123 -0.2454248231269969 0
6527 0.1065722603225941 0.0619934358070423 0
6528 0.1033621153743586 0.06507998213942918 0
6529 0.1001502129964811 0.06397429236236862 0
6530 0.1001484555668393 0.0597820562529212 0
6531 0.1033586005150748 0.05669550992053431 0
6532 0.1065705028929523 0.05780119969759486 0
6533 0.1033603579447167 0.06088774602998175 0
6534 0.4624131293050259 -0.07422653753094335 0
6535 0.4577755433608179 -0.07326718628617056 0
6536 0.4533517454310365 -0.07767298047628791 0
6537 0.4535655334454631 -0.08303812591117805 0
6538 0.4579893313752445 -0.0786323317210607 0
6539 0.6547346305044871 -0.0576152533662873 0
6540 0.652537834836452 -0.05333897002922137 0
6541 0.649400422586728 -0.05663501792587348 0
6542 1.868952594278686 -2.159805496511355 0
6543 2.102502090621476 -2.298303947718335 0
6544 2.026374974688467 -1.996582480764916 0
6545 0.1552807629051228 1.648643313811479 0
6546 0.8997982563864068 -0.06390547885585654 0
6547 0.9046894084251985 -0.07104069124442246 0
6548 0.905910488983993 -0.06108494435298106 0
6549 0.6849499691715448 0.05778822688189947 0
6550 0.6798928485372516 0.05897845295493139 0
6551 0.6762096500720209 0.05558480206880249 0
6552 0.6775835722410833 0.05100092510964167 0
6553 0.681266770706314 0.05439457599577056 0
6554 0.3443096679144148 0.06916789393507031 0
6555 0.3474995405586222 0.06755902157869163 0
6556 0.3525551413056123 0.06891414151452928 0
6557 0.354420869408395 0.07187813380674557 0
6558 0.3493652686614049 0.07052301387090792 0
6559 -0.04653796229400425 -0.1358365256104821 0
6560 -0.02070502666572588 -0.144085916758775 0
6561 -0.03033942275582707 -0.1243147951185866 0
6562 0.2629849802814485 -0.09053219597078889 0
6563 0.2594534767151925 -0.08622621022734375 0
6564 0.2549746345424809 -0.09224833809556955 0
6565 0.8301013058227463 0.02562659160997256 0
6566 0.8283485437596658 0.02966897420852928 0
6567 0.8250463214905595 0.03004989681424059 0
6568 0.8234968612845337 0.02638843682139518 0
6569 0.826799196711905 0.02600849518163047 0
6570 0.1495540778835224 -0.05643631887839629 0
6571 0.1505906076528372 -0.05990992337861028 0
6572 0.1538878885679129 -0.06022919311991999 0
6573 0.1561486397136739 -0.05707485836101572 0
6574 0.1528506483918382 -0.05676292377112368 0
6575 0.846218802914823 0.246989437626091 0
6576 0.8245916980046561 0.2760724158737872 0
6577 0.7937057935737906 0.2706266731565111 0
6578 0.7844469940530916 0.2360979521915388 0
6579 0.8153328984839574 0.2415436949088149 0
6580 -0.848369448381193 -0.5803457783010951 0
6581 -0.9679855088789768 -0.6634286537243829 0
6582 -0.8549877357442488 -0.6968822458720393 0
6583 0.2839046343948729 0.06218460789038272 0
6584 0.2821420329284258 0.06491388680001334 0
6585 0.2788294211505329 0.06488804634633787 0
6586 0.2772794108390873 0.06213292698303176 0
6587 0.2805919945955102 0.062162356823877 0
6588 0.4482236844270892 -0.05763143725824059 0
6589 0.4500658059628703 -0.05996819831594967 0
6590 0.4533739439397872 -0.05979411909273681 0
6591 0.454839960380923 -0.05728327881181488 0
6592 0.4515319198355141 -0.05745920967184523 0
6593 0.5325039589011847 0.0539115132923646 0
6594 0.5309591414136805 0.05793678022428529 0
6595 0.5276431691160112 0.05816937368093431 0
6596 0.5258720143058462 0.05437670020566264 0
6597 0.5291880888329371 0.05414556421805342 0
6598 0.5944791299180603 0.09506457872168091 0
6599 0.8806718311714546 0.02028949181685038 0
6600 0.8799799575514288 0.02490964471609184 0
6601 0.8766804044731089 0.0253130344529735 0
6602 0.8740727250148148 0.02109627129061368 0
6603 0.8773724034347834 0.02069390678984212 0
6604 0.08011214431835173 0.0623332570906636 0
6605 0.0748320338103175 0.06508278027600971 0
6606 0.0695364565014634 0.06279795668638834 0
6607 0.06952098970064352 0.05776360991142087 0
6608 0.07481656700949768 0.06004843350104224 0
6609 0.6653997837488559 0.4222238396468569 0
6610 0.6250962831415234 0.4616147570496842 0
6611 0.6220286548928198 0.4092076446131933 0
6612 1.025838532598525 -0.8035067829272722 0
6613 0.627084662727116 -0.04592068453517002 0
6614 0.6293557399807539 -0.04916108237170443 0
6615 0.6326557518164105 -0.04887124451862526 0
6616 0.6336846863984292 -0.04534100882901169 0
6617 0.6303847732245149 -0.04563197002715691 0
6618 0.2178564037935724 0.4806109664002691 0
6619 0.2556058173689961 0.446732877104488 0
6620 0.3266238019815685 0.453591517921509 0
6621 0.3598923730187171 0.4943282480343112 0
6622 0.3221429594432935 0.5282063373300924 0
6623 0.2511249748307211 0.5213476965130713 0
6624 0.2888743884061448 0.4874696072172902 0
6625 0.2538395783871406 0.06224054177647528 0
6626 0.2518236045932657 0.06540932595374736 0
6627 0.2485118062957973 0.06533154754678629 0
6628 0.2472159817922038 0.06208498496255314 0
6629 0.2505276831666863 0.06216688902054031 0
6630 0.3294196045989232 -0.06839685701072512 0
6631 0.3264613695901285 -0.06922617134737515 0
6632 0.3296202218094952 -0.07171942153215223 0
6633 0.5874895547820745 -0.05351132341286993 0
6634 0.5842099375025398 -0.05424360825564714 0
6635 0.5878461652945726 -0.05736641417763594 0
6636 2.083832001238688 2.420620676983983 0
6637 2.055529127575136 2.688693748611171 0
6638 1.84199293408896 2.830740389901923 0
6639 1.656759614266335 2.704713959565488 0
6640 1.870295807752511 2.562667318274735 0
6641 1.111402800157047 -0.01799520897453274 0
6642 1.116983575146926 0.001692943090550267 0
6643 1.10370103858397 0.01837304185714273 0
6644 1.084837727031135 0.01536498855865217 0
6645 1.098120263594091 -0.001315110207940286 0
6646 0.4139137863831247 0.07733716324840006 0
6647 0.4078122238540088 0.07713348257268499 0
6648 0.4043760807130118 0.07372937451287584 0
6649 0.4070415001011306 0.07052894712878177 0
6650 0.4104776432421277 0.07393305518859092 0
6651 0.6508689448512922 -0.2614029412434702 0
6652 0.08319585650980232 -0.04734669213890515 0
6653 0.7038809254881847 0.08961943252192095 0
6654 0.2438593269558524 0.06133903357477302 0
6655 0.2417984966230945 0.06383964477122604 0
6656 0.2384872002597499 0.06374284091243027 0
6657 0.2372367342291632 0.06114542585718145 0
6658 0.2405479038731933 0.06124656308030485 0
6659 1.162992047052206 2.141690635444036 0
6660 1.313965900490649 2.019201651199596 0
6661 1.316161413995522 2.246526605290895 0
6662 0.09666592530947771 -0.06271773352218354 0
6663 0.1012157091264026 -0.06557130384628783 0
6664 0.1006719903812976 -0.0615532563931841 0
6665 0.4231288609870825 0.05907747665215198 0
6666 0.4215061089273068 0.06181160029225311 0
6667 0.4181966169243073 0.0619576883564283 0
6668 0.4165098769810834 0.05936965278050235 0
6669 0.4198194602147203 0.05922563159576373 0
6670 0.1838318200271185 0.07141565727129962 0
6671 0.1882451430316592 0.0744874978838677 0
6672 0.1829891195912267 0.07707899009828685 0
6673 0.03672105136602849 -0.08277386902480029 0
6674 0.8107099273422546 0.02690334193191981 0
6675 0.8093806298563491 0.02995010122415406 0
6676 0.8060774101669081 0.03032227547843561 0
6677 0.8041034879633726 0.02764769044048289 0
6678 0.8074068167577215 0.02727648454266402 0
6679 0.3838366279243076 0.06111174330188578 0
6680 0.3826426516984291 0.06430174085820997 0
6681 0.3793316358928331 0.06440781065960517 0
6682 0.3772145963131155 0.06132388290467619 0
6683 0.3805256886926524 0.06122020364460751 0
6684 0.4630802394540151 -0.0675892541494993 0
6685 0.4650654773516245 -0.07138757146260771 0
6686 0.4681544130263712 -0.06295216813526364 0
6687 0.4646247072913884 -0.06337155248582725 0
6688 0.4666099451889978 -0.06716986979893566 0
6689 0.4831299664209345 0.05644763857635972 0
6690 0.481964532841869 0.05972601715271943 0
6691 0.4786576524121945 0.05992254519002412 0
6692 0.4765162055615855 0.05684069465096909 0
6693 0.4798231861449099 0.05664585191364191 0
6694 0.6013230068233729 0.1265035850561151 0
6695 0.4034273888325693 0.05993678620667136 0
6696 0.4019613299090143 0.06268210525798662 0
6697 0.3986510429555732 0.06280890512140255 0
6698 0.3968068149256873 0.06019038593350321 0
6699 0.4001171869394622 0.06006580686173382 0
6700 0.4358809325096681 -0.06547423838738572 0
6701 0.4392500356582716 -0.0654165743232332 0
6702 0.437195603933878 -0.06222743203805781 0
6703 0.2993757921561032 -0.06200919333938572 0
6704 0.3013671642860459 -0.06453236791520887 0
6705 0.3046798684437362 -0.06452465780523391 0
6706 0.3060012004714836 -0.06199377311943578 0
6707 0.3026885038887666 -0.06200474510467613 0
6708 0.274030901536776 0.0625115647436171 0
6709 0.2723324025459104 0.06564532186750856 0
6710 0.2690199611581638 0.06560296017934009 0
6711 0.2674060187612829 0.06242684136728015 0
6712 0.2707184121034026 0.06247295801275934 0
6713 0.08132871547430393 -0.0807610417888088 0
6714 0.9143989416149562 -0.02127485037183702 0
6715 0.9109459429458562 -0.02066663197913406 0
6716 0.9080383071120015 -0.02370803259589913 0
6717 0.9085836699472469 -0.02735765160536716 0
6718 0.9114913057811016 -0.02431625098860208 0
6719 0.4635988583314501 0.057877223061295 0
6720 0.4627449480010087 0.06142917152192014 0
6721 0.4594371720115293 0.06160999939751543 0
6722 0.4569833063524914 0.05823887881248557 0
6723 0.460291180889094 0.0580598536721461 0
6724 -0.1382819508488937 0.2721607590384829 0
6725 -0.1739827006158576 0.3117565974246262 0
6726 -0.2152532633485588 0.3008542713408783 0
6727 -0.2208230763142963 0.2503561068709871 0
6728 -0.1795525135815949 0.2612584329547349 0
6729 0.04656262006587203 0.0374527468817166 0
6730 0.04402764383824304 0.03981301354162464 0
6731 0.04088023231643573 0.03878047915398177 0
6732 0.04026779702225741 0.03538767810643088 0
6733 0.04340513978717925 0.03645087240110619 0
6734 0.795947309338383 -0.03804732403175563 0
6735 0.7930704188951879 -0.04209369705002988 0
6736 0.8036038633796105 -0.04125017826183004 0
6737 0.8012140315805942 -0.0376255646376557 0
6738 0.7983371411373992 -0.04167193765592996 0
6739 0.522037566460482 0.05440417610607896 0
6740 0.519974273425283 0.05822432548176695 0
6741 0.5166578410087731 0.0584502630694447 0
6742 0.5154047016274623 0.05485605128143445 0
6743 0.5187212362810443 0.05463161442011124 0
6744 -0.01303182073932013 -0.2134851147390987 0
6745 -0.03107212463375358 -0.2040074326071344 0
6746 -0.0562076433166307 -0.2199080944882456 0
6747 -0.06330285810507424 -0.2452864385013211 0
6748 -0.03816733942219724 -0.2293857766202099 0
6749 0.2008399413227568 -0.07055580896286037 0
6750 0.1985075468711235 -0.0738212383029813 0
6751 0.2028917284474224 -0.07446987326625917 0
6752 0.323110639981903 0.06914307821760884 0
6753 0.3263761977277502 0.06876626659158544 0
6754 0.3242607850048668 0.07861899436472342 0
6755 0.3220529336204613 0.07406944210417782 0
6756 0.3253184913663085 0.07369263047815443 0
6757 0.2345710489752264 0.06105920041782451 0
6758 0.2331558297518763 0.0635703900337164 0
6759 0.2298451789140959 0.06345359016482204 0
6760 0.2279497472996657 0.06082560068003581 0
6761 0.2312602373683127 0.06094695633133065 0
6762 0.6132617447863542 -0.08586250335632409 0
6763 0.6088875089187928 -0.09193265196315578 0
6764 0.6180292649858837 -0.09279106996523574 0
6765 0.08597330462505254 0.08955913268725112 0
6766 0.0879112780817139 0.09938930365406173 0
6767 0.07622280044590607 0.09222552559178911 0
6768 0.1742709029741846 0.05810882562253917 0
6769 0.1720979692904285 0.0607937561890906 0
6770 0.1687957130545026 0.06053085083449252 0
6771 0.1676663905023327 0.05758301491334301 0
6772 0.1709681327284723 0.0578523752486188 0
6773 0.1646334894292966 0.057346339064734 0
6774 0.1627299109084303 0.06005749913727449 0
6775 0.1594301873871275 0.05976453217158949 0
6776 0.158034042386691 0.056760405133364 0
6777 0.1613331520413555 0.05706028473340582 0
6778 0.2640060078374116 0.06176527061394594 0
6779 0.2622199393104211 0.06427981867267166 0
6780 0.2589077645826255 0.06422016368733266 0
6781 0.2573816583818205 0.06164596064326793 0
6782 0.2606937622750019 0.06170954703165066 0
6783 0.6956659282401326 -0.03852161474742677 0
6784 0.697245907241169 -0.04075590035018052 0
6785 0.7005428219787214 -0.04043273202189735 0
6786 0.7022597577152375 -0.03787527809086044 0
6787 0.6989629413289743 -0.03819944978866864 0
6788 0.5482626821781706 0.5574990259982445 0
6789 0.5117325818221501 0.6139923775439775 0
6790 0.447855302329375 0.6253454787755115 0
6791 0.4205081231926204 0.5802052284613125 0
6792 0.4843854026853955 0.5688521272297784 0
6793 0.9042065437547826 -0.02081281371198437 0
6794 0.900920143232809 -0.02156721383753763 0
6795 0.9014655060680543 -0.02521683284700566 0
6796 0.9052972694252732 -0.02811205173092042 0
6797 0.9047519065900279 -0.0244624327214524 0
6798 0.5706641081462117 -0.481883301760213 0
6799 0.3133226704419313 0.07571258140501792 0
6800 0.3165838763389937 0.07261623562432508 0
6801 0.318791727723399 0.07716578788487066 0
6802 0.5919919053016289 0.04808230454128437 0
6803 0.5902763923139677 0.05085428058779629 0
6804 0.5869631627184383 0.05112313491947419 0
6805 0.5853654461105702 0.04862001320464018 0
6806 0.5886787762888018 0.04835239842437308 0
6807 0.2247031067259138 0.06148236040507043 0
6808 0.223351897766592 0.06476710961489128 0
6809 0.2200420570861096 0.06462926200742246 0
6810 0.218083425364949 0.06120666519013277 0
6811 0.2213930661011825 0.06134931254095655 0
6812 1.512532034946033 -0.8084404490405247 0
6813 1.596046835856663 -0.7833205817295257 0
6814 1.614172120505679 -0.6693781833283744 0
6815 1.548782604244065 -0.5805556522382219 0
6816 1.530657319595049 -0.6944980506393732 0
6817 0.474972278481215 0.08415834683424837 0
6818 0.4737742410228329 0.07816906005311236 0
6819 0.4783377309213481 0.07244681963928166 0
6820 0.4840992582782452 0.07271386600658696 0
6821 0.4852972957366273 0.07870315278772297 0
6822 0.4807338058381123 0.08442539320155366 0
6823 0.4795357683797302 0.07843610642041765 0
6824 0.4187353929918883 -0.05928211102379095 0
6825 0.4208701985789955 -0.06185900285339038 0
6826 0.4241796169060588 -0.06171125491263558 0
6827 0.4253542296460149 -0.05898661514228135 0
6828 0.4220449029991401 -0.05913641676188872 0
6829 0.4584426535098071 -0.06662990290472651 0
6830 0.4557903054632084 -0.06946886897306215 0
6831 0.4604278914074165 -0.07042822021783492 0
6832 0.7955269345885345 -0.03435742388604657 0
6833 0.7922296693954911 -0.03471389675861179 0
6834 0.7893527789522961 -0.03876026977688603 0
6835 0.7897731537021444 -0.04245016992259509 0
6836 0.7926500441453395 -0.03840379690432083 0
6837 0.02304441404186336 -0.02822701830548765 0
6838 0.02312420490561107 -0.03142452702659721 0
6839 0.02614473553400282 -0.03278285150530959 0
6840 0.0290854752986468 -0.03094366726291242 0
6841 0.02604166309363176 -0.02963700315503375 0
6842 0.002019343114153693 0.01256538290138476 0
6843 -0.001345924393155784 0.01253000133861953 0
6844 0.0001023166691616617 0.009875405070913296 0
6845 0.4897805622132971 0.06889826220440759 0
6846 0.4897003387914519 0.06481561203492293 0
6847 0.4927122311866102 0.06114035366356475 0
6848 0.4958043470036139 0.06154774546169123 0
6849 0.4958845704254591 0.0656303956311759 0
6850 0.4928726780303008 0.06930565400253408 0
6851 0.4927924546084555 0.06522300383304941 0
6852 0.4694090939695542 0.08686416463857993 0
6853 0.4626478719995113 0.08358069566177548 0
6854 0.4682110565111721 0.08087487785744392 0
6855 0.7176218542168653 -0.06220204456355764 0
6856 0.9578640499105221 -0.02027542822802392 0
6857 0.9572548185169421 -0.01695018723557624 0
6858 0.9534237193952025 -0.01440350589024481 0
6859 0.9502018516670431 -0.01518206553736105 0
6860 0.9508110830606231 -0.01850730652980873 0
6861 0.9546421821823627 -0.02105398787514016 0
6862 0.9540329507887826 -0.01772874688269249 0
6863 0.09200066581885091 0.08166044517962787 0
6864 0.0999660004693107 0.08359192863881525 0
6865 0.09393863927551233 0.09149061614643848 0
6866 -2.279709746487202 1.060920286058551 0
6867 -2.400288311231651 1.265955359352464 0
6868 -2.485748841913513 1.028241581442018 0
6869 -0.02190114186864761 0.06584799035323581 0
6870 -0.0140152844015396 0.07548583689450757 0
6871 -0.02156629395950321 0.08824357745450037 0
6872 -0.03700316098457485 0.09136347147322142 0
6873 -0.02945215142661134 0.0786057309132286 0
6874 0.4932458247782567 0.07835456457571335 0
6875 0.496630863921371 0.08372821677753446 0
6876 0.4886823348797416 0.08407680498954406 0
6877 0.9297015426063118 0.01359668715045738 0
6878 0.9285726279038311 0.0177873362930747 0
6879 0.9252760756906889 0.01821455640820523 0
6880 0.9231084381800274 0.01445112738071844 0
6881 0.9264051329101397 0.01402500696136227 0
6882 0.3947053800824497 0.07105357796825119 0
6883 0.3982080207036713 0.07399168993261056 0
6884 0.3929548768736202 0.07564593262766438 0
6885 0.4548544029456627 0.09894147914050933 0
6886 0.4553705264875655 0.08961935291274019 0
6887 0.4621317484576085 0.09290282188954463 0
6888 0.1840441427730886 0.0602000938759511 0
6889 0.1817313198978331 0.06427195526734132 0
6890 0.1784269435676987 0.06403717612448361 0
6891 0.1774353901128197 0.05973053559023568 0
6892 0.1807393365796328 0.05997136355291299 0
6893 0.1528652808910274 -0.0682950881410955 0
6894 0.1541034243599028 -0.07320664840336674 0
6895 0.1579429641311827 -0.07360633924042582 0
6896 0.1605443604335873 -0.06909446981521367 0
6897 0.1593062169647119 -0.06418290955294244 0
6898 0.155466677193432 -0.06378321871588336 0
6899 0.1567048206623073 -0.06869477897815458 0
6900 0.8376102078450975 -0.04074553303207078 0
6901 0.8336019960288988 -0.03970299592754403 0
6902 0.8310183904778659 -0.04473917161525801 0
6903 0.8324429967430316 -0.05081788440749872 0
6904 0.8350266022940646 -0.04578170871978475 0
6905 0.392048460671991 -0.07885171053108306 0
6906 0.3970358385580987 -0.07783512873897408 0
6907 0.3939403196284496 -0.07481729776696494 0
6908 0.3083206082040578 -0.08311920733836005 0
6909 0.8088425489252432 0.3406142296330772 0
6910 0.814720504755997 0.3760730651446709 0
6911 0.7823000685098966 0.401965574518853 0
6912 0.7440016764330425 0.3923992483814414 0
6913 0.7764221126791429 0.3665067390072593 0
6914 0.8963396882372703 -0.02677078159943952 0
6915 0.8950456337637051 -0.03121994923578814 0
6916 0.9001714515944892 -0.02966600048335427 0
6917 0.2156457533527811 0.4264998206591514 0
6918 0.00872613051500426 0.02175062655020988 0
6919 0.004586727878977126 0.02439256170179561 0
6920 0.0020930870357877 0.02222325272363756 0
6921 0.003738848828625407 0.01741200859389378 0
6922 0.006119581797892348 0.01970997697064809 0
6923 0.4329601509063643 -0.09775350631082952 0
6924 0.4381951204747054 -0.1032528640973543 0
6925 0.4468798338486609 -0.1019692383712754 0
6926 0.4503295776542753 -0.09518625485867181 0
6927 0.4416448642803198 -0.09646988058475066 0
6928 -0.8654550721804184 -0.2352511243279405 0
6929 -0.9868168913456492 -0.3049438039833278 0
6930 -0.9817036029683897 -0.4155119567184125 0
6931 -0.8552284954258995 -0.45638742979811 0
6932 -0.8603417838031588 -0.3458192770630252 0
6933 0.1049290234873884 0.05035717314725304 0
6934 0.1025378608122929 0.0529734966453634 0
6935 0.09926841732945862 0.05244002719914671 0
6936 0.09839013652171991 0.04929023425481965 0
6937 0.1016576756431138 0.04983537103118893 0
6938 0.785956053206367 -0.03588409276354339 0
6939 0.7829797022102862 -0.03669781589590981 0
6940 0.7863764279562153 -0.03957399290925244 0
6941 1.012240118101694 -0.2215625083356967 0
6942 0.4032441174064127 0.3600601719432726 0
6943 0.3653196395546539 0.3334429467144443 0
6944 0.4258722488495059 0.3179581799925179 0
6945 0.4335204220538388 0.3523177885823094 0
6946 0.3955959442020799 0.3257005633534811 0
6947 0.3733986315946018 0.0623551210327312 0
6948 0.3716997064558056 0.06647028691571519 0
6949 0.3683883576925479 0.06656539330491387 0
6950 0.3667759340680862 0.06254533381112858 0
6951 0.3700873541355112 0.06245271034974269 0
6952 -0.2862809789532303 -0.08985120044172946 0
6953 -0.3081642286910078 -0.05191404669409291 0
6954 -0.3680657540221312 -0.05644414257881358 0
6955 -0.406084029615477 -0.09891139221117079 0
6956 -0.3461825042843537 -0.09438129632645013 0
6957 0.1057824331678313 -0.05358419919488787 0
6958 0.1074305296276502 -0.05079766657869481 0
6959 0.1041577458579183 -0.05028494431364002 0
6960 0.8232397442481554 -0.04409464158465221 0
6961 0.8264167642304276 -0.04137755020383475 0
6962 0.8265266441696475 -0.03658724918741731 0
6963 0.8234595041265949 -0.03451403955181733 0
6964 0.823349624187375 -0.03930434056823477 0
6965 0.08214606393381818 -0.1442755678173365 0
6966 0.09495746195178334 -0.1514468737721729 0
6967 0.1103114837600669 -0.14471717513408 0
6968 0.1128541075503854 -0.1308161705411507 0
6969 0.09750008574210178 -0.1375458691792436 0
6970 0.6119706000719454 0.04637022513329392 0
6971 0.6103584660960555 0.04909246761472921 0
6972 0.6070461388155172 0.04937221964155689 0
6973 0.6053459455108687 0.04692972918694929 0
6974 0.6086583728532329 0.04665116192846282 0
6975 0.3642975091019374 0.09363053028316788 0
6976 0.3608021051698433 0.09950913168239929 0
6977 0.3538762017323218 0.09946349444697271 0
6978 0.3504457022268943 0.0935392558123147 0
6979 0.3573716056644158 0.09358489304774127 0
6980 0.3047018745305782 0.3775117657010099 0
6981 0.3160485181167366 0.342168743593313 0
6982 0.3918974738202544 0.3954031940509696 0
6983 0.3426263523823371 0.4041289909298382 0
6984 0.3539729959684955 0.3687859688221412 0
6985 0.1607675548770139 -0.07664931883818775 0
6986 0.1661935419252498 -0.07518042901073754 0
6987 0.1687949382276543 -0.07066855958552538 0
6988 0.1659703474818232 -0.06762557998776346 0
6989 0.1633689511794186 -0.0721374494129756 0
6990 0.7575159827004403 0.06547249930913614 0
6991 0.9608263349015418 -0.09599544721988912 0
6992 0.9751485989885742 -0.1033005447274792 0
6993 0.9721554102304963 -0.08786456455092434 0
6994 0.9628747656574522 -0.01411621601557765 0
6995 0.9597601763904071 -0.01387058112935311 0
6996 0.9609786391775672 -0.02052106311424846 0
6997 0.9634839970510323 -0.01744145700802532 0
6998 0.9603694077839873 -0.01719582212180078 0
6999 0.1295614912133863 -0.08255472604024833 0
7000 0.1268059499064496 -0.07691188028500731 0
7001 0.1219320828294897 -0.08265903467472994 0
7002 0.4131177311883228 0.0602972513846135 0
7003 0.4114123253387861 0.06381288556465059 0
7004 0.408102428911541 0.0639495022149105 0
7005 0.4064979383338327 0.0605704846851333 0
7006 0.4098079231959893 0.06043601075123308 0
7007 0.2422196460507771 -0.07422014266772489 0
7008 0.2423565633309409 -0.07039397950451318 0
7009 0.2394094318923118 -0.06722804720835533 0
7010 0.236325383173519 -0.0678882780754092 0
7011 0.239272514612148 -0.07105421037156703 0
7012 -1.107433593774505 -0.2556373798698773 0
7013 -1.10668847703813 -0.1366382761010395 0
7014 -1.2397614956391 -0.1770240589967084 0
7015 0.3334513896098038 0.06224372280379074 0
7016 0.3315465725417006 0.0653165888846764 0
7017 0.3282341892472461 0.06536337509189304 0
7018 0.326826623020895 0.06233729521822403 0
7019 0.3301390472891704 0.06229341080520596 0
7020 0.5305879450993704 0.1220826882336559 0
7021 0.8202537802704885 0.02548724693025932 0
7022 0.8185601594624692 0.02824751703196888 0
7023 0.8152574340456865 0.02862405230234747 0
7024 0.8136483294369232 0.02624031747101651 0
7025 0.816951165451689 0.02586475229382327 0
7026 0.9458269864967336 -0.0201354469827022 0
7027 0.9446739890545836 -0.0243102687809271 0
7028 0.9496580856184731 -0.02268212832803363 0
7029 0.8901972549353738 0.01753391318293124 0
7030 0.8891338573435903 0.02062257457318343 0
7031 0.8858348747650312 0.02103060361482672 0
7032 0.8835992897782559 0.01834997126621782 0
7033 0.8868984005403668 0.01794297860667429 0
7034 0.1547492186854382 0.05591679445302498 0
7035 0.1528605399846219 0.05807731081091146 0
7036 0.1495638408923849 0.05775209217780436 0
7037 0.1481558205009642 0.05526635718681078 0
7038 0.1514517860516487 0.05559901001774341 0
7039 0.981000833665338 -0.03262916721457669 0
7040 0.9773223307875628 -0.0285034738025692 0
7041 0.9707343216449145 -0.02922119993945635 0
7042 0.9678248153800412 -0.034064619488351 0
7043 0.9744128245226895 -0.03334689335146384 0
7044 0.5937480852819086 0.05123111416717992 0
7045 0.0373437458343529 0.03430225035558652 0
7046 0.03503212994062671 0.03660962365229303 0
7047 0.03423730793563945 0.03315203001800595 0
7048 0.8362414393537363 -0.1424320001942678 0
7049 0.8510018208206378 -0.1527101790063685 0
7050 0.8495628673125 -0.1356329233285495 0
7051 0.3540827330191055 0.1144156209205031 0
7052 0.3508587648004616 0.1234435087593755 0
7053 0.3427152959503894 0.1240470668405429 0
7054 0.337795795318961 0.115622737082838 0
7055 0.3410197635376048 0.1065948492439656 0
7056 0.3491632323876771 0.1059912911627982 0
7057 0.3459392641690333 0.1150191790016706 0
7058 0.4731996167570265 0.05639501315660475 0
7059 0.4720244748030766 0.05903118220129545 0
7060 0.4687171447867149 0.05921999236421405 0
7061 0.4665849567243033 0.05677263348244194 0
7062 0.4698923863452087 0.05658556812997446 0
7063 -0.1229101729148356 0.03721049949081542 0
7064 -0.1271335249123872 0.01383833016762318 0
7065 -0.1083354029532457 0.02893390671027637 0
7066 1.465150794954492 -1.09545496178446 0
7067 1.569952778763034 -1.097368451418656 0
7068 1.592842253059518 -1.010708066152409 0
7069 1.51092974354746 -0.9221341912519665 0
7070 1.406127759738919 -0.9202207016177704 0
7071 1.383238285442434 -1.006881086884017 0
7072 1.488040269250976 -1.008794576518213 0
7073 0.4377979980776192 -0.07263491511811956 0
7074 0.435154913719342 -0.06908340878482892 0
7075 0.4303978184260854 -0.06878389895437866 0
7076 0.4282838074911062 -0.07203589545721904 0
7077 0.4330409027843627 -0.0723354052876693 0
7078 0.5474007872862731 -0.05140863113866615 0
7079 0.5492366501820239 -0.05376310972365676 0
7080 0.55254025916254 -0.05351764919208509 0
7081 0.5540080052473052 -0.05091771007552281 0
7082 0.5507044973983473 -0.05116453174386477 0
7083 0.5525891033139767 0.05124887632071636 0
7084 0.5512377319169998 0.05406470379396384 0
7085 0.547922678326245 0.05431004450830381 0
7086 0.545958996132467 0.0517395577493963 0
7087 0.5492741515813535 0.05149559337249962 0
7088 0.5007523278454575 0.07156431367580174 0
7089 0.4953065567402999 0.072272613024847 0
7090 0.5013303415306167 0.06492209628213064 0
7091 0.5037642202406158 0.06788905530444356 0
7092 0.4983184491354583 0.06859735465348883 0
7093 0.7154162991939309 0.04308918916322466 0
7094 0.7121126608480435 0.04349963177030325 0
7095 0.7134692688134818 0.0403407985670798 0
7096 0.9922006782216469 -0.004002664331220944 0
7097 0.9942421563556945 -0.006617737460807692 0
7098 0.9975224229931614 -0.006155207060262959 0
7099 0.9987612114965807 -0.003077603530131479 0
7100 0.9954811197215181 -0.003541374007264537 0
7101 0.5116818290303181 1.387255245464333 0
7102 1.105193276494366 0.04261285875429366 0
7103 1.087822202851927 0.06384462235295404 0
7104 1.086329964941531 0.0396048054558031 0
7105 0.7419523385521405 -0.06399359653576479 0
7106 0.7384469235163389 -0.05957564505715936 0
7107 0.7352329351218841 -0.06516896859974174 0
7108 0.248617970036287 -0.06802636443670142 0
7109 0.2455557253236959 -0.06729709038900143 0
7110 0.2452818907633681 -0.07494941671542486 0
7111 0.2484810527561231 -0.07185252759991313 0
7112 0.2454188080435321 -0.07112325355221315 0
7113 0.7140427992425382 -0.04082725211121108 0
7114 0.2256719503429644 -0.8963908692407544 0
7115 0.2579847073644945 -0.8256342412875266 0
7116 0.1781803027221618 -0.8277275510150967 0
7117 1.907407052006239 -2.391871171041262 0
7118 0.7713868442503862 0.03094186817720757 0
7119 0.7703818021836486 0.03363937962759406 0
7120 0.767076669873818 0.03399416746396693 0
7121 0.7647765796307248 0.0316514438499533 0
7122 0.7680818157919624 0.03129762347282247 0
7123 0.136986798471967 0.06673683183001791 0
7124 0.1331810794296166 0.07153594583083106 0
7125 0.1342679619922158 0.06037258176738757 0
7126 0.1375302397532666 0.06115514979829616 0
7127 0.1337245207109162 0.06595426379910931 0
7128 0.6278563980282216 -0.1475493127762446 0
7129 0.6399078142795352 -0.1593169679069784 0
7130 0.6537228711665587 -0.1563185172324291 0
7131 0.6554865118022686 -0.1415524114271461 0
7132 0.6416714549152451 -0.1445508621016953 0
7133 0.8244885754147829 -0.02492638982725155 0
7134 0.8264179231953901 -0.02719599111422362 0
7135 0.8297087856778772 -0.02681611121105216 0
7136 0.8310703003797573 -0.02416663002090862 0
7137 0.8277795504450282 -0.02454748491019993 0
7138 0.6864736546621425 0.2172851001774452 0
7139 0.6718174278084852 0.2442257609663891 0
7140 0.6501267401627868 0.2419887947257852 0
7141 0.6430922793707459 0.2128111676962375 0
7142 0.6647829670164442 0.2150481339368413 0
7143 0.6946502333396319 -0.0496120055893828 0
7144 0.6924329265961384 -0.04752539452686314 0
7145 0.6909236681245585 -0.05192549354055655 0
7146 0.729476041904944 -0.108913841072149 0
7147 0.7376417602076509 -0.1174570654663964 0
7148 0.7384960123690991 -0.1060036860794407 0
7149 0.08940754425430181 0.07587481730423236 0
7150 0.09477975734021238 0.0720206728880242 0
7151 0.1027450919906722 0.07395215634721158 0
7152 0.1053382135552213 0.07973778422260709 0
7153 0.09737287890476154 0.07780630076341971 0
7154 0.4328993635424199 0.05914115032764802 0
7155 0.4311198861054532 0.0624046311157618 0
7156 0.4278108101279438 0.06255985893993402 0
7157 0.426281211587401 0.05945160597599243 0
7158 0.4295903811875786 0.05929837406877536 0
7159 -0.2761362940788025 0.4392486031785417 0
7160 -0.3144128289147577 0.376535111183387 0
7161 -0.3050207259614158 0.3263318913957448 0
7162 -0.2573520881721186 0.3388421636032571 0
7163 -0.2190755533361634 0.4015556555984118 0
7164 -0.2284676562895054 0.4517588753860541 0
7165 -0.2667441911254605 0.3890453833908994 0
7166 0.4553778452102065 -0.1492962728014204 0
7167 0.4612148771706885 -0.1637611817441331 0
7168 0.4737813521608649 -0.1651686268955136 0
7169 0.4805107951905593 -0.1521111631041814 0
7170 0.4679443202003829 -0.1507037179528009 0
7171 0.05589604173811907 0.04051794839280264 0
7172 0.05313829790453733 0.0432164951734121 0
7173 0.0499529014784707 0.04230752137661722 0
7174 0.04952524888598592 0.0387000007992129 0
7175 0.05270363065095862 0.03963353718132417 0
7176 0.3429290524587865 -0.07119265296981718 0
7177 0.3435942149823512 -0.07473122638654495 0
7178 0.3485657553016502 -0.06902569097605173 0
7179 0.345414822618436 -0.06833988526457056 0
7180 0.3460799851420007 -0.07187845868129833 0
7181 0.9099328280695366 0.0144312204420428 0
7182 0.908816407724613 0.01690779487153221 0
7183 0.9055186085054595 0.01732528012859406 0
7184 0.9033372296312294 0.01526619095616651 0
7185 0.9066351642391932 0.01484977515933521 0
7186 0.7054844565460285 0.04411114127406143 0
7187 0.7021598905899011 0.04431220817074102 0
7188 0.7035331996388515 0.04128064307042209 0
7189 0.6356566546567792 -0.06674617219247142 0
7190 0.1146953016624038 0.05243020088053064 0
7191 0.1122388534666168 0.05566854517759303 0
7192 0.1089616655680478 0.05518487619948451 0
7193 0.1081409258652658 0.0514628629243136 0
7194 0.1114165640877942 0.05195702892508755 0
7195 0.4525615579578225 0.05866038742345299 0
7196 0.4505936752221916 0.06245301661945026 0
7197 0.4472854588444002 0.06262559930244219 0
7198 0.4459451252022398 0.05900555278943683 0
7199 0.4492534387547975 0.05883483292467739 0
7200 0.963530130172664 -0.0238597062771683 0
7201 0.9685869790412258 -0.024118743333865 0
7202 0.9710923369146909 -0.02103913722764187 0
7203 0.9685408459195941 -0.01770049406472203 0
7204 0.966035488046129 -0.02078010017094517 0
7205 0.853102163795755 -0.03027719444539941 0
7206 0.8560624338494576 -0.02827524159825867 0
7207 0.8537789902411806 -0.02591689919234661 0
7208 1.008612386520557 -0.1194093420007715 0
7209 1.027753909965508 -0.1282130417664738 0
7210 1.038977463068647 -0.1182462492871004 0
7211 1.031059492726835 -0.09947575704202466 0
7212 1.019835939623696 -0.1094425495213981 0
7213 0.8630448049414827 -0.02360269357358264 0
7214 1.596668480018672 0.5316603462988717 0
7215 0.2101350468028412 -0.1879403925587286 0
7216 0.3912626199051205 -0.5154870633780972 0
7217 0.4073401499477761 -0.4593655359129316 0
7218 0.359949914542106 -0.4645514373356035 0
7219 -0.9853266578728996 -0.06694559644565236 0
7220 -0.8647099554440436 -0.1162520205591028 0
7221 -0.8783805687067858 -0.009029583109691623 0
7222 0.5636477494521958 -0.1333366048460464 0
7223 0.5715533254774799 -0.143377145341761 0
7224 0.573125346367315 -0.1304316140807263 0
7225 -0.6708776073206528 -1.194165050383423 0
7226 -0.5555606139082523 -1.09785540756774 0
7227 -0.6583488237338273 -1.046297587847268 0
7228 0.4411671012262227 -0.07257725105396703 0
7229 0.4418931200165488 -0.06896808065652384 0
7230 0.4385240168679454 -0.06902574472067637 0
7231 0.4339664421939857 -0.4997115703402549 0
7232 0.1790166859534438 -0.0644278137880353 0
7233 0.1758008385717675 -0.06413300381729063 0
7234 0.1722631704512226 -0.06712930895879307 0
7235 0.1719413497123541 -0.0704204240710402 0
7236 0.1751571970940304 -0.07071523404178488 0
7237 0.1786948652145753 -0.06771892890028243 0
7238 0.175479017832899 -0.06742411892953774 0
7239 0.1361788556062147 0.07455073927163146 0
7240 0.1429823508251631 0.07276641871161869 0
7241 0.1505790410935513 0.07670977557078276 0
7242 0.151372236142991 0.08243745298995959 0
7243 0.1437755458746028 0.07849409613079551 0
7244 0.9548363547324137 0.02435627997185574 0
7245 0.9509448776531846 0.02088606301178872 0
7246 0.9507267503530243 0.01672058755165855 0
7247 0.9544001001320932 0.01602532905159542 0
7248 0.9546182274322534 0.02019080451172558 0
7249 0.8972557532817335 0.2958742143661994 0
7250 0.8825508305533616 0.2568903368722971 0
7251 0.9187124741060364 0.2603303977891855 0
7252 0.7688295099614166 -0.1281349191300093 0
7253 0.2545080536822503 -0.07753202915073287 0
7254 0.2530941342155642 -0.07314383381756713 0
7255 0.2498949722228093 -0.07624072293307886 0
7256 0.5045620335134433 -1.606538150299409 0
7257 0.3725042784138947 -1.669833304584742 0
7258 0.466859269630409 -1.815632083778131 0
7259 0.3616746403997857 0.126394301921129 0
7260 2.231538546047775 2.589687979863967 0
7261 0.9192032453933876 0.01337759781142851 0
7262 0.9174656901174093 0.01606749726962538 0
7263 0.9141685060324407 0.01648981315606597 0
7264 0.9126088772234504 0.01422222958430969 0
7265 0.9159061995508475 0.01380099300334136 0
7266 0.5635915448780999 0.1999758189962646 0
7267 0.5511056329832111 0.2238982040239502 0
7268 0.5459225558628842 0.1996261327300337 0
7269 0.06438217853014355 0.06501867501107488 0
7270 0.05921243375800378 0.06220504656079396 0
7271 0.06436671172932368 0.0599843282361074 0
7272 0.09523206522621064 0.06530559694964988 0
7273 0.09031216002629833 0.06244466542748369 0
7274 0.09523030779656877 0.06111336084020243 0
7275 0.9000211137794644 0.01631380392604038 0
7276 0.8988863768019293 0.01942050606834178 0
7277 0.895587977391982 0.01983322273798848 0
7278 0.8934243149595698 0.01713923726533377 0
7279 0.8967228455400914 0.01672756889376181 0
7280 0.1477627305921149 -0.06568954368159169 0
7281 0.1438983237620778 -0.06799555948435912 0
7282 0.1490008740609903 -0.07060110394386292 0
7283 0.4370913862952467 0.08718890589033518 0
7284 0.4373359577993247 0.08135493156682899 0
7285 0.4495400382833685 0.08453911119459448 0
7286 0.4431934265372686 0.08878099570421791 0
7287 0.4434379980413466 0.08294702138071174 0
7288 0.158131207939977 0.5848466592711121 0
7289 0.1361554256618052 0.6552042628461738 0
7290 0.08842210668984585 0.5948660129589034 0
7291 0.4490239147414656 0.09386123742236362 0
7292 0.8854070854629761 -0.1728078063706947 0
7293 0.9050519686384126 -0.1826272549229201 0
7294 0.901889025949993 -0.1613328050157651 0
7295 0.7253653309310883 0.04223708948867631 0
7296 0.7220426342354533 0.0424579180224112 0
7297 0.7234030199767124 0.03937670238831079 0
7298 1.326934080349827 -0.2481665777033321 0
7299 0.4526742552537635 0.239657620234935 0
7300 0.4354491654494683 0.2616280958188307 0
7301 0.4283243902058252 0.2350085829030986 0
7302 -0.02527752594861571 0.04959430886327194 0
7303 -0.02076805256147579 0.04297847391457983 0
7304 -0.01057524922180347 0.05371865123708076 0
7305 -0.02018112427877955 0.05496439752452241 0
7306 -0.01567165089163974 0.04834856257583029 0
7307 0.6673398052083506 -0.13523858702066 0
7308 0.6774294579787227 -0.1436908684194571 0
7309 0.6886002275967036 -0.1391004999943092 0
7310 0.6896813444443125 -0.1260578501703643 0
7311 0.6785105748263315 -0.1306482185955121 0
7312 0.8138240495116741 0.04923351368930692 0
7313 0.8130344676921228 0.05435939526537874 0
7314 0.8071368034416413 0.04980010827223362 0
7315 0.7541116487973392 -0.08006964330028585 0
7316 0.4314808976689373 0.0820282271270931 0
7317 0.1828012863489249 -0.06898263631937096 0
7318 0.1833700393627296 -0.07324264887996193 0
7319 0.1866632822382851 -0.0738551057302502 0
7320 0.189387772100036 -0.0702075500199475 0
7321 0.1888190190862313 -0.06594753745935653 0
7322 0.1855257762106757 -0.06533508060906826 0
7323 0.1860945292244804 -0.06959509316965921 0
7324 0.8756286483715666 0.3249571926138957 0
7325 0.839296620733028 0.3150562933676896 0
7326 0.8609237256431947 0.2859733151199933 0
7327 2.270707459278343 0.2107670630577863 0
7328 0.9397171319632447 0.01112241727629341 0
7329 0.9387160997417023 0.01413541286500748 0
7330 0.9354201974497043 0.01456761830509439 0
7331 0.9331253273792484 0.01198682815646723 0
7332 0.9364213759606523 0.01155573828156783 0
7333 0.5577509742632499 -0.1899911882176418 0
7334 0.5518462819951274 -0.1724554947969815 0
7335 0.5415598868061595 -0.1877569105288917 0
7336 0.3414185177131426 -0.2737814883297279 0
7337 0.343787783273085 -0.3003600585262505 0
7338 0.3648219192471293 -0.2879786117936515 0
7339 0.8615704130462818 0.02466686897900001 0
7340 0.724013533926409 -0.03927172051663562 0
7341 0.5899230973910621 -0.1669842095848942 0
7342 0.6003872932793601 -0.1805507333323128 0
7343 0.6125026533707414 -0.1746720572683246 0
7344 0.6141538175738247 -0.1552268574569177 0
7345 0.6020384574824433 -0.161105533520906 0
7346 0.5822766725879166 0.04913781654591339 0
7347 0.5807856156731311 0.05215874160202062 0
7348 0.5774719322364421 0.05242194289432492 0
7349 0.5756493057145384 0.049664219130522 0
7350 0.578963090252342 0.04940229071320817 0
7351 0.7914069835203004 -0.1652627073199744 0
7352 0.8047371609590286 -0.1770241493800883 0
7353 0.8192052448941161 -0.1699083347541904 0
7354 0.8203431513904753 -0.1510310780681788 0
7355 0.8058750674553878 -0.1581468926940766 0
7356 0.3439017586936338 0.06292031885862322 0
7357 0.3425107769819205 0.0668485425750361 0
7358 0.3391985990727739 0.066908129768601 0
7359 0.3372774028753405 0.06303949324575304 0
7360 0.3405896309320969 0.06298269418435805 0
7361 0.1386225177306875 0.1254504353507858 0
7362 0.1465895337841996 0.139484457924357 0
7363 0.1282053271674992 0.1404218089724016 0
7364 0.2738842353187988 0.3154080404137877 0
7365 0.3006396985108469 0.3111168809497019 0
7366 0.2892930549246885 0.3464599030573988 0
7367 0.3860008353646843 0.09725512901972806 0
7368 0.3859760325997119 0.08957382950092974 0
7369 0.393183978176369 0.09337868024218994 0
7370 1.284024349091236 0.4373360970734179 0
7371 1.220752296644508 0.4830028138275758 0
7372 1.239788394345464 0.4013093456424 0
7373 0.1251747719302372 0.05380567337544388 0
7374 0.1233472298222305 0.05710352814865706 0
7375 0.1200637084288794 0.05666487414240291 0
7376 0.1186077291435351 0.05292836536293558 0
7377 0.1218899764729019 0.05337655376011771 0
7378 0.1010676875172146 -0.07111699055069777 0
7379 0.09636988209110164 -0.07380910693100344 0
7380 0.1022887923256497 -0.07781219839354513 0
7381 0.9472142041830321 0.03446930564047955 0
7382 0.9518988060341492 0.04010586019518447 0
7383 0.9475811559885041 0.04420186114221871 0
7384 0.9385789040917421 0.04266130753454803 0
7385 0.9428965541373872 0.03856530658751379 0
7386 0.8120727283179057 -0.05067414918811343 0
7387 0.5868182255449969 -0.07634275667541614 0
7388 0.58932861457205 -0.07034353376990343 0
7389 0.5847042684865716 -0.07100676199838969 0
7390 0.5062068873149325 -0.08361625457131687 0
7391 0.500401396457276 -0.084034406993735 0
7392 0.5019312535701986 -0.09083269642773635 0
7393 0.1408375029345977 -0.06683299347927238 0
7394 0.1416410889371546 -0.06336441167141822 0
7395 0.139432636596549 -0.06024031503886911 0
7396 0.1364205982533865 -0.06058480021417417 0
7397 0.1356170122508296 -0.06405338202202832 0
7398 0.1378254645914351 -0.06717747865457743 0
7399 0.1386290505939921 -0.06370889684672325 0
7400 0.5084952577993974 0.1568359540505219 0
7401 0.005849503567497361 -0.01771404166536331 0
7402 0.005099078493033371 -0.02152832514191053 0
7403 0.007678137327678081 -0.02359787374620629 0
7404 0.01100762123678684 -0.02185313887395483 0
7405 0.008332824438066544 -0.01990199912512354 0
7406 0.04170225373202185 -0.03597573628945634 0
7407 0.04206924233296205 -0.03937087280488553 0
7408 0.04522451782562109 -0.04037919519568176 0
7409 0.04801280471733993 -0.0379923810710488 0
7410 0.04484812900490337 -0.03701344445742576 0
7411 0.4810886285417296 0.2716802821363664 0
7412 0.4754939867998942 0.2446837133937028 0
7413 0.4984007788099821 0.2547281948605684 0
7414 0.5627270646706166 0.05104238735726514 0
7415 0.561569867397675 0.05440607891288442 0
7416 0.5582552716534734 0.05465752992815878 0
7417 0.5560978731822136 0.05154528938781382 0
7418 0.5594125705339896 0.05129517777535108 0
7419 0.5726299156288341 0.04926245928843725 0
7420 0.5714331520650333 0.05161842321015542 0
7421 0.5681190129820077 0.05187582335513101 0
7422 0.566001637462783 0.04977725957838842 0
7423 0.5693158779269161 0.04952116477988648 0
7424 1.654868338921516 -0.568093005945968 0
7425 0.9519102382038409 0.01318116955255545 0
7426 0.3943002499693051 0.06721945210569519 0
7427 0.3973977604773822 0.06632343820749853 0
7428 0.4009004010986038 0.06926155017185789 0
7429 0.4013055312117484 0.07309567603441391 0
7430 0.3978028905905268 0.07015756407005455 0
7431 0.6036317892904554 -0.05289891335608101 0
7432 0.6067267454495768 -0.05232103582290572 0
7433 0.6051226812306751 -0.04986432135179454 0
7434 0.2643146823058836 -1.427286815321596 0
7435 0.2523806028101148 -1.580207637095835 0
7436 0.3844383579096634 -1.516912482810503 0
7437 0.123458309435963 -1.681261119700644 0
7438 0.006470095557579991 -1.629393780531214 0
7439 -0.002878168394292724 -1.785137853665658 0
7440 1.863972004652103 1.029289494704055 0
7441 2.025432420145945 1.077661707846741 0
7442 2.081046944350085 1.249633523371616 0
7443 1.975201053060382 1.373233125753805 0
7444 1.919586528856242 1.20126131022893 0
7445 0.0959064924401124 0.0479008856356444 0
7446 0.09430112916624361 0.04966132996079619 0
7447 0.09264425618385114 0.04732487826670463 0
7448 0.3468892147036514 -0.6326982650069415 0
7449 0.3185933395448381 -0.6937879391706201 0
7450 0.3632597249516272 -0.7449817974917821 0
7451 0.4362219855172297 -0.7350859816492653 0
7452 0.3915556001104405 -0.6838921233281033 0
7453 0.3222555196517465 0.1873816317666439 0
7454 0.3069384153034794 0.207988564220839 0
7455 0.3041270918007294 0.1871759819586187 0
7456 0.06910072847391657 0.04856770354825019 0
7457 0.06869593404800955 0.04440614396004697 0
7458 0.07192458425295972 0.04514754612767749 0
7459 0.8604446966231082 0.09700543313108627 0
7460 0.8502982552101277 0.1026498534917629 0
7461 0.839433203209815 0.09703896003133214 0
7462 0.8387145926224828 0.08578364621022473 0
7463 0.8495796446227954 0.09139453967065551 0
7464 0.7039287360927884 -0.04150546215222889 0
7465 0.5436764635675062 0.05853539837752614 0
7466 0.5467814120437645 0.05770796482236873 0
7467 0.5500948499248454 0.06114299887711145 0
7468 0.5503033393296678 0.06540546648701158 0
7469 0.5471983908534095 0.06623290004216899 0
7470 0.5438849529723286 0.06279786598742626 0
7471 0.5469899014485869 0.06197043243226886 0
7472 0.4427511402441604 0.05812845671510079 0
7473 0.4408974889282415 0.06087140715377009 0
7474 0.4375888387346772 0.06103546157480434 0
7475 0.4361338398570319 0.05845656555716928 0
7476 0.4394425856216844 0.05829443870987799 0
7477 0.6830689826709676 0.06318594088062594 0
7478 -0.167484179976078 0.3544031259782097 0
7479 -0.1252849095693345 0.3574538161456499 0
7480 -0.1346770125226764 0.4076570359332922 0
7481 -0.1862683858827619 0.4548095655534943 0
7482 -0.1768762829294199 0.404606345765852 0
7483 0.2150583589138995 0.06681081760590254 0
7484 0.2185295238605849 0.06743133821530733 0
7485 0.2152320517532125 0.07154243563871528 0
7486 0.6671537663882539 0.09247773480764597 0
7487 0.6682242867396782 0.1032304440229387 0
7488 0.6606126405123727 0.1079517558620055 0
7489 0.6519304739336428 0.1019203584857794 0
7490 0.6595421201609484 0.09719904664671268 0
7491 0.1616909725831209 0.102662201457123 0
7492 0.1569282018877758 0.09541366593312969 0
7493 0.1651698567285998 0.09446989417664864 0
7494 0.6189938898368764 0.06954511011564715 0
7495 -1.26305932678394 -0.8478702782864381 0
7496 0.6634663727095413 0.04550675222654908 0
7497 -0.06202647957901536 0.01645228994975704 0
7498 0.414029030288163 -0.07665939017941426 0
7499 0.4134690906667324 -0.07239520245728864 0
7500 0.4062118009326687 -0.07818689059842336 0
7501 0.4104003854211312 -0.07955523424998161 0
7502 0.4098404457997006 -0.075291046527856 0
7503 0.7347361346825704 0.04101127225515828 0
7504 0.7317120811546468 0.04151376660504986 0
7505 0.7330567362958021 0.03831611225355254 0
7506 0.1945978237200031 0.0595829934098635 0
7507 0.1929202398495962 0.0624126203919503 0
7508 0.1896140925355742 0.06220424241087837 0
7509 0.1879855290919591 0.05916623744771962 0
7510 0.1912913178404916 0.05938030325226042 0
7511 0.2146122604182635 0.06058614458072797 0
7512 0.2130997271927388 0.06338822078861285 0
7513 0.2097908864119573 0.0632281726267708 0
7514 0.2079945788567005 0.06026604825704385 0
7515 0.2113031742993808 0.06043116743116014 0
7516 0.6538525580754205 0.04588417233254948 0
7517 -0.02162897136742875 1.069550518710049 0
7518 -0.1217779770483625 1.117708320777172 0
7519 -0.2153450257040326 1.044114025336665 0
7520 -0.208763068678769 0.9223619278290337 0
7521 -0.1151960200230989 0.9959562232695415 0
7522 0.03821238464383747 -0.04470599608400967 0
7523 0.03398853835377263 -0.0466459828477046 0
7524 0.03900891419864372 -0.04908938787052319 0
7525 0.9000972291565379 0.07856663071163354 0
7526 0.9047058797067129 0.08982026674747234 0
7527 0.8917980822997797 0.08658263674317183 0
7528 0.6277663568777163 -0.05255156815595814 0
7529 0.6239058965210408 -0.05270165610367743 0
7530 0.6260615976706012 -0.05660911558859412 0
7531 0.8278413704955934 -0.04745626299607546 0
7532 0.6935508322182277 0.04171882049650626 0
7533 0.6752404405312209 -0.04487958523734788 0
7534 0.3344705645065987 -0.1577102486515262 0
7535 0.338630849430971 -0.1717876669954648 0
7536 0.3470900934782317 -0.1597908812579805 0
7537 0.1485663165946718 -0.06222096187373754 0
7538 0.1455054957671917 -0.0610583958686508 0
7539 0.1447019097646348 -0.06452697767650496 0
7540 0.4028790803343257 -0.08793612306449254 0
7541 0.402451148389266 -0.08237733500567883 0
7542 0.3974637705031583 -0.08339391679778779 0
7543 0.1447627059111348 0.05583298740694639 0
7544 0.1427776117127261 0.05888535261807558 0
7545 0.1394845293528821 0.05852537384976463 0
7546 0.138176541191447 0.0551130298703245 0
7547 0.1414687455861096 0.05548103841298771 0
7548 0.3632486327961193 0.06093171505445238 0
7549 0.3613337551486141 0.0633381557915615 0
7550 0.3580220990526463 0.06342187509131957 0
7551 0.3566253206041836 0.06109915365396853 0
7552 0.3599370418741533 0.06101801280111114 0
7553 -0.003291457921030305 -0.00101160766735093 0
7554 0.2653169126312711 -0.07205766125916858 0
7555 0.2677731056735282 -0.07513250924006684 0
7556 0.268977086729553 -0.06780391931021966 0
7557 0.2659189031592835 -0.068393366294245 0
7558 0.2683750962015407 -0.07146821427514324 0
7559 0.1694385797053914 -0.06408632936103113 0
7560 0.1662921682206916 -0.06433446487551633 0
7561 0.1691167589665229 -0.06737744447327826 0
7562 1.119114734936168 0.2696733763085066 0
7563 -0.121142379108728 -0.1351474677621839 0
7564 0.5954704880505752 -0.05048378977702197 0
7565 0.843166116913472 -0.02753782364943626 0
7566 0.00037358132131593 0.01737662703112854 0
7567 0.9674681091580333 0.1751304975458567 0
7568 0.8361168581527335 -0.2043473178355588 0
7569 0.8541663779077102 -0.2199090442309155 0
7570 0.8700646658709712 -0.2113099663570045 0
7571 0.8679134340792554 -0.1871491620877369 0
7572 0.8498639143242785 -0.1715874356923802 0
7573 0.8339656263610177 -0.1801865135662912 0
7574 0.8520151461159944 -0.1957482399616478 0
7575 0.3367395866615945 -0.0777800907599952 0
7576 0.3404994820837552 -0.07802494528163396 0
7577 0.3398343195601905 -0.07448637186490618 0
7578 -0.8529765917808754 -1.854902464996902 0
7579 0.1545209960780358 0.110412628913149 0
7580 0.1425882488776056 0.1109145208451819 0
7581 0.1497582253826907 0.1031640933891558 0
7582 3.350209761517635 0.09324013116823697 0
7583 3.555725312114381 0.2032568188894875 0
7584 3.335460608552828 0.2742808557291878 0
7585 0.9412432428709845 -0.01618565199334346 0
7586 0.9441116134049341 -0.01607313858891038 0
7587 0.9420921789464629 -0.01344712097774955 0
7588 -0.9860717746092744 -0.18594470021449 0
7589 0.2273923392759533 0.1565294145084472 0
7590 0.2183935971882237 0.1717289619302929 0
7591 0.2137303294291393 0.1533122859880364 0
7592 0.8709511083843667 -0.02546292761135834 0
7593 0.8738307869120837 -0.02440985336725915 0
7594 0.8722294875058516 -0.02223286971311631 0
7595 0.7327459189850596 -0.04223773931813782 0
7596 0.7364840809120633 -0.04193734249323627 0
7597 0.7342903054477516 -0.03883466131243865 0
7598 -0.02173853026350531 0.01001528790824352 0
7599 -0.02767897333771724 0.003050846313195855 0
7600 -0.01983918233212972 0.00393316245348056 0
7601 0.8143827286475833 -0.03026937258264278 0
7602 0.3738704880659064 0.09348009543546644 0
7603 0.3799480630977816 0.09920826198699642 0
7604 0.3703750841338125 0.09935869683469785 0
7605 0.342302233376822 0.09414281389348214 0
7606 0.3375892640321773 0.1006706106093076 0
7607 0.3354533779327572 0.09266065704268622 0
7608 0.6850295503160426 -0.04267085395713641 0
7609 0.4175049142053952 -0.06309070953744812 0
7610 0.03564456523480497 0.04000242469984392 0
7611 0.03856861642270948 0.04108785245068829 0
7612 0.04012479681666686 0.04572972127459708 0
7613 0.03875692602271968 0.0492861623476615 0
7614 0.03720074562876236 0.04464429352375271 0
7615 0.1162557612608502 0.06657802996662782 0
7616 0.1188877244875369 0.06348970644424903 0
7617 0.1241248396028987 0.07411215771743168 0
7618 0.1188743188185311 0.07188925560321914 0
7619 0.1215062820452179 0.06880093208084034 0
7620 0.6254952796240784 -0.04931117031942372 0
7621 0.1293782447103555 -0.07094654811555305 0
7622 0.1347060808211981 -0.07062406170133979 0
7623 0.1302891761399869 -0.06437586843624157 0
7624 0.1271697923697499 -0.06782245148300395 0
7625 0.1324976284805925 -0.06749996506879069 0
7626 0.7663564943317206 0.03790134077591547 0
7627 0.7633362285465302 0.0394657904738504 0
7628 0.7640564040886274 0.03555861716190185 0
7629 -0.002689391754695458 0.06335649777835252 0
7630 -0.00440940934456352 0.07424009060706592 0
7631 -0.01229526681167165 0.06460224406579415 0
7632 0.304465232014132 0.06867503121512897 0
7633 0.3074978411195218 0.0682320913645349 0
7634 0.3103741216648975 0.07146241007119748 0
7635 0.3102177931048833 0.07513566862845412 0
7636 0.3071851839994934 0.07557860847904818 0
7637 0.3043089034541178 0.07234828977238561 0
7638 0.3073415125595076 0.07190534992179154 0
7639 0.06171040602152833 -0.06121052280873111 0
7640 0.05803098644819149 -0.06877339033291778 0
7641 0.06467574931034642 -0.0664087250631802 0
7642 0.09673849621392594 -0.5705902265619135 0
7643 0.149113116003014 -0.5796280527152529 0
7644 0.1222261249835631 -0.5308676656810758 0
7645 0.5856331854019243 -0.05125221246219923 0
7646 0.2887150815949527 0.2850401393461745 0
7647 0.3537154991714239 0.06116767121851598 0
7648 0.3522024561871268 0.06355891022041447 0
7649 0.3488905222703355 0.06363079786227877 0
7650 0.3470916313378412 0.06131144650224456 0
7651 0.3504036234239138 0.06124223925320691 0
7652 0.951466332403301 -0.01212017519088887 0
7653 0.6451952450910564 -0.04635017242190587 0
7654 0.5066191727490537 -0.05896281191548326 0
7655 0.5689234115218363 -0.1894904830380266 0
7656 0.5741911565123001 -0.1714540844377511 0
7657 0.5682864642441777 -0.1539183910170908 0
7658 0.5571140269855913 -0.1544190961967059 0
7659 0.5630187192537138 -0.1719547896173662 0
7660 0.3136353275619598 0.06836606429050464 0
7661 0.3167402048990078 0.06894297706706844 0
7662 0.3134789990019455 0.07203932284776128 0
7663 0.5166257517269858 -0.05825661480414356 0
7664 0.5736016919143937 -0.05682250981937524 0
7665 0.5772660060686994 -0.0558992014588998 0
7666 0.5753870052626322 -0.05317093472946162 0
7667 0.1874923206566858 -0.06250947998798252 0
7668 0.05184573370619416 -0.0392271282043208 0
7669 0.05289037580332956 -0.04284868946222576 0
7670 0.05503002472083801 -0.04014032530897822 0
7671 0.5465667949282266 0.07019327349746053 0
7672 0.5426217611219629 0.07071861289800935 0
7673 0.5393083232408821 0.06728357884326663 0
7674 0.539939919166065 0.06332320538797509 0
7675 0.5432533570471457 0.0667582394427178 0
7676 1.009639335684001 -0.1403094973412987 0
7677 0.5649087767175284 -0.05430285810546313 0
7678 0.5244859028230575 -0.05894068122115988 0
7679 0.5273660435894265 -0.05860437611507525 0
7680 0.5258637045823684 -0.05600517747237337 0
7681 0.4966506702121372 -0.05850783888325375 0
7682 0.5357469579517717 -0.05642856672625045 0
7683 1.049197557745225 -0.102872835906473 0
7684 0.06558567249143143 0.04256970352689749 0
7685 0.06288020536076039 0.04489482268195123 0
7686 0.05966775401062652 0.04408642842873439 0
7687 0.05916076979116369 0.04095291502046379 0
7688 0.06236810555990685 0.04178162576907452 0
7689 0.418879278946428 0.6640700142010407 0
7690 0.3625560764267262 0.657654299312371 0
7691 0.3352088972899716 0.6125140489981719 0
7692 0.3641849206729187 0.5737895135726426 0
7693 0.3915320998096733 0.6189297638868417 0
7694 0.6647674846031744 -0.04577752029284277 0
7695 0.1776785130592727 -0.06137228088994291 0
7696 0.4859740896974692 -0.06140257938289626 0
7697 0.4892167581300832 -0.0618718243512516 0
7698 0.4870873540996328 -0.05877857711937948 0
7699 0.5829940709588944 0.06415369882639864 0
7700 0.5783789217228925 0.06324550309538508 0
7701 0.575607367910709 0.05995142712895696 0
7702 0.5774509633345273 0.0575655468935424 0
7703 0.5802225171467109 0.06085962285997053 0
7704 0.4663360622285572 -0.06018311028177234 0
7705 0.04445529643072782 0.04342053411902896 0
7706 0.04741792525084171 0.04466778803652525 0
7707 0.04605005445689453 0.04822422910958967 0
7708 0.04171955484283357 0.05053341626515779 0
7709 0.04308742563678075 0.04697697519209337 0
7710 0.4035658204867226 0.06606112278776383 0
7711 0.406636369987986 0.06669482126622575 0
7712 0.4039709505998672 0.06989524865031982 0
7713 0.4768554519951239 -0.0590403670936481 0
7714 0.05853515692935046 -0.05440383174964805 0
7715 0.0516804882638357 -0.05516000821475167 0
7716 0.05485573735601362 -0.06196669927383472 0
7717 0.6259241902412945 0.05125909940684308 0
7718 0.622607627819294 0.05154202830203361 0
7719 0.6240167284950311 0.04853134589357352 0
7720 0.002416147906088628 -0.01790717438505283 0
7721 0.8199417616687135 0.05165194583566823 0
7722 0.2472474273267533 -0.168508484027611 0
7723 0.2605267877014181 -0.1666836915991436 0
7724 0.268724379245275 -0.1532350945349229 0
7725 0.2636426104144671 -0.1416112898991697 0
7726 0.2554450188706102 -0.1550598869633903 0
7727 0.3470173489236949 -0.06544057804470634 0
7728 0.7429290160895825 0.03878215200218788 0
7729 0.9148843009254573 0.04414882759405223 0
7730 0.9222304765602185 0.04263479076046479 0
7731 0.9295360015133876 0.04891622469314248 0
7732 0.9294953508317951 0.0567116954594076 0
7733 0.9221491751970339 0.05822573229299504 0
7734 0.9148436502438649 0.05194429836031736 0
7735 0.9221898258786263 0.05043026152672991 0
7736 0.337258929211676 -0.06478775186312336 0
7737 0.6753789570634571 0.04733821006274724 0
7738 0.6718004197167684 0.04825937197501362 0
7739 0.6734519377953169 0.04462963654932965 0
7740 0.6532790300510176 -0.04840725923425933 0
7741 0.6562170209336183 -0.04775183177636323 0
7742 0.6546685841716582 -0.04539534863617746 0
7743 1.676357053970148 -0.9855881988414104 0
7744 1.67795934536872 -0.8718944566299686 0
7745 1.59444454445809 -0.8970143239409675 0
7746 0.1192380484604887 -0.05559608957715546 0
7747 0.8025730274774905 -0.03419528073390193 0
7748 0.8063218551734028 -0.03438961045432248 0
7749 0.803901486332302 -0.03116060089265322 0
7750 0.8978435571214067 0.4657417064712049 0
7751 0.8592210088540788 0.4386368035637348 0
7752 0.8510525323945357 0.385973964390877 0
7753 0.8815066042023205 0.3604160281254894 0
7754 0.8896750806618636 0.4130788672983471 0
7755 0.005088100360072789 -0.1758778042283996 0
7756 0.005048291757593026 -0.1994203005497313 0
7757 0.02514392477127919 -0.1910883783039627 0
7758 0.1242325751569073 -0.1397495983921226 0
7759 0.4910297799152828 -0.08060806811616333 0
7760 0.4874636542309462 -0.07676357681617353 0
7761 0.4854154764198111 -0.08227198822579727 0
7762 0.7443138690472317 -0.03729900905311794 0
7763 1.316224447296579 0.5188242121104077 0
7764 0.6462321810002144 0.04920781558709644 0
7765 0.6431536483208269 0.04901804016927647 0
7766 0.6442571456051974 0.04642084137667373 0
7767 0.9122331951099165 -0.01795240862137005 0
7768 0.3971906075845639 -0.06361145885525261 0
7769 0.02972857004447632 -0.0337213343194273 0
7770 0.9888762529507955 0.004472860358528822 0
7771 0.9876271880631837 0.007553381402578857 0
7772 0.9855840813675798 0.004932622048755429 0
7773 0.006854956903211973 0.06853188223436658 0
7774 0.7864367861351859 0.4960088751441868 0
7775 0.8035176233609684 0.4537703879002258 0
7776 0.8421401716282964 0.4808752908076959 0
7777 0.2800935537706635 0.07674547612558009 0
7778 0.2802364926163211 0.07219432091761203 0
7779 0.2835582884549458 0.06819777101402727 0
7780 0.2867371454479131 0.06875237631841058 0
7781 0.2865942066022555 0.07330353152637865 0
7782 0.2832724107636307 0.0773000814299634 0
7783 0.2834153496092883 0.07274892622199533 0
7784 0.8635150152910561 0.05068436900656761 0
7785 0.865287921030591 0.04487158061142775 0
7786 0.8709422300157739 0.04784919369769507 0
7787 0.4252299716546666 0.728875939110796 0
7788 0.3752574618432034 0.7872661491318812 0
7789 0.3689067691349648 0.7224602242221261 0
7790 0.753954437378562 -0.03584295670818305 0
7791 -0.6407098941293503 0.7055640438100905 0
7792 -0.7696916077433977 0.7551206654366494 0
7793 -0.7351319301686596 0.6502657591961977 0
7794 -0.6667657868359653 -3.30161420414872 0
7795 0.6836161316012934 0.04267262856126421 0
7796 0.9329320452184657 -0.01528802664737595 0
7797 0.2983982503603844 0.07609510724150312 0
7798 0.2999154366345633 0.07260653915361306 0
7799 0.3027917171799389 0.07583685786027564 0
7800 0.6356576028679618 -0.04775794861375249 0
7801 0.4964409868088486 -0.0802529935949257 0
7802 0.4982860680180777 -0.07605342777369828 0
7803 0.492874861124512 -0.07640850229493591 0
7804 0.8299048783579203 0.09084182325364425 0
7805 0.9228058419528133 -0.01757554240285278 0
7806 0.5838743891957847 0.05164093826074741 0
7807 0.2874205439616488 -0.06751410735634507 0
7808 0.9022073306083507 -0.01851479954202413 0
7809 0.364861056420581 0.06495177454823768 0
7810 0.3568911483926606 -0.06573046266610809 0
7811 0.6342561752947199 0.04724226843656959 0
7812 0.3872230684895162 -0.06409490526977139 0
7813 -2.192087472998474 1.316712453424683 0
7814 1.138823427992453 -0.01529316926597682 0
7815 0.8820809861625005 -0.02084679566608533 0
7816 0.6035427608320409 -0.09119302645994441 0
7817 0.6025722486128504 -0.08438325234990138 0
7818 0.5958371031017544 -0.07916297868688182 0
7819 0.5900724698098491 -0.08075247913390533 0
7820 0.596807615320945 -0.08597275279692486 0
7821 0.7075020405401958 0.04756484737196608 0
7822 0.7061950585782355 0.05121962036655033 0
7823 0.7041774745840683 0.04776591426864568 0
7824 0.4986915958834142 0.07764626522666809 0
7825 0.8910521138139668 -0.02315013037690017 0
7826 0.8943429282624011 -0.02273587216999553 0
7827 0.8923430536235368 -0.02009492805850108 0
7828 0.273882412857356 0.06840044123081467 0
7829 0.2771309221596673 0.06802180347022931 0
7830 0.2769879833140098 0.07257295867819739 0
7831 -0.04704208874235999 0.4831995799439796 0
7832 -0.06506386395247549 0.4218520431285349 0
7833 -0.01912931914371369 0.4230689899011952 0
7834 0.4097670256006148 0.08259257600899904 0
7835 0.2922376896559887 0.07273254619166031 0
7836 0.2945593768710972 0.07615811076052674 0
7837 0.288915893817364 0.07672909609524507 0
7838 0.3276929944919168 -0.06563733621330999 0
7839 1.135178536906234 1.946578276253144 0
7840 0.7440156854379574 0.2473321982403107 0
7841 0.759601939985175 0.2244507147334386 0
7842 0.768860739505874 0.2589794356984109 0
7843 0.4549702855179029 -0.06280028519456946 0
7844 0.4580326435371542 -0.06329561101548017 0
7845 0.4564363019590386 -0.06028944491364752 0
7846 0.7626457263497797 -0.03840861989944852 0
7847 0.7660315253166732 -0.03851264149816311 0
7848 0.7639900742353417 -0.03538094530875716 0
7849 0.4457154017041338 -0.06434092663060668 0
7850 0.4488116646013927 -0.06332294300213272 0
7851 0.4469695430656115 -0.06098618194442363 0
7852 0.1437902936909154 0.06495251127000516 0
7853 0.1467880698675135 0.06796730471080555 0
7854 0.1399845746485651 0.0697516252708183 0
7855 1.110230774166203 0.08944560373377945 0
7856 1.150010419122919 0.09381482151594449 0
7857 1.115588056247417 0.1251190347332813 0
7858 0.8875583172546919 -0.1969686106399623 0
7859 0.3767077875433297 -0.06351235213173151 0
7860 0.6701972308504314 0.1386690345526645 0
7861 0.6697460189707669 0.126326093895448 0
7862 0.6806300685447696 0.1324867614244223 0
7863 0.4544291522169083 -0.1020890147529488 0
7864 0.7935630541802992 -0.03168960484983781 0
7865 0.3650076452280676 -0.06772837705090994 0
7866 0.3680656617232881 -0.0667109021776699 0
7867 0.3666717482722104 -0.06430531665207435 0
7868 0.2275365455069654 -0.06523074549629222 0
7869 0.8602253692030175 0.04566141149578706 0
7870 -0.0345058775694535 1.201534671893064 0
7871 0.276657285489755 -0.1919851621884508 0
7872 0.275231716782919 -0.1784220306795634 0
7873 0.2619523564082541 -0.1802468231080309 0
7874 0.6122912325671637 -0.07905272924628105 0
7875 0.6069464844804118 -0.07831310374306968 0
7876 0.6079169966996023 -0.08512287785311273 0
7877 0.8230439997143605 -0.0314490840778768 0
7878 0.8256956353451789 -0.03045733823953625 0
7879 0.8237662875645717 -0.02818773695256417 0
7880 0.4223095210072824 -0.07716645394055291 0
7881 0.418449245458438 -0.07904501592104637 0
7882 0.4228279826012479 -0.08282187279530136 0
7883 0.8818259936030419 -0.06473159567256959 0
7884 0.8783842982042787 -0.05775831279185896 0
7885 0.8732963149849347 -0.06566665350365156 0
7886 0.2378330944282332 -0.06457354886692235 0
7887 1.503010976488816 -1.217774816848475 0
7888 0.5538495879531109 -0.05661155749842162 0
7889 0.5566266628284471 -0.05710552668819589 0
7890 0.5553173340378761 -0.05401161838185935 0
7891 0.5445854769284979 -0.05953634884207666 0
7892 0.5478289950031363 -0.05782696857536201 0
7893 0.5459931321073854 -0.0554724899903714 0
7894 -0.3216871877001358 1.006127970621979 0
7895 0.8351035328573768 -0.1613092568802795 0
7896 0.4838148517076522 -0.2265119384639338 0
7897 0.4994486279338767 -0.2136679935179928 0
7898 0.4990722391504576 -0.1932913959436497 0
7899 0.4830620741408141 -0.1857587433152478 0
7900 0.4834384629242331 -0.2061353408895908 0
7901 3.336268929739163 -0.1647812852894403 0
7902 3.527843648557438 -0.3127860140258671 0
7903 3.541784480335909 -0.05476459756818983 0
7904 0.7472355537196309 -0.06231073313240453 0
7905 0.7490133538513196 -0.05620991825043882 0
7906 0.7437301386838293 -0.05789278165379909 0
7907 0.9610860189010718 -0.01114624246630005 0
7908 1.510010228605417 -0.1990682118903001 0
7909 0.4837394379650711 0.06224725110786552 0
7910 0.4866797766673389 0.0614901064866519 0
7911 0.4868402235110295 0.06965540682562123 0
7912 0.4838196613869165 0.06632990127735018 0
7913 0.4867600000891841 0.06557275665613656 0
7914 0.6930857086491651 -0.04462258429387375 0
7915 0.6959557974456851 -0.04380638512340401 0
7916 0.6943758184446488 -0.04157209952065025 0
7917 0.7707236824140717 0.03982783214647333 0
7918 0.7720706047112325 0.04331877321496613 0
7919 0.7690503389260419 0.04488322291290105 0
7920 0.7646831508436909 0.04295673154234318 0
7921 0.7677034166288813 0.04139228184440826 0
7922 0.9581109609519394 0.07601493008964523 0
7923 0.9573471844186028 0.06087867241976731 0
7924 0.9666145842538136 0.04956737697890047 0
7925 0.9766457606223609 0.05339233920791155 0
7926 0.9774095371556973 0.06852859687778948 0
7927 0.9681421373204866 0.07983989231865632 0
7928 0.96737836078715 0.06470363464877839 0
7929 0.2767506624106525 -0.06577710222088055 0
7930 0.6524505836641958 -0.2097306294996912 0
7931 0.6522049070975224 -0.1904076262687017 0
7932 0.6382566500764519 -0.1787621677183852 0
7933 0.6245540696220551 -0.1864397123990583 0
7934 0.6385023266431255 -0.1980851709493748 0
7935 0.4261739458977567 -0.0648012306058393 0
7936 0.4293428876294107 -0.06516656652868878 0
7937 0.4273485586377128 -0.06207659083548506 0
7938 0.1849792822405187 -0.090977498202962 0
7939 0.1780674635383641 -0.09011251332093191 0
7940 0.1825701106649428 -0.09881459612648165 0
7941 2.474649076913122 0.9750165472014909 0
7942 2.330770956276455 1.050525234095459 0
7943 2.168622283109887 0.9877020330977151 0
7944 2.150351730579986 0.8493701452060044 0
7945 2.312500403746554 0.9121933462037476 0
7946 0.6066903742953791 -0.05620196487115964 0
7947 -0.6601934195975523 0.9694977348212287 0
7948 -0.7794333704774989 0.8870875109422184 0
7949 -0.6504516568634511 0.8375308893156597 0
7950 0.8988519040339893 0.03803709798364634 0
7951 0.9031950146623426 0.041849981205643 0
7952 0.8997000014356888 0.04643912011012305 0
7953 0.8918618775806818 0.04721537579260644 0
7954 0.8953568908073355 0.04262623688812638 0
7955 -0.03214420777005195 0.02725556622268727 0
7956 -0.02420139347219391 0.03180910259428749 0
7957 -0.02871086685933394 0.0384249375429796 0
7958 0.5846553524005982 -0.1850206081851697 0
7959 0.2982833240891137 -0.06629938902697356 0
7960 0.5762778877752537 -0.05968523560937485 0
7961 -0.1501788353456306 0.06150008753131938 0
7962 -0.1816708497739775 0.06241750624863109 0
7963 -0.1858942017715291 0.03904533692543885 0
7964 -0.1586255393407339 0.01475574888493489 0
7965 -0.1544021873431823 0.03812791820812714 0
7966 0.8451745765637818 0.3505151288792833 0
7967 0.2809190214084869 -0.156120555667314 0
7968 0.2880318947408909 -0.1473822121639519 0
7969 0.2758372525776789 -0.1444967510315608 0
7970 0.3177036383556304 -0.06575191950390225 0
7971 0.2173198487695061 -0.06425583591862118 0
7972 0.1957989532326546 -0.06680345608067635 0
7973 0.1994856445035225 -0.0670469178517079 0
7974 0.1977786864318546 -0.06356921843698229 0
7975 0.5263264732026587 -0.06266694294831068 0
7976 0.6138733771884315 0.04909588331508243 0
7977 0.7741983043112888 -0.03476267189373654 0
7978 0.1273726032762827 -0.05913406048814876 0
7979 0.1303905815932533 -0.06003167293881399 0
7980 0.1288435500257807 -0.05663194262559755 0
7981 0.9088610583745602 0.0403693377972973 0
7982 0.9101839914584244 0.03507581116695493 0
7983 0.9162072340093215 0.03885530096370986 0
7984 2.292316504359362 1.248048582103222 0
7985 2.397740173078936 1.370063243217018 0
7986 2.186470613069659 1.371648184485412 0
7987 -0.4330323876739777 -1.111267268285073 0
7988 -0.4258211548521036 -1.220988771818089 0
7989 -0.3054043087170915 -1.254393800945203 0
7990 -0.1921986954039535 -1.1780773265393 0
7991 -0.3126155415389657 -1.144672297412186 0
7992 0.05945947697303294 0.07165062066864113 0
7993 0.4863627921247207 -0.06539782975011053 0
7994 0.2533497107940708 0.06798352899781208 0
7995 0.2568917907887507 0.06738894786460474 0
7996 0.2603159775280539 0.07062696594764627 0
7997 0.2601980842726771 0.07445956516389517 0
7998 0.256773897533374 0.07122154708085361 0
7999 0.6554758257190527 -0.05268354257132526 0
8000 0.1353923889317318 -1.528340297926404 0
8001 0.09891195422532206 -0.6371252739313918 0
8002 0.2472907840741402 -0.06473592065246885 0
8003 0.09361103404522286 -0.1717344631959253 0
8004 0.07945320812069728 -0.1848507466648412 0
8005 0.1030807385575013 -0.1875335633452583 0
8006 0.5533951303882597 0.05717694433430879 0
8007 0.5569039002564965 0.05747335740140626 0
8008 0.5536036197930821 0.0614394119442089 0
8009 0.783996620043196 -0.03322234000179093 0
8010 0.7675499040458152 -0.04164119693526777 0
8011 0.7656824838080636 -0.04466573077365785 0
8012 0.7677235188117806 -0.04879108298386001 0
8013 0.771631974053249 -0.04989190135567211 0
8014 0.7695909390495321 -0.04576654914546994 0
8015 0.8312493760629002 -0.02963373049448139 0
8016 0.8341514811498032 -0.02980186858776707 0
8017 0.8326108907647802 -0.02698424930433784 0
8018 0.2641909126773992 0.6056554081811508 0
8019 0.222148951447774 0.5600722319386006 0
8020 0.2931669360603464 0.5669308727556216 0
8021 0.08419984758868199 0.1347965594774165 0
8022 0.6262052338251383 -0.1669945125876515 0
8023 0.9812659067973906 -0.007980274919667163 0
8024 0.969515813125347 -0.01356730222771248 0
8025 0.9730422713261965 -0.01277275355362277 0
8026 0.9710095891543407 -0.01015109105970236 0
8027 0.5022464776665051 -0.07983484117250758 0
8028 0.7347238361258868 -0.04644425846330933 0
8029 0.263833881707302 0.0674559374847316 0
8030 0.2672338926311734 0.0681175082380658 0
8031 0.2637159884519252 0.07128853670098047 0
8032 0.1092195370827716 -0.05449889873679187 0
8033 0.3359416286123399 -0.08735476473576792 0
8034 0.3344606599258869 -0.08244500048706219 0
8035 0.3296492495086818 -0.08443750151046771 0
8036 0.2674889867976722 -0.06515816738233331 0
8037 0.1680135901344805 -0.06106787162935316 0
8038 0.9832135633098598 -0.02777346349690187 0
8039 -0.1166552373125608 0.469004572748737 0
8040 0.8049628592765067 -0.03781989435807626 0
8041 0.207889536555133 -0.06357036452619351 0
8042 0.25540704969559 -0.06883136341569104 0
8043 0.259133884642302 -0.06890708834698069 0
8044 0.2573917381784185 -0.06561538885207407 0
8045 0.4303941201336253 -0.1067223816898664 0
8046 0.4410438071913038 0.2886246645614942 0
8047 0.4638635387374344 0.2936507577202621 0
8048 0.4486919803956366 0.3229842731512858 0
8049 0.05160126570925838 0.05040716733951871 0
8050 0.05282197734756122 0.05489929272501588 0
8051 0.04727076609519743 0.05271635449508683 0
8052 0.1505552649311177 0.124948543418753 0
8053 0.6054895408234868 0.05279539252159604 0
8054 0.6022327495268079 0.05377607494702758 0
8055 0.6037893475188384 0.05035290206698843 0
8056 0.732664556629808 0.04845559958786991 0
8057 0.7306762921282657 0.04523593027140566 0
8058 0.7337003456561891 0.0447334359215141 0
8059 0.1349142634303963 0.0543304618394159 0
8060 0.1329599738307806 0.05696023778794744 0
8061 0.1296712275001914 0.05656261535839622 0
8062 0.1283367707692177 0.05353521698031346 0
8063 0.1316244625025868 0.05394155983309551 0
8064 0.8726135540180244 0.02432914107546657 0
8065 0.3063548005650099 -0.06730491167798212 0
8066 0.3093510647140311 -0.06755428086493219 0
8067 0.3076761325927573 -0.06477402699218399 0
8068 0.9181326596355895 0.06544244237571339 0
8069 0.9068106191209763 0.06637771852575407 0
8070 0.8995050941678073 0.06009628459307639 0
8071 0.9035216097292516 0.05287957451035803 0
8072 0.9108271346824206 0.05916100844303571 0
8073 -0.05684965478180753 0.1810637955281017 0
8074 -0.07971542793186864 0.2068143580902206 0
8075 -0.08261909954558805 0.1792950987200557 0
8076 0.4753171687972351 0.06912131409101062 0
8077 0.4780581340300192 0.06606285491004489 0
8078 0.4810786961541322 0.06938836045831592 0
8079 0.6740050348943947 0.05192208702190805 0
8080 0.204633495400434 0.06067811019243816 0
8081 0.2030687194994243 0.06405229649755942 0
8082 0.1997610982624131 0.06386877734437935 0
8083 0.1980182529264116 0.06031107188607802 0
8084 0.2013255763839982 0.06049995686013609 0
8085 -0.2027070408139492 -1.336665856282095 0
8086 0.8345669855620375 -0.03286682406170761 0
8087 0.8320803848873688 -0.03576364144236244 0
8088 0.8360885967035675 -0.03680617854688919 0
8089 0.7831513430088499 0.03243798861497718 0
8090 0.7943034186386972 0.03339728842994585 0
8091 0.7915848185880103 0.03362643591773659 0
8092 0.7927022266580045 0.03103342729086762 0
8093 0.9045179477462069 0.03655645457530063 0
8094 0.4178893058370075 -0.07478082819892076 0
8095 0.9429586159627839 -0.02024796038713527 0
8096 0.1757259501078351 -0.07497524660237585 0
8097 0.1798323712421847 -0.07623895402146437 0
8098 0.1792636182283801 -0.0719789414608734 0
8099 0.6254400852166002 0.05556167647459655 0
8100 0.4942551357732312 0.05841440102988606 0
8101 0.3457327328822495 0.1000670525281402 0
8102 0.8930488737888358 -0.02718503980634415 0
8103 0.1381631490566231 -0.05757572054575043 0
8104 0.4272288766944314 -0.06841856303152916 0
8105 0.5302289098036896 -0.138704761257405 0
8106 0.5380852497653472 -0.1468122813168631 0
8107 0.5492084509603072 -0.1443785557009913 0
8108 0.5524753121936095 -0.1338373100256616 0
8109 0.5413521109986494 -0.1362710356415333 0
8110 0.5050559299203342 0.0606197567328673 0
8111 0.5019761963704759 0.0612874469963425 0
8112 0.5037443371143701 0.05794209515940889 0
8113 0.7430978250532707 -0.1794228076958183 0
8114 0.7554776407812906 -0.1897694024309574 0
8115 0.7712639063667313 -0.1845777531973511 0
8116 0.7746703562241517 -0.1690395092286058 0
8117 0.7588840906387112 -0.1742311584622121 0
8118 0.331299619510263 0.1237712860733647 0
8119 0.6481111048749475 0.06474939018582403 0
8120 0.458268896995599 0.2666541889775985 0
8121 -0.3521190060356801 0.08760308324160511 0
8122 -0.3410832422322327 0.03681309514757437 0
8123 -0.2910859403532983 0.01179371302434336 0
8124 -0.2521244022778112 0.03756431899514309 0
8125 -0.3021217041567456 0.06258370111837409 0
8126 0.3758949234194857 0.4448657210426404 0
8127 0.8333290041778136 0.02872385614885086 0
8128 0.05471688769788369 -0.05201136356151016 0
8129 0.6439492445805286 0.05237824180217551 0
8130 0.4947165922869199 -0.1468741234973874 0
8131 0.5021929463535861 -0.1546945476819257 0
8132 0.5139037235608456 -0.1518757283102916 0
8133 0.5181381467014388 -0.1412364847541193 0
8134 0.5064273694941793 -0.1440553041257533 0
8135 -0.3946769951522753 0.002234256035464721 0
8136 -0.4593065118757653 0.0184454050173858 0
8137 -0.432695270745621 -0.0402329935968925 0
8138 0.9656774727763526 -0.02896216288275965 0
8139 0.1713102728819682 -0.08406886535369699 0
8140 0.1714649009277269 -0.07889020226849217 0
8141 0.1660389138794911 -0.08035909209594237 0
8142 0.7753135434456819 0.03630657967392536 0
8143 0.7723451517812965 0.03632173537595295 0
8144 0.7733501938480341 0.03362422392556647 0
8145 0.698916133093205 -0.1193838315418728 0
8146 0.7070698048944887 -0.1257524627373262 0
8147 0.7172524256645939 -0.121537601514487 0
8148 0.7192813746334155 -0.1109541090961943 0
8149 0.7090987538633102 -0.1151689703190336 0
8150 -0.01321703670170754 0.1045325095027635 0
8151 -0.009673231818069616 0.09482809646927144 0
8152 0.0008732339048883042 0.1071293380744509 0
8153 0.3058355098104984 0.06545912442879316 0
8154 0.5540445592376486 -0.07116692391485971 0
8155 -0.4057127589557226 0.05302424412949545 0
8156 0.3152856518273209 0.06557353894094199 0
8157 0.5331333876478667 0.0610956420816985 0
8158 0.5368524513695573 0.06022923700719102 0
8159 0.5362208554443744 0.06418961046248257 0
8160 0.5513519697724683 -0.05906473599118287 0
8161 0.5516314264671617 -0.06201188367371837 0
8162 0.5541290446478043 -0.05955870518095713 0
8163 0.5481084516978297 -0.06077411625789752 0
8164 0.72692083920726 0.4346377356254025 0
8165 0.7481383940583317 0.4864425490067752 0
8166 0.7078348934509993 0.5258334664096025 0
8167 0.6463138379925952 0.5134195704310569 0
8168 0.6866173385999276 0.4740286530282298 0
8169 0.3799232603328092 0.09152696246819808 0
8170 0.2975937494194548 0.06918097458474665 0
8171 0.2937548759301676 0.06924397810377027 0
8172 0.2956513180076878 0.06597013983102541 0
8173 0.157727428339193 -0.06062888395697907 0
8174 0.2001731691696022 0.6304298355136624 0
8175 0.6229389520646648 0.2039195819501449 0
8176 0.6098200855506247 0.2242056232336001 0
8177 0.5898266316153861 0.2216789210008965 0
8178 0.5829520441941873 0.1988661774847378 0
8179 0.6029454981294261 0.2013928797174413 0
8180 0.9720673041204437 -0.01690594539063232 0
8181 1.001479824592245 -0.00596001082650488 0
8182 0.9384976027285574 0.05825224906707828 0
8183 0.9475405053069119 0.05199733190848384 0
8184 0.9490680583735849 0.08226984724823969 0
8185 0.9392613792618938 0.0733885067369562 0
8186 0.9483042818402483 0.06713358957836175 0
8187 0.8024009722732215 0.0303793689536912 0
8188 0.1475297868253571 -0.05874735737352355 0
8189 -0.08959602886069878 -0.2167561992478573 0
8190 -0.9748445559236831 -0.5394703052213975 0
8191 0.1091331888314833 0.06916641181660976 0
8192 0.1046425796288031 0.06866647014421291 0
8193 0.1110628695252743 0.06249337747943915 0
8194 0.1123433337797189 0.06607986548422289 0
8195 0.1078527245770387 0.06557992381182604 0
8196 0.1934665587810213 -0.07006888542079727 0
8197 0.1948208556002556 -0.07357777653194975 0
8198 0.1971532500518891 -0.07031234719182883 0
8199 0.1098288227579015 0.08023772589500394 0
8200 0.1117263103960324 0.07495203969200528 0
8201 0.1169768311804 0.0771749418062178 0
8202 0.6638125239369308 -0.1647707986312261 0
8203 0.6756658173430128 -0.1584569742247401 0
8204 0.6655761645726407 -0.1500046928259431 0
8205 0.2582348886289623 -0.07760775408202253 0
8206 0.2605478041089881 -0.07329528368014643 0
8207 0.2568209691622761 -0.07321955874885677 0
8208 0.5044100750804751 0.06425440601865542 0
8209 0.8291782798004658 -0.03559550334907675 0
8210 0.8287627753882315 -0.03253054787513623 0
8211 0.8261111397574131 -0.03352229371347678 0
8212 0.534678205135371 0.05707037514977781 0
8213 1.65286033009208 2.918526055885093 0
8214 0.719329581099093 0.2435906009609557 0
8215 0.7102297313074464 0.2169675201747286 0
8216 0.7349158356463107 0.2207091174540836 0
8217 0.6602057142022781 0.1188644239597809 0
8218 0.6511166213134537 0.1237456946813303 0
8219 0.6515235476235482 0.1128330265835548 0
8220 0.1321337860172921 -0.07658939387079405 0
8221 3.295200725947575 -0.3684421910218966 0
8222 0.1880175790575195 -0.07736399684140267 0
8223 0.1920963657385048 -0.07722533224225245 0
8224 0.1907420689192704 -0.07371644113109996 0
8225 0.285320889921393 0.06546849210439665 0
8226 0.3858940063613216 0.06450965005466253 0
8227 0.1555955111881951 0.07744197653828212 0
8228 0.4849048715441366 0.0589688725315058 0
8229 0.9731521900698015 0.08993774691260641 0
8230 0.9874296426543271 0.08872430606568965 0
8231 0.9863732142878945 0.1065226020200397 0
8232 0.3955535324474962 0.0637049190195992 0
8233 0.8013307111016081 -0.1925623933488335 0
8234 0.7845940838054594 -0.196339195257465 0
8235 0.7737872178688709 -0.2206431155579704 0
8236 0.7797169792284311 -0.2411702339498443 0
8237 0.7964536065245799 -0.2373934320412129 0
8238 0.8072604724611683 -0.2130895117407075 0
8239 0.7905238451650196 -0.2168663136493389 0
8240 0.9912827128690012 0.04786263314358788 0
8241 0.9958884887470942 0.03850796485025312 0
8242 1.009406206077148 0.03875060390800376 0
8243 1.018318147529108 0.04834791125908916 0
8244 1.013712371651015 0.05770257955242391 0
8245 1.000194654320961 0.05745994049467327 0
8246 1.004800430199055 0.04810527220133852 0
8247 0.2606910816712193 -0.08068260206292077 0
8248 0.2654601901935024 -0.07944497964194293 0
8249 0.2630039971512452 -0.07637013166104467 0
8250 0.7934800434492782 0.03761038006989922 0
8251 0.513399402035476 0.05775279360675707 0
8252 0.4066397328777285 -0.08374567865723706 0
8253 0.9385382534101496 0.05045677830081315 0
8254 0.5777684571028373 0.06835864324361722 0
8255 0.8316648804751344 -0.03269868596842191 0
8256 0.4325748849830985 0.06498352713339686 0
8257 0.4358093612977105 0.06429894236291814 0
8258 0.435321591861404 0.0682678089132126 0
8259 1.127601847808642 0.06821384013511908 0
8260 0.2451551514594459 0.06458559615900616 0
8261 0.7620920554435398 -0.05642295547778527 0
8262 0.7629535595069259 -0.0520566100449166 0
8263 0.7542709531153901 -0.05366916921586672 0
8264 0.7577507522477718 -0.05722923506326034 0
8265 0.7586122563111579 -0.05286288963039167 0
8266 0.189240331420627 -0.08706254253684569 0
8267 0.1865895618985806 -0.08228260198869929 0
8268 0.179677743196426 -0.08141761710666921 0
8269 0.1754166940163177 -0.08533257277278553 0
8270 0.1823285127184724 -0.0861975576548156 0
8271 0.4890483594226441 -0.2499956553882885 0
8272 0.5099156433638605 -0.2606354273667021 0
8273 0.5046821356488685 -0.2371517104423474 0
8274 1.784105899301838 -0.9252442544869376 0
8275 0.2755809118482217 0.0652666841069232 0
8276 0.2553656845879456 0.06481474482054 0
8277 2.007161867616044 0.9393298199550297 0
8278 0.9900364904981711 -0.009213635111105229 0
8279 0.9931600624939565 -0.009223222850749833 0
8280 0.991118584359909 -0.006608149721163086 0
8281 0.9160279202213262 0.08888499059743167 0
8282 0.9227413101857646 0.0766960784115522 0
8283 0.9325479892974555 0.08557741892283566 0
8284 -0.6636663744987787 -1.30388655391644 0
8285 -0.5411381482645041 -1.317298414633773 0
8286 -0.5483493810863782 -1.207576911100756 0
8287 -0.02511009884314114 0.09794799048799245 0
8288 0.523808721270647 0.05819684958135063 0
8289 0.4523179374713042 -0.0656392512629051 0
8290 0.4527279474439571 -0.06897354315215143 0
8291 0.4553802954905556 -0.0661345770838158 0
8292 0.1272711978230163 -0.06347825598557634 0
8293 0.7059886880468798 -0.1387951125612711 0
8294 0.6967538993979873 -0.1454691311897626 0
8295 0.7019187436078134 -0.1577875041990625 0
8296 0.7163183764665321 -0.1634318585798709 0
8297 0.711153532256706 -0.151113485570571 0
8298 0.8684139589340056 -0.03718431089039358 0
8299 0.8725053106094316 -0.03539965959704591 0
8300 0.8737549181421216 -0.03124867282095133 0
8301 0.8709131739993856 -0.02888233733820443 0
8302 0.8696635664666956 -0.03303332411429901 0
8303 0.8626788368736266 0.1266660631786663 0
8304 0.8514153253353869 0.1174801685155529 0
8305 0.8615617667483674 0.1118357481548763 0
8306 -0.254184924517437 -0.03098673062860456 0
8307 -0.2921162014731112 -0.02248181178753046 0
8308 -0.2702329517353336 -0.060418965535167 0
8309 0.2370719810363998 0.06625403052832214 0
8310 0.234406295782463 0.06616780508896521 0
8311 0.2358215150058131 0.06365661547307333 0
8312 0.2656199502342925 0.06494138942600587 0
8313 0.9114192696711512 0.07763135456159287 0
8314 0.296076563145276 0.07266954267263669 0
8315 0.4741659216536855 0.06211303274035048 0
8316 0.4774825104582445 0.06255871423471482 0
8317 0.4747415452254603 0.06561717341568055 0
8318 0.5459355802578938 0.07579865799755064 0
8319 0.5950932478639553 -0.06875403332287994 0
8320 0.5983474921288076 -0.07316375578136913 0
8321 0.6043053536444749 -0.07284430063806961 0
8322 0.60700897089529 -0.06811512303628088 0
8323 0.6010511093796227 -0.06843457817958039 0
8324 0.4288999963305826 -0.2729814868199425 0
8325 0.4485405359060052 -0.2561686851149087 0
8326 0.4263875530926321 -0.2448019994352117 0
8327 0.2889900966801972 -0.6383840276820513 0
8328 0.324968631501399 0.06574018671791643 0
8329 0.8912975197760025 0.02331656004583815 0
8330 0.8945245798001984 0.02292188412824067 0
8331 0.8934436309939455 0.0268208863119095 0
8332 0.1668921345336363 0.06324201090703302 0
8333 0.1638592334606002 0.063005335058424 0
8334 0.1657628119814665 0.06029417498588351 0
8335 0.4812577062275312 -0.1729890510800519 0
8336 0.4954635033238918 -0.1677520114732579 0
8337 0.4879871492572255 -0.1599315872887196 0
8338 0.5448177298499866 0.05513747806346121 0
8339 0.9635263881400339 0.04110995752393207 0
8340 0.9704693683948015 0.03647750029797475 0
8341 0.9805005447633487 0.04030246252698583 0
8342 0.9835887408771284 0.04875988198195423 0
8343 0.9735575645085812 0.04493491975294314 0
8344 0.226598538340344 0.06411034988985666 0
8345 0.8884808274504085 -0.06672667452461702 0
8346 0.8916939658990117 -0.06174847049595383 0
8347 0.8850391320516451 -0.05975339164390638 0
8348 0.8218032404765143 0.02914870692310473 0
8349 0.3755156711743194 0.06543904878766017 0
8350 0.6978350162455962 -0.1324264813658177 0
8351 0.88290741615823 0.02297012416545928 0
8352 0.6299734128567058 0.2330972089796926 0
8353 1.138672812184128 -0.3007992137827566 0
8354 1.156644174521451 -0.2667597134323549 0
8355 1.139072768435863 -0.2277500271571624 0
8356 1.103530000012952 -0.2227798412323717 0
8357 1.12110140609854 -0.2617895275075641 0
8358 0.6742141600107293 0.08637967301521397 0
8359 0.6823450739846292 0.09103432043807475 0
8360 0.6752846803621537 0.09713238223050674 0
8361 0.4148044711315467 0.06288528696053944 0
8362 -0.2629219011378559 0.2883439991333659 0
8363 0.1752624564290636 0.0624154661567871 0
8364 0.813928136559781 0.03167081159458172 0
8365 0.8109897344651124 0.03233383605548502 0
8366 0.8123190319510178 0.02928707676325077 0
8367 0.5113981680088987 0.7351400043387648 0
8368 0.5475938545516676 0.799794279587819 0
8369 0.4614256581974355 0.7935302143598502 0
8370 0.3685219012824614 -0.07041415927955347 0
8371 -0.7788166250111548 1.025781104328127 0
8372 0.4050318794102776 0.06331580373644854 0
8373 -0.1596558004605468 -0.01951977592693893 0
8374 -0.1879547240111548 -0.02950571269830879 0
8375 -0.1631297262384038 -0.04726889756520165 0
8376 0.4753410636076355 0.05947686369565978 0
8377 0.03795618112853122 0.03769505140313741 0
8378 0.7652192312841142 0.444204061762814 0
8379 0.4657310463938619 0.0603245819430671 0
8380 0.1561453636858747 0.05892092149125047 0
8381 2.436194624996029 1.172539895209255 0
8382 0.1906683485795659 -0.08214393738954906 0
8383 1.3258073387359 -0.9236860748935057 0
8384 -0.2152233864419499 -0.005216124657804838 0
8385 -0.214193125322137 0.02905940015406898 0
8386 -0.2531546633976241 0.003288794183269258 0
8387 0.9035975191734285 0.1310616526839259 0
8388 0.7668620147483944 -0.05315742841672869 0
8389 0.05364528212400016 0.04635000858168269 0
8390 0.05691001017704472 0.04678497520934383 0
8391 0.05486599376230306 0.05084213396717985 0
8392 0.4246584595276253 0.06218572961609356 0
8393 0.04699027265835692 0.04106026745912093 0
8394 0.235570647151814 0.0706923308316008 0
8395 0.08079963602725776 -0.1645631572410888 0
8396 0.4461254116767867 -0.06767521851985303 0
8397 0.4496316845466982 -0.0699915267806254 0
8398 0.4492216745740454 -0.06665723489137906 0
8399 0.2967685520884715 -0.2767466146967707 0
8400 0.3179089021208358 -0.261974766414988 0
8401 0.2975867694686328 -0.2480898916030323 0
8402 -0.03103231603127382 -0.1804649362858027 0
8403 -0.01295220353436061 -0.1664001220964353 0
8404 -0.03878513916263909 -0.1581507309481423 0
8405 0.1833598833414483 0.06730996023050007 0
8406 0.1873012696603187 0.06627610380226859 0
8407 0.1917145926648595 0.06934794441483666 0
8408 0.1921865293505297 0.07345364145563622 0
8409 0.187773206345989 0.07038180084306814 0
8410 0.2164418599812116 -0.08704547659613571 0
8411 0.3712220019942009 -0.8619565409622306 0
8412 0.3307597331901128 -0.8084170771482646 0
8413 0.2984469761685826 -0.8791737051014924 0
8414 0.9439406228893571 0.01732670018572164 0
8415 0.9408278452047586 0.0172375543197216 0
8416 0.9418288774263008 0.01422455873100753 0
8417 -0.3919928612294633 0.4169859474108462 0
8418 -0.3723411124900881 0.3654037832995393 0
8419 -0.3340645776541328 0.4281172752946939 0
8420 0.4550154236168605 0.06203150800848285 0
8421 1.124645367935367 -0.1929674908889958 0
8422 0.9319964126767677 0.01617747729908454 0
8423 0.5603808882188935 -0.1438778505213762 0
8424 0.2981055243344324 -0.1483325109187662 0
8425 0.3010662805955701 -0.1580211531769426 0
8426 0.3127881177652139 -0.1596841403926085 0
8427 0.3215491986737201 -0.151658485350098 0
8428 0.3098273615040763 -0.1499954981344321 0
8429 0.09678477324785112 0.05105067857997145 0
8430 0.7274470929361224 -0.1194973334904417 0
8431 0.921370882904049 0.0171410268389153 0
8432 0.7524931529837013 -0.05976998409783243 0
8433 0.8131771674520396 0.03603742658776728 0
8434 0.5704661322992985 0.2227885625124234 0
8435 0.1057497631901703 0.05407918642242395 0
8436 0.4446733740961343 -0.0748935593147394 0
8437 0.448905665756372 -0.07360069717806859 0
8438 0.4453993928864605 -0.0712843889172962 0
8439 -0.03061543330681721 -0.01859732397711112 0
8440 0.4037219937557153 -0.7985212613057481 0
8441 1.017357575632312 -0.00782877745031048 0
8442 1.015680088380662 -0.01397372330947645 0
8443 1.023107689635903 -0.01056930879244807 0
8444 0.6955735044537891 0.2439081809636724 0
8445 0.8956834858742444 0.0536558301928414 0
8446 0.9130520856875172 0.01896638758555537 0
8447 0.9103760365336033 0.01917537844328849 0
8448 0.9114924568785268 0.01669880401379909 0
8449 0.09651790370028968 -0.0682634202265935 0
8450 0.2939534072631661 -0.1667594966803047 0
8451 0.2838797776696245 -0.1658091979254904 0
8452 0.2853053463764605 -0.1793723294343778 0
8453 0.7169901727623446 -0.1765153720681411 0
8454 0.7032623361994385 -0.1839545311756028 0
8455 0.7280915952110718 -0.208038446872241 0
8456 0.7294048022681613 -0.1885573299164602 0
8457 0.7156769657052551 -0.1959964890239219 0
8458 0.1651955414407599 0.06647534900652034 0
8459 0.7646261912239652 0.09037638889841408 0
8460 0.277727517812005 -0.08865731420744154 0
8461 0.2721220008298547 -0.09174774796083779 0
8462 0.2787343309623282 -0.09617271849412294 0
8463 0.03678240984515363 -0.03921365923347817 0
8464 0.03960932038952797 -0.04098983427689645 0
8465 0.03924233178858777 -0.03759469776146725 0
8466 0.8145031262795566 -0.2529551584365696 0
8467 0.8433595119711218 -0.2442129645314208 0
8468 0.8253099922161451 -0.2286512381360641 0
8469 0.9711841763702602 0.03050552769198589 0
8470 0.9649560040909515 0.02916601231195433 0
8471 0.9694882237963294 0.0250785632695649 0
8472 0.8933719794892001 -0.07386188691318293 0
8473 0.9014762699765952 -0.07601889527308564 0
8474 0.8965851179378035 -0.06888368288451974 0
8475 0.2677540888037315 -0.08929457354981105 0
8476 0.2689916937597584 -0.08375096538538807 0
8477 0.2642225852374754 -0.08498858780636591 0
8478 0.892360917367786 0.02022789865558596 0
8479 0.9440375350792618 0.02502711607442365 0
8480 0.9455454678266088 0.02122148106307267 0
8481 0.9533284219850668 0.02816191498320673 0
8482 0.9479290121584909 0.02849733303449068 0
8483 0.9494369449058377 0.02469169802313969 0
8484 0.1755713220620765 -0.08015390968758068 0
8485 0.5925828588369022 -0.07475325622839263 0
8486 0.9022024926536945 0.01837289309846793 0
8487 0.7736920740784572 0.03981267644444574 0
8488 -0.5926879517117194 -1.436022487881871 0
8489 0.6770094099346378 -0.1846240012012804 0
8490 0.6644843202327433 -0.1778543121194963 0
8491 0.6647299967994169 -0.1971773153504858 0
8492 0.1672719841151747 -0.2349585497403756 0
8493 0.7541644337242013 -0.2092505193867382 0
8494 0.7404714109390919 -0.21838504160738 0
8495 0.7600941950837614 -0.2297776377786122 0
8496 0.5648444401898414 0.05314095113400772 0
8497 1.017664147853421 0.03479227631428655 0
8498 0.3353725858072372 0.0661123593266387 0
8499 -0.186924462891342 0.004769812113565026 0
8500 0.8719539574496509 -0.0411230001328626 0
8501 -0.117542404865655 -0.5492260432289473 0
8502 -0.09240883258313043 -0.4865334774317729 0
8503 -0.1478534173544421 -0.4969898853047844 0
8504 0.345700649626128 0.06523967021865743 0
8505 0.3257094835980925 -0.1657359036940367 0
8506 0.2165708921394242 0.06400874139801765 0
8507 0.0564030259575819 0.04365146180107324 0
8508 0.1856727062167037 0.06323809883910984 0
8509 0.4491194537707986 -0.07896584261295872 0
8510 0.6803077880998216 0.0834017120861119 0
8511 0.3202781676807783 -0.2885533366115106 0
8512 0.5547465017852367 0.05436111686106131 0
8513 0.5259944866630964 -0.1493440048135773 0
8514 0.605319480356548 0.05697602733185417 0
8515 0.7655258973656025 0.047794808853246 0
8516 0.7880005336628798 -0.1808009512887197 0
8517 0.1176072602330924 0.0599032184394653 0
8518 0.113694832751961 0.05940505395706035 0
8519 0.1161512809477481 0.05616670965999797 0
8520 0.4343543624200653 0.06172004634528307 0
8521 0.1475787466939761 0.06080445738893354 0
8522 0.1441856321041468 0.06137108760906915 0
8523 0.1461707263025555 0.05831872239793997 0
8524 0.7177393012232658 0.04522833718393812 0
8525 0.7167586649067132 0.04777792781173016 0
8526 0.7134550265608258 0.04818837041880875 0
8527 0.7111320245314909 0.04604922239809529 0
8528 0.7144356628773784 0.04563877979101671 0
8529 0.3382205553480475 -0.08268985500870095 0
8530 -0.05519578700798228 -0.532437307023098 0
8531 0.6453754832391005 0.6103760620664559 0
8532 0.6150841328866458 0.5556908682594837 0
8533 0.6766051883450499 0.5681047642380291 0
8534 0.4440914738863209 0.06174850322810613 0
8535 0.8737928525271026 -0.02782926309410524 0
8536 0.7641641050789216 -0.04153717533655318 0
8537 -0.131783430209114 0.3148072875920664 0
8538 0.60884538288308 0.666869413612189 0
8539 0.5420239321746049 0.6686775713509497 0
8540 0.5785540325306253 0.6121842198052166 0
8541 0.7270767162351202 0.04457887205743904 0
8542 0.725465404843517 0.04714148315993665 0
8543 0.722142708147882 0.04736231169367153 0
8544 0.7204313228438501 0.04502052912490881 0
8545 0.7237540195394851 0.04479970059117392 0
8546 0.9881945167552214 0.03940521368861948 0
8547 0.2733596057858817 -0.08620413979641479 0
8548 0.06599046691733851 0.04673126311510072 0
8549 1.013731167766656 -0.01014990754963571 0
8550 0.8444600747961624 0.1282728733738882 0
8551 0.1946630851855977 0.06597032585025163 0
8552 0.1980835143920062 0.06669840432646616 0
8553 0.195135021871268 0.07007602289105119 0
8554 -0.01299201213684037 -0.189942618417767 0
8555 0.7098250425695307 0.04970399539267954 0
8556 0.9915046928229354 -0.01354153581180493 0
8557 0.04905744681447533 -0.04161394232895376 0
8558 0.2065895776040733 0.3119341982633835 0
8559 0.2909926510020285 -0.1570708544221283 0
8560 0.5782196187173738 0.7333318466000039 0
8561 0.5762751686726413 0.0547779068160431 0
8562 0.5732557785869369 0.05437614697395834 0
8563 0.5744525421507377 0.05202018305224017 0
8564 0.6096501017312268 -0.07358392614128097 0
8565 0.0849399469403877 0.06629880984369184 0
8566 0.08448763905438944 0.07301388578206618 0
8567 0.07965983643235353 0.06904833302903794 0
8568 -0.03199071044170448 0.02079459640182175 0
8569 -0.02389439881549899 0.01888716295255647 0
8570 -0.02404789614384645 0.02534813277342198 0
8571 0.7310532452382048 0.05101821069036752 0
8572 0.7274536693450593 0.05036115247640089 0
8573 0.7290649807366625 0.04779854137390327 0
8574 0.1072357011933523 0.07445209801960843 0
8575 0.7230307063777315 0.05688155384782091 0
8576 0.7234423999148226 0.05329282405512759 0
8577 0.7270419758079681 0.05394988226909421 0
8578 0.4972678712371747 -0.1805217037084538 0
8579 0.9580130238361839 0.03379846953791164 0
8580 0.9572982158607252 0.03977044214390052 0
8581 0.952613614009608 0.03413388758919559 0
8582 0.6881909070449073 -0.1652266633065242 0
8583 0.6888627033407198 -0.1783101767947944 0
8584 0.7025905399036259 -0.1708710176873326 0
8585 0.6953030153926585 -0.04670919535639341 0
8586 0.9642411961154926 0.0351379849179432 0
8587 0.126509228661211 0.05683307175352664 0
8588 0.9966970424895378 0.07741301062482281 0
8589 0.991686989740223 0.06731515603087272 0
8590 1.005204707070276 0.06755779508862335 0
8591 0.8936947676969316 -0.08094097931352202 0
8592 0.4711305693314734 -0.2651600776284014 0
8593 0.4740800631815191 -0.290964271846928 0
8594 0.4919978532726898 -0.275799849606815 0
8595 0.7417846179961813 -0.1989039246515992 0
8596 0.08985985214030007 0.06915974136585802 0
8597 0.1963406690560047 0.06314069886816481 0
8598 0.2064298029556907 0.06364023456216511 0
8599 0.6606569260819425 0.1312073646169974 0
8600 0.1362222515918314 0.05774280581885603 0
8601 0.3565090560683492 0.06581311409321806 0
8602 0.3535992346355894 0.06588163165776552 0
8603 0.3551122776198865 0.06349039265586702 0
8604 0.9824195899050122 0.07862645147173955 0
8605 -0.06154035590550849 -0.03259610334476096 0
8606 0.6763376136388253 -0.1715404877130103 0
8607 0.9424326901420101 0.02113233519707262 0
8608 0.4514900297560508 -0.2819728793334352 0
8609 0.3071124167151165 -0.07034258064088865 0
8610 0.7211620718313294 0.04991190232146358 0
8611 0.7184700502107451 0.05011971038049289 0
8612 0.7194506865272976 0.04757011975270085 0
8613 1.189692999121382 -0.30260696464348 0
8614 0.8402678263301865 -0.2768343267357432 0
8615 -0.02983484188971081 0.0119227213575088 0
8616 0.1149752970064056 0.0629915419618441 0
8617 -0.4340915665056824 0.3680052260301002 0
8618 0.03538547409946319 -0.04292982104059138 0
8619 0.7207503782942384 0.0535006321141569 0
8620 0.5744315732488229 0.05716378705145766 0
8621 0.355464962738372 0.06884562394998182 0
8622 0.911645015587803 0.02264135018848547 0
8623 0.1471834082807448 0.06438588104986954 0
8624 0.9954593743918572 0.003544634148876297 0
8625 0.9909187487837146 0.007089268297752594 0
8626 0.9921679897321409 0.004009995855642383 0
8627 0.9956241292669197 0.01326239966784909 0
8628 0.07171062536764689 -0.04571036939885283 0
8629 0.01729273535371662 -0.02494628125037117 0
8630 0.02024836556153775 -0.02978415849903896 0
8631 0.02012537743835791 -0.02666210130119918 0
8632 0.01396325144460792 -0.02669101612262263 0
8633 0.01506220253957574 0.03245202033924294 0
8634 0.01396386784530362 0.02578035586893355 0
8635 0.0167530367489655 0.02756561657992896 0
8636 0.009824465209276545 0.02842229102051928 0
8637 0.08370140250510433 0.04880621438864773 0
8638 0.8482875590374149 0.02313120272651592 0
8639 0.8449123609942218 0.02700360267728333 0
8640 0.8449864883141136 0.02352198013862782 0
8641 0.8497529697978816 0.02649378298408768 0
8642 0.9677271530742033 0.008388365456177176 0
8643 0.8578290683012642 -0.03250713274246644 0
8644 0.4415815303371523 -0.1565564333399075 0
8645 0.9503943192129021 -0.1092864485670163 0
8646 0.3420145616231567 0.199703409547671 0
8647 0.242991092303713 0.1648053754423711 0
8648 -0.03094753082161367 0.1956967830664818 0
8649 -0.1477139670142321 0.0913082454405984 0
$EndNodes
$Elements
1846
1 21 2 1 1 1065 1321 1183 1494 1495 1496 1497 1498 1499 1500
2 21 2 1 1 1015 1053 1030 1501 1502 1503 1504 1505 1506 1507
3 21 2 1 1 812 832 831 1508 1509 1510 1511 1512 1513 1514
4 21 2 1 1 709 775 712 1515 1516 1517 1518 1519 1520 1521
5 21 2 1 1 770 1064 821 1522 1523 1524 1525 1526 1527 1528
6 21 2 1 1 705 1114 1113 1529 1530 1531 1532 1533 1534 1535
7 21 2 1 1 1201 1202 1022 1536 1537 1538 1539 1540 1541 1542
8 21 2 1 1 1112 1114 908 1543 1544 1545 1546 1547 1548 1549
9 21 2 1 1 998 1201 1022 1550 1551 1541 1540 1552 1553 1554
10 21 2 1 1 908 1114 968 1546 1545 1555 1556 1557 1558 1559
11 21 2 1 1 833 840 839 1560 1561 1562 1563 1564 1565 1566
12 21 2 1 1 832 1399 833 1567 1568 1569 1570 1571 1572 1573
13 21 2 1 1 1116 1118 1117 1574 1575 1576 1577 1578 1579 1580
14 21 2 1 1 948 1144 1143 1581 1582 1583 1584 1585 1586 1587
15 21 2 1 1 95 1255 94 1588 1589 1590 1591 338 339 1592
16 21 2 1 1 625 802 691 1593 1594 1595 1596 1597 1598 1599
17 21 2 1 1 835 1294 1266 1600 1601 1602 1603 1604 1605 1606
18 21 2 1 1 930 943 925 1607 1608 1609 1610 1611 1612 1613
19 21 2 1 1 1035 1170 1167 1614 1615 1616 1617 1618 1619 1620
20 21 2 1 1 960 1114 705 1621 1622 1530 1529 1623 1624 1625
21 21 2 1 1 967 1093 703 1626 1627 1628 1629 1630 1631 1632
22 21 2 1 1 974 1031 781 1633 1634 1635 1636 1637 1638 1639
23 21 2 1 1 797 823 822 1640 1641 1642 1643 1644 1645 1646
24 21 2 1 1 933 964 941 1647 1648 1649 1650 1651 1652 1653
25 21 2 1 1 858 1469 857 1654 1655 1656 1657 1658 1659 1660
26 21 2 1 1 1011 1268 1267 1661 1662 1663 1664 1665 1666 1667
27 21 2 1 1 937 951 930 1668 1669 1670 1671 1672 1673 1674
28 21 2 1 1 1266 1294 961 1603 1602 1675 1676 1677 1678 1679
29 21 2 1 1 1 1331 1041 1680 1681 1682 1683 1684 1685 1686
30 21 2 1 1 807 1348 808 1687 1688 1689 1690 1691 1692 1693
31 21 2 1 1 1005 1198 1033 1694 1695 1696 1697 1698 1699 1700
32 21 2 1 1 1046 1329 1188 1701 1702 1703 1704 1705 1706 1707
33 21 2 1 1 918 961 916 1708 1709 1710 1711 1712 1713 1714
34 21 2 1 1 635 817 798 1715 1716 1717 1718 1719 1720 1721
35 21 2 1 1 833 1413 840 1722 1723 1724 1725 1561 1560 1726
36 21 2 1 1 1019 1035 1013 1727 1728 1729 1730 1731 1732 1733
37 21 2 1 1 705 1115 960 1734 1735 1736 1737 1624 1623 1738
38 21 2 1 1 832 833 831 1572 1571 1739 1740 1511 1510 1741
39 21 2 1 1 1327 1328 865 1742 1743 1744 1745 1746 1747 1748
40 21 2 1 1 1328 1481 865 1749 1750 1751 1752 1745 1744 1753
41 21 2 1 1 1120 1143 1142 1754 1755 1756 1757 1758 1759 1760
42 21 2 1 1 701 799 790 1761 1762 1763 1764 1765 1766 1767
43 21 2 1 1 691 801 793 1768 1769 1770 1771 1772 1773 1774
44 21 2 1 1 689 1352 984 1775 1776 1777 1778 1779 1780 1781
45 21 2 1 1 948 1143 939 1586 1585 1782 1783 1784 1785 1786
46 21 2 1 1 764 1394 862 1787 1788 1789 1790 1791 1792 1793
47 21 2 1 1 1278 1281 1280 1794 1795 1796 1797 1798 1799 1800
48 21 2 1 1 1206 1417 1216 1801 1802 1803 1804 1805 1806 1807
49 21 2 1 1 698 701 700 1808 1809 1810 1811 1812 1813 1814
50 21 2 1 1 692 824 808 1815 1816 1817 1818 1819 1820 1821
51 21 2 1 1 853 1239 899 1822 1823 1824 1825 1826 1827 1828
52 21 2 1 1 922 1087 918 1829 1830 1831 1832 1833 1834 1835
53 21 2 1 1 1159 1165 1039 1836 1837 1838 1839 1840 1841 1842
54 21 2 1 1 812 966 832 1843 1844 1845 1846 1509 1508 1847
55 21 2 1 1 968 1264 908 1848 1849 1850 1851 1558 1557 1852
56 21 2 1 1 1175 1176 1001 1853 1854 1855 1856 1857 1858 1859
57 21 2 1 1 1294 1401 956 1860 1861 1862 1863 1864 1865 1866
58 21 2 1 1 916 956 914 1867 1868 1869 1870 1871 1872 1873
59 21 2 1 1 1055 1120 929 1874 1875 1876 1877 1878 1879 1880
60 21 2 1 1 1069 1183 1103 1881 1882 1883 1884 1885 1886 1887
61 21 2 1 1 1049 1470 1133 1888 1889 1890 1891 1892 1893 1894
62 21 2 1 1 98 1256 97 1895 1896 1897 1898 344 345 1899
63 21 2 1 1 1019 1170 1035 1900 1901 1615 1614 1728 1727 1902
64 21 2 1 1 1326 1327 1084 1903 1904 1905 1906 1907 1908 1909
65 21 2 1 1 719 1146 1145 1910 1911 1912 1913 1914 1915 1916
66 21 2 1 1 890 1396 1141 1917 1918 1919 1920 1921 1922 1923
67 21 2 1 1 636 817 635 1924 1925 1716 1715 677 678 1926
68 21 2 1 1 965 970 969 1927 1928 1929 1930 1931 1932 1933
69 21 2 1 1 110 1183 109 1934 1935 1936 1937 368 369 1938
70 21 2 1 1 1124 1304 1087 1939 1940 1941 1942 1943 1944 1945
71 21 2 1 1 840 1416 839 1946 1947 1948 1949 1563 1562 1950
72 21 2 1 1 903 953 901 1951 1952 1953 1954 1955 1956 1957
73 21 2 1 1 1045 1170 1019 1958 1959 1901 1900 1960 1961 1962
74 21 2 1 1 96 1256 867 1963 1964 1965 1966 1967 1968 1969
75 21 2 1 1 976 1462 973 1970 1971 1972 1973 1974 1975 1976
76 21 2 1 1 971 1040 947 1977 1978 1979 1980 1981 1982 1983
77 21 2 1 1 792 800 793 1984 1985 1986 1987 1988 1989 1990
78 21 2 1 1 1070 1080 1060 1991 1992 1993 1994 1995 1996 1997
79 21 2 1 1 768 1078 1072 1998 1999 2000 2001 2002 2003 2004
80 21 2 1 1 939 955 934 2005 2006 2007 2008 2009 2010 2011
81 21 2 1 1 766 818 791 2012 2013 2014 2015 2016 2017 2018
82 21 2 1 1 853 899 892 1827 1826 2019 2020 2021 2022 2023
83 21 2 1 1 929 1135 1055 2024 2025 2026 2027 1879 1878 2028
84 21 2 1 1 1026 1369 754 2029 2030 2031 2032 2033 2034 2035
85 21 2 1 1 883 1163 881 2036 2037 2038 2039 2040 2041 2042
86 21 2 1 1 777 1476 778 2043 2044 2045 2046 2047 2048 2049
87 21 2 1 1 1221 1318 1010 2050 2051 2052 2053 2054 2055 2056
88 21 2 1 1 935 939 934 2057 2058 2010 2009 2059 2060 2061
89 21 2 1 1 1010 1318 989 2053 2052 2062 2063 2064 2065 2066
90 21 2 1 1 916 1294 956 2067 2068 1865 1864 1868 1867 2069
91 21 2 1 1 1032 1411 781 2070 2071 2072 2073 2074 2075 2076
92 21 2 1 1 973 1462 979 1973 1972 2077 2078 2079 2080 2081
93 21 2 1 1 1011 1285 1269 2082 2083 2084 2085 2086 2087 2088
94 21 2 1 1 797 1260 823 2089 2090 2091 2092 1641 1640 2093
95 21 2 1 1 703 1092 967 2094 2095 2096 2097 1631 1630 2098
96 21 2 1 1 732 825 728 2099 2100 2101 2102 2103 2104 2105
97 21 2 1 1 1339 1340 750 2106 2107 2108 2109 2110 2111 2112
98 21 2 1 1 1003 1360 1039 2113 2114 2115 2116 2117 2118 2119
99 21 2 1 1 775 855 712 2120 2121 2122 2123 1518 1517 2124
100 21 2 1 1 792 827 800 2125 2126 2127 2128 1985 1984 2129
101 21 2 1 1 906 960 903 2130 2131 2132 2133 2134 2135 2136
102 21 2 1 1 909 968 906 2137 2138 2139 2140 2141 2142 2143
103 21 2 1 1 625 1424 802 2144 2145 2146 2147 1594 1593 2148
104 21 2 1 1 702 709 708 2149 2150 2151 2152 2153 2154 2155
105 21 2 1 1 1266 1304 837 2156 2157 2158 2159 2160 2161 2162
106 21 2 1 1 698 1311 701 2163 2164 2165 2166 1809 1808 2167
107 21 2 1 1 785 797 685 2168 2169 2170 2171 2172 2173 2174
108 21 2 1 1 1399 1413 833 2175 2176 1723 1722 1570 1569 2177
109 21 2 1 1 931 937 930 2178 2179 1673 1672 2180 2181 2182
110 21 2 1 1 857 860 856 2183 2184 2185 2186 2187 2188 2189
111 21 2 1 1 858 878 876 2190 2191 2192 2193 2194 2195 2196
112 21 2 1 1 717 1298 718 2197 2198 2199 2200 2201 2202 2203
113 21 2 1 1 1006 1361 1053 2204 2205 2206 2207 2208 2209 2210
114 21 2 1 1 861 862 860 2211 2212 2213 2214 2215 2216 2217
115 21 2 1 1 509 1437 751 2218 2219 2220 2221 2222 2223 2224
116 21 2 1 1 993 1193 1192 2225 2226 2227 2228 2229 2230 2231
117 21 2 1 1 1276 1340 1272 2232 2233 2234 2235 2236 2237 2238
118 21 2 1 1 115 1104 769 2239 2240 2241 2242 2243 2244 2245
119 21 2 1 1 961 1294 916 1676 1675 2068 2067 1711 1710 2246
120 21 2 1 1 734 1210 1202 2247 2248 2249 2250 2251 2252 2253
121 21 2 1 1 721 1457 772 2254 2255 2256 2257 2258 2259 2260
122 21 2 1 1 709 712 711 1520 1519 2261 2262 2263 2264 2265
123 21 2 1 1 1263 1296 713 2266 2267 2268 2269 2270 2271 2272
124 21 2 1 1 1011 1269 1223 2087 2086 2273 2274 2275 2276 2277
125 21 2 1 1 701 1467 700 2278 2279 2280 2281 1811 1810 2282
126 21 2 1 1 917 918 916 2283 2284 1713 1712 2285 2286 2287
127 21 2 1 1 712 855 716 2123 2122 2288 2289 2290 2291 2292
128 21 2 1 1 727 1126 729 2293 2294 2295 2296 2297 2298 2299
129 21 2 1 1 940 1051 948 2300 2301 2302 2303 2304 2305 2306
130 21 2 1 1 851 1452 857 2307 2308 2309 2310 2311 2312 2313
131 21 2 1 1 116 1483 1104 2314 2315 2316 2317 2318 2319 2320
132 21 2 1 1 914 1258 913 2321 2322 2323 2324 2325 2326 2327
133 21 2 1 1 695 805 804 2328 2329 2330 2331 2332 2333 2334
134 21 2 1 1 810 1383 811 2335 2336 2337 2338 2339 2340 2341
135 21 2 1 1 988 1410 987 2342 2343 2344 2345 2346 2347 2348
136 21 2 1 1 693 817 636 2349 2350 1925 1924 2351 2352 2353
137 21 2 1 1 1064 1431 1075 2354 2355 2356 2357 2358 2359 2360
138 21 2 1 1 753 1429 1288 2361 2362 2363 2364 2365 2366 2367
139 21 2 1 1 1223 1268 1011 2368 2369 1662 1661 2276 2275 2370
140 21 2 1 1 715 1298 717 2371 2372 2198 2197 2373 2374 2375
141 21 2 1 1 915 916 914 2376 2377 1872 1871 2378 2379 2380
142 21 2 1 1 946 1051 940 2381 2382 2301 2300 2383 2384 2385
143 21 2 1 1 723 1478 725 2386 2387 2388 2389 2390 2391 2392
144 21 2 1 1 1168 1169 1035 2393 2394 2395 2396 2397 2398 2399
145 21 2 1 1 781 1411 1037 2073 2072 2400 2401 2402 2403 2404
146 21 2 1 1 879 881 877 2405 2406 2407 2408 2409 2410 2411
147 21 2 1 1 1131 1226 1130 2412 2413 2414 2415 2416 2417 2418
148 21 2 1 1 1053 1302 1030 2419 2420 2421 2422 1504 1503 2423
149 21 2 1 1 943 1132 945 2424 2425 2426 2427 2428 2429 2430
150 21 2 1 1 1084 1327 865 1906 1905 1747 1746 2431 2432 2433
151 21 2 1 1 831 855 830 2434 2435 2436 2437 2438 2439 2440
152 21 2 1 1 979 1041 971 2441 2442 2443 2444 2445 2446 2447
153 21 2 1 1 887 967 885 2448 2449 2450 2451 2452 2453 2454
154 21 2 1 1 791 829 688 2455 2456 2457 2458 2459 2460 2461
155 21 2 1 1 698 700 693 1813 1812 2462 2463 2464 2465 2466
156 21 2 1 1 1046 1188 1187 1706 1705 2467 2468 2469 2470 2471
157 21 2 1 1 940 948 939 2305 2304 1785 1784 2472 2473 2474
158 21 2 1 1 1017 1273 987 2475 2476 2477 2478 2479 2480 2481
159 21 2 1 1 1107 1110 1109 2482 2483 2484 2485 2486 2487 2488
160 21 2 1 1 1141 1396 1086 1920 1919 2489 2490 2491 2492 2493
161 21 2 1 1 685 796 785 2494 2495 2496 2497 2173 2172 2498
162 21 2 1 1 857 863 861 2499 2500 2501 2502 2503 2504 2505
163 21 2 1 1 1254 1255 867 2506 2507 2508 2509 2510 2511 2512
164 21 2 1 1 1277 1365 984 2513 2514 2515 2516 2517 2518 2519
165 21 2 1 1 839 1416 844 1949 1948 2520 2521 2522 2523 2524
166 21 2 1 1 809 1458 810 2525 2526 2527 2528 2529 2530 2531
167 21 2 1 1 1179 1338 1023 2532 2533 2534 2535 2536 2537 2538
168 21 2 1 1 920 922 918 2539 2540 1834 1833 2541 2542 2543
169 21 2 1 1 697 698 693 2544 2545 2465 2464 2546 2547 2548
170 21 2 1 1 891 958 887 2549 2550 2551 2552 2553 2554 2555
171 21 2 1 1 1034 1201 998 2556 2557 1551 1550 2558 2559 2560
172 21 2 1 1 877 962 875 2561 2562 2563 2564 2565 2566 2567
173 21 2 1 1 893 896 891 2568 2569 2570 2571 2572 2573 2574
174 21 2 1 1 728 825 761 2102 2101 2575 2576 2577 2578 2579
175 21 2 1 1 1023 1198 1005 2580 2581 1695 1694 2582 2583 2584
176 21 2 1 1 754 1039 1026 2585 2586 2587 2588 2034 2033 2589
177 21 2 1 1 1118 1231 1117 2590 2591 2592 2593 1577 1576 2594
178 21 2 1 1 961 1304 1266 2595 2596 2157 2156 1678 1677 2597
179 21 2 1 1 834 1413 1399 2598 2599 2176 2175 2600 2601 2602
180 21 2 1 1 703 1309 1092 2603 2604 2605 2606 2095 2094 2607
181 21 2 1 1 694 794 618 2608 2609 2610 2611 2612 2613 2614
182 21 2 1 1 902 903 901 2615 2616 1956 1955 2617 2618 2619
183 21 2 1 1 992 1388 1233 2620 2621 2622 2623 2624 2625 2626
184 21 2 1 1 888 1336 1085 2627 2628 2629 2630 2631 2632 2633
185 21 2 1 1 714 1371 715 2634 2635 2636 2637 2638 2639 2640
186 21 2 1 1 965 1031 970 2641 2642 2643 2644 1928 1927 2645
187 21 2 1 1 1288 1429 1380 2364 2363 2646 2647 2648 2649 2650
188 21 2 1 1 793 800 691 1987 1986 2651 2652 1773 1772 2653
189 21 2 1 1 688 792 791 2654 2655 2656 2657 2460 2459 2658
190 21 2 1 1 718 1457 721 2659 2660 2255 2254 2661 2662 2663
191 21 2 1 1 972 1031 974 2664 2665 1634 1633 2666 2667 2668
192 21 2 1 1 1015 1019 1013 2669 2670 1732 1731 2671 2672 2673
193 21 2 1 1 927 930 925 2674 2675 1612 1611 2676 2677 2678
194 21 2 1 1 810 811 809 2340 2339 2679 2680 2530 2529 2681
195 21 2 1 1 702 1367 709 2682 2683 2684 2685 2150 2149 2686
196 21 2 1 1 843 1110 1106 2687 2688 2689 2690 2691 2692 2693
197 21 2 1 1 930 1226 943 2694 2695 2696 2697 1608 1607 2698
198 21 2 1 1 1344 1437 980 2699 2700 2701 2702 2703 2704 2705
199 21 2 1 1 1211 1214 756 2706 2707 2708 2709 2710 2711 2712
200 21 2 1 1 770 1431 1064 2713 2714 2355 2354 1523 1522 2715
201 21 2 1 1 628 695 627 2716 2717 2718 2719 661 662 2720
202 21 2 1 1 746 1442 749 2721 2722 2723 2724 2725 2726 2727
203 21 2 1 1 797 1341 685 2728 2729 2730 2731 2171 2170 2732
204 21 2 1 1 904 906 903 2733 2734 2135 2134 2735 2736 2737
205 21 2 1 1 778 1411 779 2738 2739 2740 2741 2742 2743 2744
206 21 2 1 1 824 828 808 2745 2746 2747 2748 1818 1817 2749
207 21 2 1 1 790 1290 701 2750 2751 2752 2753 1766 1765 2754
208 21 2 1 1 685 1341 633 2731 2730 2755 2756 2757 2758 2759
209 21 2 1 1 1365 1472 983 2760 2761 2762 2763 2764 2765 2766
210 21 2 1 1 619 694 618 2767 2768 2613 2612 643 644 2769
211 21 2 1 1 637 693 636 2770 2771 2352 2351 679 680 2772
212 21 2 1 1 968 1114 906 1556 1555 2773 2774 2140 2139 2775
213 21 2 1 1 939 1143 1055 1783 1782 2776 2777 2778 2779 2780
214 21 2 1 1 625 691 624 1598 1597 2781 2782 655 656 2783
215 21 2 1 1 631 692 630 2784 2785 2786 2787 667 668 2788
216 21 2 1 1 892 894 853 2789 2790 2791 2792 2022 2021 2793
217 21 2 1 1 1058 1330 1224 2794 2795 2796 2797 2798 2799 2800
218 21 2 1 1 759 1354 760 2801 2802 2803 2804 2805 2806 2807
219 21 2 1 1 907 909 906 2808 2809 2142 2141 2810 2811 2812
220 21 2 1 1 732 1247 825 2813 2814 2815 2816 2100 2099 2817
221 21 2 1 1 789 1253 794 2818 2819 2820 2821 2822 2823 2824
222 21 2 1 1 1033 1198 1196 1697 1696 2825 2826 2827 2828 2829
223 21 2 1 1 709 1292 775 2830 2831 2832 2833 1516 1515 2834
224 21 2 1 1 739 1428 741 2835 2836 2837 2838 2839 2840 2841
225 21 2 1 1 1297 1401 836 2842 2843 2844 2845 2846 2847 2848
226 21 2 1 1 794 1253 617 2821 2820 2849 2850 2851 2852 2853
227 21 2 1 1 1282 1397 1279 2854 2855 2856 2857 2858 2859 2860
228 21 2 1 1 1039 1360 1026 2116 2115 2861 2862 2588 2587 2863
229 21 2 1 1 901 1419 900 2864 2865 2866 2867 2868 2869 2870
230 21 2 1 1 774 1165 1159 2871 2872 1837 1836 2873 2874 2875
231 21 2 1 1 1084 1346 1326 2876 2877 2878 2879 1908 1907 2880
232 21 2 1 1 1188 1191 1020 2881 2882 2883 2884 2885 2886 2887
233 21 2 1 1 3 696 638 2888 2889 2890 2891 683 684 2892
234 21 2 1 1 712 1371 714 2893 2894 2635 2634 2895 2896 2897
235 21 2 1 1 942 946 940 2898 2899 2384 2383 2900 2901 2902
236 21 2 1 1 634 685 633 2903 2904 2758 2757 673 674 2905
237 21 2 1 1 622 688 621 2906 2907 2908 2909 649 650 2910
238 21 2 1 1 871 874 870 2911 2912 2913 2914 2915 2916 2917
239 21 2 1 1 629 1348 807 2918 2919 1688 1687 2920 2921 2922
240 21 2 1 1 760 1476 777 2923 2924 2044 2043 2925 2926 2927
241 21 2 1 1 687 1387 1124 2928 2929 2930 2931 2932 2933 2934
242 21 2 1 1 900 1419 898 2867 2866 2935 2936 2937 2938 2939
243 21 2 1 1 1008 1179 1023 2940 2941 2537 2536 2942 2943 2944
244 21 2 1 1 867 1255 95 2509 2508 1589 1588 2945 2946 2947
245 21 2 1 1 913 1258 910 2324 2323 2948 2949 2950 2951 2952
246 21 2 1 1 1185 1461 852 2953 2954 2955 2956 2957 2958 2959
247 21 2 1 1 1172 1407 1001 2960 2961 2962 2963 2964 2965 2966
248 21 2 1 1 749 1052 746 2967 2968 2969 2970 2726 2725 2971
249 21 2 1 1 746 1052 748 2970 2969 2972 2973 2974 2975 2976
250 21 2 1 1 1133 1470 1134 1891 1890 2977 2978 2979 2980 2981
251 21 2 1 1 986 988 987 2982 2983 2347 2346 2984 2985 2986
252 21 2 1 1 811 1383 812 2338 2337 2987 2988 2989 2990 2991
253 21 2 1 1 857 1469 863 1657 1656 2992 2993 2500 2499 2994
254 21 2 1 1 1093 1384 703 2995 2996 2997 2998 1629 1628 2999
255 21 2 1 1 778 1476 1037 2046 2045 3000 3001 3002 3003 3004
256 21 2 1 1 906 1114 960 2774 2773 1622 1621 2131 2130 3005
257 21 2 1 1 745 1442 746 3006 3007 2722 2721 3008 3009 3010
258 21 2 1 1 989 1410 988 3011 3012 2343 2342 3013 3014 3015
259 21 2 1 1 857 1452 858 2310 2309 3016 3017 1659 1658 3018
260 21 2 1 1 687 1124 1087 2933 2932 1944 1943 3019 3020 3021
261 21 2 1 1 1169 1243 736 3022 3023 3024 3025 3026 3027 3028
262 21 2 1 1 1340 1436 750 3029 3030 3031 3032 2109 2108 3033
263 21 2 1 1 1202 1248 734 3034 3035 3036 3037 2252 2251 3038
264 21 2 1 1 1216 1417 1332 1804 1803 3039 3040 3041 3042 3043
265 21 2 1 1 910 1109 909 3044 3045 3046 3047 3048 3049 3050
266 21 2 1 1 975 985 976 3051 3052 3053 3054 3055 3056 3057
267 21 2 1 1 746 1456 745 3058 3059 3060 3061 3009 3008 3062
268 21 2 1 1 1027 1045 1019 3063 3064 1961 1960 3065 3066 3067
269 21 2 1 1 1193 1199 1195 3068 3069 3070 3071 3072 3073 3074
270 21 2 1 1 977 1420 1345 3075 3076 3077 3078 3079 3080 3081
271 21 2 1 1 695 806 805 3082 3083 3084 3085 2329 2328 3086
272 21 2 1 1 822 1341 797 3087 3088 2729 2728 1645 1644 3089
273 21 2 1 1 1001 1173 1172 3090 3091 3092 3093 2965 2964 3094
274 21 2 1 1 869 1089 1083 3095 3096 3097 3098 3099 3100 3101
275 21 2 1 1 1129 1225 814 3102 3103 3104 3105 3106 3107 3108
276 21 2 1 1 1234 1412 735 3109 3110 3111 3112 3113 3114 3115
277 21 2 1 1 838 855 831 3116 3117 2435 2434 3118 3119 3120
278 21 2 1 1 618 794 617 2611 2610 2852 2851 641 642 3121
279 21 2 1 1 1047 1246 1128 3122 3123 3124 3125 3126 3127 3128
280 21 2 1 1 896 959 891 3129 3130 3131 3132 2571 2570 3133
281 21 2 1 1 778 779 777 2743 2742 3134 3135 2048 2047 3136
282 21 2 1 1 808 1348 692 1690 1689 3137 3138 1820 1819 3139
283 21 2 1 1 716 1371 712 3140 3141 2894 2893 2291 2290 3142
284 21 2 1 1 1229 1252 1178 3143 3144 3145 3146 3147 3148 3149
285 21 2 1 1 866 869 868 3150 3151 3152 3153 3154 3155 3156
286 21 2 1 1 947 1050 946 3157 3158 3159 3160 3161 3162 3163
287 21 2 1 1 688 829 795 2458 2457 3164 3165 3166 3167 3168
288 21 2 1 1 938 964 933 3169 3170 1648 1647 3171 3172 3173
289 21 2 1 1 866 870 869 3174 3175 3176 3177 3151 3150 3178
290 21 2 1 1 1183 1321 1102 1497 1496 3179 3180 3181 3182 3183
291 21 2 1 1 953 1231 954 3184 3185 3186 3187 3188 3189 3190
292 21 2 1 1 1205 1207 1016 3191 3192 3193 3194 3195 3196 3197
293 21 2 1 1 879 883 881 3198 3199 2041 2040 2406 2405 3200
294 21 2 1 1 749 1042 1024 3201 3202 3203 3204 3205 3206 3207
295 21 2 1 1 990 1425 989 3208 3209 3210 3211 3212 3213 3214
296 21 2 1 1 1057 1188 1027 3215 3216 3217 3218 3219 3220 3221
297 21 2 1 1 701 1311 799 2166 2165 3222 3223 1762 1761 3224
298 21 2 1 1 1214 1287 756 3225 3226 3227 3228 2709 2708 3229
299 21 2 1 1 857 861 860 2504 2503 2216 2215 2184 2183 3230
300 21 2 1 1 1045 1329 1170 3231 3232 3233 3234 1959 1958 3235
301 21 2 1 1 1157 1163 883 3236 3237 2037 2036 3238 3239 3240
302 21 2 1 1 1076 1148 1068 3241 3242 3243 3244 3245 3246 3247
303 21 2 1 1 1033 1195 1034 3248 3249 3250 3251 3252 3253 3254
304 21 2 1 1 938 1430 966 3255 3256 3257 3258 3259 3260 3261
305 21 2 1 1 933 935 934 3262 3263 2060 2059 3264 3265 3266
306 21 2 1 1 833 839 838 1565 1564 3267 3268 3269 3270 3271
307 21 2 1 1 891 959 958 3132 3131 3272 3273 2550 2549 3274
308 21 2 1 1 1041 1434 1 3275 3276 3277 3278 1685 1684 3279
309 21 2 1 1 1277 1352 1278 3280 3281 3282 3283 3284 3285 3286
310 21 2 1 1 818 829 791 3287 3288 2456 2455 2015 2014 3289
311 21 2 1 1 1052 1354 748 3290 3291 3292 3293 2973 2972 3294
312 21 2 1 1 884 1382 883 3295 3296 3297 3298 3299 3300 3301
313 21 2 1 1 1048 1246 1047 3302 3303 3123 3122 3304 3305 3306
314 21 2 1 1 1054 1296 1263 3307 3308 2267 2266 3309 3310 3311
315 21 2 1 1 700 1467 702 2281 2280 3312 3313 3314 3315 3316
316 21 2 1 1 721 1478 723 3317 3318 2387 2386 3319 3320 3321
317 21 2 1 1 801 816 793 3322 3323 3324 3325 1771 1770 3326
318 21 2 1 1 699 1448 787 3327 3328 3329 3330 3331 3332 3333
319 21 2 1 1 1039 1164 1003 3334 3335 3336 3337 2118 2117 3338
320 21 2 1 1 876 1366 858 3339 3340 3341 3342 2195 2194 3343
321 21 2 1 1 802 803 801 3344 3345 3346 3347 3348 3349 3350
322 21 2 1 1 825 1380 761 3351 3352 3353 3354 2576 2575 3355
323 21 2 1 1 989 1425 1010 3211 3210 3356 3357 2065 2064 3358
324 21 2 1 1 695 1406 627 3359 3360 3361 3362 2719 2718 3363
325 21 2 1 1 1081 1190 1029 3364 3365 3366 3367 3368 3369 3370
326 21 2 1 1 943 1226 1131 2697 2696 2413 2412 3371 3372 3373
327 21 2 1 1 1259 1260 785 3374 3375 3376 3377 3378 3379 3380
328 21 2 1 1 993 1218 1199 3381 3382 3383 3384 3385 3386 3387
329 21 2 1 1 1007 1361 1006 3388 3389 2205 2204 3390 3391 3392
330 21 2 1 1 821 1062 1030 3393 3394 3395 3396 3397 3398 3399
331 21 2 1 1 1283 1352 689 3400 3401 1776 1775 3402 3403 3404
332 21 2 1 1 994 1425 990 3405 3406 3209 3208 3407 3408 3409
333 21 2 1 1 965 1032 1031 3410 3411 3412 3413 2642 2641 3414
334 21 2 1 1 862 1394 725 1790 1789 3415 3416 3417 3418 3419
335 21 2 1 1 809 811 706 2680 2679 3420 3421 3422 3423 3424
336 21 2 1 1 1131 1132 943 3425 3426 2425 2424 3372 3371 3427
337 21 2 1 1 1021 1027 1019 3428 3429 3066 3065 3430 3431 3432
338 21 2 1 1 1065 1183 110 1499 1498 1935 1934 3433 3434 3435
339 21 2 1 1 1057 1335 730 3436 3437 3438 3439 3440 3441 3442
340 21 2 1 1 825 1247 803 2816 2815 3443 3444 3445 3446 3447
341 21 2 1 1 730 1227 1057 3448 3449 3450 3451 3441 3440 3452
342 21 2 1 1 1066 1102 1100 3453 3454 3455 3456 3457 3458 3459
343 21 2 1 1 1037 1476 782 3001 3000 3460 3461 3462 3463 3464
344 21 2 1 1 895 1185 852 3465 3466 2958 2957 3467 3468 3469
345 21 2 1 1 718 721 720 2662 2661 3470 3471 3472 3473 3474
346 21 2 1 1 709 711 708 2264 2263 3475 3476 2152 2151 3477
347 21 2 1 1 737 1432 738 3478 3479 3480 3481 3482 3483 3484
348 21 2 1 1 822 823 692 1643 1642 3485 3486 3487 3488 3489
349 21 2 1 1 897 1086 896 3490 3491 3492 3493 3494 3495 3496
350 21 2 1 1 1217 1338 1178 3497 3498 3499 3500 3501 3502 3503
351 21 2 1 1 864 1083 1079 3504 3505 3506 3507 3508 3509 3510
352 21 2 1 1 637 697 693 3511 3512 2547 2546 2771 2770 3513
353 21 2 1 1 885 1382 884 3514 3515 3296 3295 3516 3517 3518
354 21 2 1 1 1087 1123 687 3519 3520 3521 3522 3020 3019 3523
355 21 2 1 1 956 1054 957 3524 3525 3526 3527 3528 3529 3530
356 21 2 1 1 993 1199 1193 3386 3385 3069 3068 2226 2225 3531
357 21 2 1 1 631 822 692 3532 3533 3488 3487 2785 2784 3534
358 21 2 1 1 987 1386 986 3535 3536 3537 3538 2985 2984 3539
359 21 2 1 1 738 1432 739 3481 3480 3540 3541 3542 3543 3544
360 21 2 1 1 1237 1460 1356 3545 3546 3547 3548 3549 3550 3551
361 21 2 1 1 953 954 901 3189 3188 3552 3553 1954 1953 3554
362 21 2 1 1 1009 1439 1008 3555 3556 3557 3558 3559 3560 3561
363 21 2 1 1 838 1305 716 3562 3563 3564 3565 3566 3567 3568
364 21 2 1 1 725 1394 726 3416 3415 3569 3570 3571 3572 3573
365 21 2 1 1 634 1459 685 3574 3575 3576 3577 2904 2903 3578
366 21 2 1 1 688 1426 621 3579 3580 3581 3582 2909 2908 3583
367 21 2 1 1 766 826 818 3584 3585 3586 3587 2013 2012 3588
368 21 2 1 1 988 990 989 3589 3590 3213 3212 3014 3013 3591
369 21 2 1 1 886 887 885 3592 3593 2453 2452 3594 3595 3596
370 21 2 1 1 1032 1458 1411 3597 3598 3599 3600 2071 2070 3601
371 21 2 1 1 982 1398 981 3602 3603 3604 3605 3606 3607 3608
372 21 2 1 1 937 1475 1389 3609 3610 3611 3612 3613 3614 3615
373 21 2 1 1 764 1119 1082 3616 3617 3618 3619 3620 3621 3622
374 21 2 1 1 779 1411 780 2741 2740 3623 3624 3625 3626 3627
375 21 2 1 1 1134 1470 1048 2978 2977 3628 3629 3630 3631 3632
376 21 2 1 1 696 697 638 3633 3634 3635 3636 2891 2890 3637
377 21 2 1 1 970 971 947 3638 3639 1982 1981 3640 3641 3642
378 21 2 1 1 1188 1329 1045 1704 1703 3232 3231 3643 3644 3645
379 21 2 1 1 1103 1323 1069 3646 3647 3648 3649 1886 1885 3650
380 21 2 1 1 511 1437 510 3651 3652 3653 3654 611 612 3655
381 21 2 1 1 1085 1336 1093 2630 2629 3656 3657 3658 3659 3660
382 21 2 1 1 748 1354 759 3293 3292 2802 2801 3661 3662 3663
383 21 2 1 1 741 1456 742 3664 3665 3666 3667 3668 3669 3670
384 21 2 1 1 1087 1304 918 1942 1941 3671 3672 1832 1831 3673
385 21 2 1 1 1169 1333 1035 3674 3675 3676 3677 2396 2395 3678
386 21 2 1 1 812 831 830 1513 1512 2439 2438 3679 3680 3681
387 21 2 1 1 804 805 803 2331 2330 3682 3683 3684 3685 3686
388 21 2 1 1 1044 1056 1043 3687 3688 3689 3690 3691 3692 3693
389 21 2 1 1 785 1260 797 3377 3376 2090 2089 2169 2168 3694
390 21 2 1 1 844 1468 847 3695 3696 3697 3698 3699 3700 3701
391 21 2 1 1 889 891 887 3702 3703 2554 2553 3704 3705 3706
392 21 2 1 1 1037 1411 778 2401 2400 2739 2738 3003 3002 3707
393 21 2 1 1 974 1189 975 3708 3709 3710 3711 3712 3713 3714
394 21 2 1 1 712 714 711 2896 2895 3715 3716 2262 2261 3717
395 21 2 1 1 489 1285 488 3718 3719 3720 3721 567 568 3722
396 21 2 1 1 935 940 939 3723 3724 2473 2472 2058 2057 3725
397 21 2 1 1 727 729 728 2298 2297 3726 3727 3728 3729 3730
398 21 2 1 1 803 1421 801 3731 3732 3733 3734 3347 3346 3735
399 21 2 1 1 806 1380 805 3736 3737 3738 3739 3085 3084 3740
400 21 2 1 1 1208 1214 1212 3741 3742 3743 3744 3745 3746 3747
401 21 2 1 1 807 808 806 1692 1691 3748 3749 3750 3751 3752
402 21 2 1 1 628 807 695 3753 3754 3755 3756 2717 2716 3757
403 21 2 1 1 715 717 714 2374 2373 3758 3759 2639 2638 3760
404 21 2 1 1 1147 1395 1181 3761 3762 3763 3764 3765 3766 3767
405 21 2 1 1 786 1291 694 3768 3769 3770 3771 3772 3773 3774
406 21 2 1 1 1278 1280 1018 1799 1798 3775 3776 3777 3778 3779
407 21 2 1 1 1071 1102 1066 3780 3781 3454 3453 3782 3783 3784
408 21 2 1 1 881 1415 877 3785 3786 3787 3788 2408 2407 3789
409 21 2 1 1 1054 1401 1297 3790 3791 2843 2842 3792 3793 3794
410 21 2 1 1 892 893 891 3795 3796 2573 2572 3797 3798 3799
411 21 2 1 1 702 708 707 2154 2153 3800 3801 3802 3803 3804
412 21 2 1 1 978 1465 1343 3805 3806 3807 3808 3809 3810 3811
413 21 2 1 1 1127 1359 950 3812 3813 3814 3815 3816 3817 3818
414 21 2 1 1 691 800 624 2652 2651 3819 3820 2782 2781 3821
415 21 2 1 1 1247 1421 803 3822 3823 3732 3731 3444 3443 3824
416 21 2 1 1 1082 1402 764 3825 3826 3827 3828 3621 3620 3829
417 21 2 1 1 848 1461 850 3830 3831 3832 3833 3834 3835 3836
418 21 2 1 1 937 1047 951 3837 3838 3839 3840 1669 1668 3841
419 21 2 1 1 946 1479 1051 3842 3843 3844 3845 2382 2381 3846
420 21 2 1 1 1204 1205 1016 3847 3848 3196 3195 3849 3850 3851
421 21 2 1 1 1063 1070 1060 3852 3853 1996 1995 3854 3855 3856
422 21 2 1 1 799 1311 699 3223 3222 3857 3858 3859 3860 3861
423 21 2 1 1 995 1404 994 3862 3863 3864 3865 3866 3867 3868
424 21 2 1 1 847 1468 848 3698 3697 3869 3870 3871 3872 3873
425 21 2 1 1 1006 1447 1005 3874 3875 3876 3877 3878 3879 3880
426 21 2 1 1 927 931 930 3881 3882 2181 2180 2675 2674 3883
427 21 2 1 1 719 1257 1146 3884 3885 3886 3887 1911 1910 3888
428 21 2 1 1 1033 1196 1195 2828 2827 3889 3890 3249 3248 3891
429 21 2 1 1 805 825 803 3892 3893 3446 3445 3683 3682 3894
430 21 2 1 1 1302 1463 821 3895 3896 3897 3898 3899 3900 3901
431 21 2 1 1 1277 1472 1365 3902 3903 2761 2760 2514 2513 3904
432 21 2 1 1 934 1475 933 3905 3906 3907 3908 3265 3264 3909
433 21 2 1 1 754 1369 1038 2032 2031 3910 3911 3912 3913 3914
434 21 2 1 1 695 807 806 3756 3755 3751 3750 3083 3082 3915
435 21 2 1 1 876 877 875 3916 3917 2566 2565 3918 3919 3920
436 21 2 1 1 692 1348 630 3138 3137 3921 3922 2787 2786 3923
437 21 2 1 1 760 777 763 2926 2925 3924 3925 3926 3927 3928
438 21 2 1 1 996 1404 995 3929 3930 3863 3862 3931 3932 3933
439 21 2 1 1 697 1353 698 3934 3935 3936 3937 2545 2544 3938
440 21 2 1 1 729 1490 733 3939 3940 3941 3942 3943 3944 3945
441 21 2 1 1 739 741 740 2840 2839 3946 3947 3948 3949 3950
442 21 2 1 1 1237 1357 755 3951 3952 3953 3954 3955 3956 3957
443 21 2 1 1 1055 1143 1120 2777 2776 1755 1754 1875 1874 3958
444 21 2 1 1 1027 1188 1045 3218 3217 3644 3643 3064 3063 3959
445 21 2 1 1 787 1334 699 3960 3961 3962 3963 3332 3331 3964
446 21 2 1 1 1039 1165 1164 1839 1838 3965 3966 3335 3334 3967
447 21 2 1 1 1106 1110 1107 2690 2689 2483 2482 3968 3969 3970
448 21 2 1 1 1136 1364 840 3971 3972 3973 3974 3975 3976 3977
449 21 2 1 1 765 1256 98 3978 3979 1896 1895 3980 3981 3982
450 21 2 1 1 1073 1076 1068 3983 3984 3246 3245 3985 3986 3987
451 21 2 1 1 1023 1217 1198 3988 3989 3990 3991 2581 2580 3992
452 21 2 1 1 800 827 623 2128 2127 3993 3994 3995 3996 3997
453 21 2 1 1 894 1418 852 3998 3999 4000 4001 4002 4003 4004
454 21 2 1 1 1233 1388 1197 2623 2622 4005 4006 4007 4008 4009
455 21 2 1 1 781 1037 974 2403 2402 4010 4011 1638 1637 4012
456 21 2 1 1 725 726 723 3572 3571 4013 4014 2391 2390 4015
457 21 2 1 1 780 1458 809 4016 4017 2526 2525 4018 4019 4020
458 21 2 1 1 1050 1479 946 4021 4022 3843 3842 3160 3159 4023
459 21 2 1 1 63 1374 62 4024 4025 4026 4027 274 275 4028
460 21 2 1 1 619 1295 694 4029 4030 4031 4032 2768 2767 4033
461 21 2 1 1 1220 1222 1221 4034 4035 4036 4037 4038 4039 4040
462 21 2 1 1 910 1258 1109 2949 2948 4041 4042 3045 3044 4043
463 21 2 1 1 1001 1176 1173 1856 1855 4044 4045 3091 3090 4046
464 21 2 1 1 1126 1480 729 4047 4048 4049 4050 2296 2295 4051
465 21 2 1 1 724 1441 1260 4052 4053 4054 4055 4056 4057 4058
466 21 2 1 1 794 1291 788 4059 4060 4061 4062 4063 4064 4065
467 21 2 1 1 870 1088 869 4066 4067 4068 4069 3177 3176 4070
468 21 2 1 1 1160 1491 1309 4071 4072 4073 4074 4075 4076 4077
469 21 2 1 1 1006 1009 1008 4078 4079 3560 3559 4080 4081 4082
470 21 2 1 1 811 1292 706 4083 4084 4085 4086 3421 3420 4087
471 21 2 1 1 783 1291 786 4088 4089 3769 3768 4090 4091 4092
472 21 2 1 1 851 857 856 2312 2311 2188 2187 4093 4094 4095
473 21 2 1 1 716 855 838 2289 2288 3117 3116 3567 3566 4096
474 21 2 1 1 821 1463 770 3898 3897 4097 4098 1527 1526 4099
475 21 2 1 1 780 809 790 4019 4018 4100 4101 4102 4103 4104
476 21 2 1 1 1040 1050 947 4105 4106 3158 3157 1980 1979 4107
477 21 2 1 1 691 802 801 1596 1595 3349 3348 1769 1768 4108
478 21 2 1 1 772 1478 721 4109 4110 3318 3317 2259 2258 4111
479 21 2 1 1 1128 1409 1047 4112 4113 4114 4115 3127 3126 4116
480 21 2 1 1 1139 1140 959 4117 4118 4119 4120 4121 4122 4123
481 21 2 1 1 915 917 916 4124 4125 2286 2285 2377 2376 4126
482 21 2 1 1 917 920 918 4127 4128 2542 2541 2284 2283 4129
483 21 2 1 1 1154 1479 936 4130 4131 4132 4133 4134 4135 4136
484 21 2 1 1 1004 1006 1005 4137 4138 3879 3878 4139 4140 4141
485 21 2 1 1 1311 1353 699 4142 4143 4144 4145 3858 3857 4146
486 21 2 1 1 742 1456 743 3667 3666 4147 4148 4149 4150 4151
487 21 2 1 1 1276 1472 1340 4152 4153 4154 4155 2233 2232 4156
488 21 2 1 1 1009 1015 1013 4157 4158 2672 2671 4159 4160 4161
489 21 2 1 1 1195 1199 1034 3071 3070 4162 4163 3251 3250 4164
490 21 2 1 1 726 1394 727 3570 3569 4165 4166 4167 4168 4169
491 21 2 1 1 725 1478 862 2389 2388 4170 4171 3418 3417 4172
492 21 2 1 1 903 1405 953 4173 4174 4175 4176 1952 1951 4177
493 21 2 1 1 1356 1460 757 3548 3547 4178 4179 4180 4181 4182
494 21 2 1 1 1050 1446 1152 4183 4184 4185 4186 4187 4188 4189
495 21 2 1 1 1182 1486 1325 4190 4191 4192 4193 4194 4195 4196
496 21 2 1 1 878 879 877 4197 4198 2410 2409 4199 4200 4201
497 21 2 1 1 894 1363 853 4202 4203 4204 4205 2792 2791 4206
498 21 2 1 1 1222 1268 1223 4207 4208 2369 2368 4209 4210 4211
499 21 2 1 1 1008 1447 1006 4212 4213 3875 3874 4081 4080 4214
500 21 2 1 1 850 1461 851 3833 3832 4215 4216 4217 4218 4219
501 21 2 1 1 913 915 914 4220 4221 2379 2378 2326 2325 4222
502 21 2 1 1 853 1317 1239 4223 4224 4225 4226 1823 1822 4227
503 21 2 1 1 1005 1487 1004 4228 4229 4230 4231 4140 4139 4232
504 21 2 1 1 1013 1439 1009 4233 4234 3556 3555 4160 4159 4235
505 21 2 1 1 1281 1283 1279 4236 4237 4238 4239 4240 4241 4242
506 21 2 1 1 1152 1479 1050 4243 4244 4022 4021 4188 4187 4245
507 21 2 1 1 1033 1487 1005 4246 4247 4229 4228 1699 1698 4248
508 21 2 1 1 893 897 896 4249 4250 3495 3494 2569 2568 4251
509 21 2 1 1 3 1253 696 4252 4253 4254 4255 2889 2888 4256
510 21 2 1 1 975 976 973 3056 3055 1975 1974 4257 4258 4259
511 21 2 1 1 1324 1454 1069 4260 4261 4262 4263 4264 4265 4266
512 21 2 1 1 1242 1493 1222 4267 4268 4269 4270 4271 4272 4273
513 21 2 1 1 1212 1214 1211 3744 3743 2707 2706 4274 4275 4276
514 21 2 1 1 1103 1183 1102 1884 1883 3182 3181 4277 4278 4279
515 21 2 1 1 956 957 914 3529 3528 4280 4281 1870 1869 4282
516 21 2 1 1 954 1377 1096 4283 4284 4285 4286 4287 4288 4289
517 21 2 1 1 1151 1440 1313 4290 4291 4292 4293 4294 4295 4296
518 21 2 1 1 622 827 688 4297 4298 4299 4300 2907 2906 4301
519 21 2 1 1 819 1432 770 4302 4303 4304 4305 4306 4307 4308
520 21 2 1 1 1270 1318 1223 4309 4310 4311 4312 4313 4314 4315
521 21 2 1 1 933 1475 931 3908 3907 4316 4317 4318 4319 4320
522 21 2 1 1 808 1288 806 4321 4322 4323 4324 3749 3748 4325
523 21 2 1 1 1273 1381 987 4326 4327 4328 4329 2478 2477 4330
524 21 2 1 1 1028 1043 1027 4331 4332 4333 4334 4335 4336 4337
525 21 2 1 1 821 1063 1062 4338 4339 4340 4341 3394 3393 4342
526 21 2 1 1 939 1055 955 2779 2778 4343 4344 2006 2005 4345
527 21 2 1 1 860 862 772 2214 2213 4346 4347 4348 4349 4350
528 21 2 1 1 984 1352 1277 1778 1777 3281 3280 2518 2517 4351
529 21 2 1 1 1070 1471 1100 4352 4353 4354 4355 4356 4357 4358
530 21 2 1 1 1089 1090 1083 4359 4360 4361 4362 3098 3097 4363
531 21 2 1 1 900 902 901 4364 4365 2618 2617 2869 2868 4366
532 21 2 1 1 923 1232 922 4367 4368 4369 4370 4371 4372 4373
533 21 2 1 1 920 923 922 4374 4375 4372 4371 2540 2539 4376
534 21 2 1 1 990 995 994 4377 4378 3867 3866 3408 3407 4379
535 21 2 1 1 42 1296 41 4380 4381 4382 4383 232 233 4384
536 21 2 1 1 862 1119 764 4385 4386 3617 3616 1792 1791 4387
537 21 2 1 1 1275 1278 1018 4388 4389 3778 3777 4390 4391 4392
538 21 2 1 1 1109 1110 909 2485 2484 4393 4394 3047 3046 4395
539 21 2 1 1 694 1291 794 3771 3770 4060 4059 2609 2608 4396
540 21 2 1 1 986 1386 982 3538 3537 4397 4398 4399 4400 4401
541 21 2 1 1 1072 1075 768 4402 4403 4404 4405 2003 2002 4406
542 21 2 1 1 1223 1318 1221 4312 4311 2051 2050 4407 4408 4409
543 21 2 1 1 1197 1412 1234 4410 4411 3110 3109 4412 4413 4414
544 21 2 1 1 1207 1214 1208 4415 4416 3742 3741 4417 4418 4419
545 21 2 1 1 1016 1404 1204 4420 4421 4422 4423 3850 3849 4424
546 21 2 1 1 1345 1451 978 4425 4426 4427 4428 4429 4430 4431
547 21 2 1 1 966 1430 832 3258 3257 4432 4433 1846 1845 4434
548 21 2 1 1 718 720 717 3473 3472 4435 4436 2202 2201 4437
549 21 2 1 1 1271 1274 1273 4438 4439 4440 4441 4442 4443 4444
550 21 2 1 1 823 824 692 4445 4446 1816 1815 3486 3485 4447
551 21 2 1 1 1271 1273 1017 4443 4442 2476 2475 4448 4449 4450
552 21 2 1 1 1172 1173 1171 3093 3092 4451 4452 4453 4454 4455
553 21 2 1 1 770 1463 819 4098 4097 4456 4457 4307 4306 4458
554 21 2 1 1 1255 1390 94 4459 4460 4461 4462 1591 1590 4463
555 21 2 1 1 902 904 903 4464 4465 2736 2735 2616 2615 4466
556 21 2 1 1 1269 1436 1271 4467 4468 4469 4470 4471 4472 4473
557 21 2 1 1 1060 1250 1059 4474 4475 4476 4477 4478 4479 4480
558 21 2 1 1 755 1332 1237 4481 4482 4483 4484 3956 3955 4485
559 21 2 1 1 798 1459 635 4486 4487 4488 4489 1720 1719 4490
560 21 2 1 1 688 827 792 4300 4299 2126 2125 2655 2654 4491
561 21 2 1 1 899 900 898 4492 4493 2938 2937 4494 4495 4496
562 21 2 1 1 1043 1057 1027 4497 4498 3220 3219 4334 4333 4499
563 21 2 1 1 893 899 898 4500 4501 4495 4494 4502 4503 4504
564 21 2 1 1 866 871 870 4505 4506 2916 2915 3175 3174 4507
565 21 2 1 1 1425 1443 1010 4508 4509 4510 4511 3357 3356 4512
566 21 2 1 1 1079 1082 864 4513 4514 4515 4516 3509 3508 4517
567 21 2 1 1 998 1489 997 4518 4519 4520 4521 4522 4523 4524
568 21 2 1 1 1355 1463 820 4525 4526 4527 4528 4529 4530 4531
569 21 2 1 1 997 1489 996 4521 4520 4532 4533 4534 4535 4536
570 21 2 1 1 904 907 906 4537 4538 2811 2810 2734 2733 4539
571 21 2 1 1 804 1406 695 4540 4541 3360 3359 2333 2332 4542
572 21 2 1 1 1326 1346 1074 2879 2878 4543 4544 4545 4546 4547
573 21 2 1 1 1204 1489 1022 4548 4549 4550 4551 4552 4553 4554
574 21 2 1 1 1130 1225 1129 4555 4556 3103 3102 4557 4558 4559
575 21 2 1 1 733 1490 737 3942 3941 4560 4561 4562 4563 4564
576 21 2 1 1 851 1461 1185 4216 4215 2954 2953 4565 4566 4567
577 21 2 1 1 1271 1340 1274 4568 4569 4570 4571 4439 4438 4572
578 21 2 1 1 736 1171 1169 4573 4574 4575 4576 3027 3026 4577
579 21 2 1 1 1086 1396 896 2490 2489 4578 4579 3493 3492 4580
580 21 2 1 1 753 828 722 4581 4582 4583 4584 4585 4586 4587
581 21 2 1 1 907 910 909 4588 4589 3049 3048 2809 2808 4590
582 21 2 1 1 955 1135 1134 4591 4592 4593 4594 4595 4596 4597
583 21 2 1 1 1279 1397 1281 2857 2856 4598 4599 4241 4240 4600
584 21 2 1 1 858 1185 878 4601 4602 4603 4604 2191 2190 4605
585 21 2 1 1 997 999 998 4606 4607 4608 4609 4523 4522 4610
586 21 2 1 1 987 1410 1017 2345 2344 4611 4612 2480 2479 4613
587 21 2 1 1 1403 1443 1425 4614 4615 4509 4508 4616 4617 4618
588 21 2 1 1 473 1356 472 4619 4620 4621 4622 535 536 4623
589 21 2 1 1 868 1469 866 4624 4625 4626 4627 3155 3154 4628
590 21 2 1 1 816 1421 752 4629 4630 4631 4632 4633 4634 4635
591 21 2 1 1 995 997 996 4636 4637 4535 4534 3932 3931 4638
592 21 2 1 1 709 1367 1292 2685 2684 4639 4640 2831 2830 4641
593 21 2 1 1 1270 1271 1017 4642 4643 4449 4448 4644 4645 4646
594 21 2 1 1 1031 1032 781 3413 3412 2075 2074 1636 1635 4647
595 21 2 1 1 999 1433 998 4648 4649 4650 4651 4609 4608 4652
596 21 2 1 1 722 828 762 4584 4583 4653 4654 4655 4656 4657
597 21 2 1 1 1212 1219 1208 4658 4659 4660 4661 3746 3745 4662
598 21 2 1 1 834 1473 1153 4663 4664 4665 4666 4667 4668 4669
599 21 2 1 1 1220 1221 1010 4039 4038 2055 2054 4670 4671 4672
600 21 2 1 1 1170 1329 771 3234 3233 4673 4674 4675 4676 4677
601 21 2 1 1 1342 1345 978 4678 4679 4430 4429 4680 4681 4682
602 21 2 1 1 1363 1468 853 4683 4684 4685 4686 4205 4204 4687
603 21 2 1 1 721 723 722 3320 3319 4688 4689 4690 4691 4692
604 21 2 1 1 856 860 773 2186 2185 4693 4694 4695 4696 4697
605 21 2 1 1 1415 1440 1150 4698 4699 4700 4701 4702 4703 4704
606 21 2 1 1 1345 1397 977 4705 4706 4707 4708 3080 3079 4709
607 21 2 1 1 833 838 831 3270 3269 3119 3118 1740 1739 4710
608 21 2 1 1 945 1362 943 4711 4712 4713 4714 2429 2428 4715
609 21 2 1 1 802 804 803 4716 4717 3685 3684 3345 3344 4718
610 21 2 1 1 1322 1422 769 4719 4720 4721 4722 4723 4724 4725
611 21 2 1 1 1185 1452 851 4726 4727 2308 2307 4566 4565 4728
612 21 2 1 1 1090 1091 1079 4729 4730 4731 4732 4733 4734 4735
613 21 2 1 1 1057 1191 1188 4736 4737 2882 2881 3216 3215 4738
614 21 2 1 1 1055 1135 955 2027 2026 4592 4591 4344 4343 4739
615 21 2 1 1 966 1383 815 4740 4741 4742 4743 4744 4745 4746
616 21 2 1 1 938 966 964 3260 3259 4747 4748 3170 3169 4749
617 21 2 1 1 1156 1157 883 4750 4751 3239 3238 4752 4753 4754
618 21 2 1 1 760 763 759 3927 3926 4755 4756 2806 2805 4757
619 21 2 1 1 1359 1484 950 4758 4759 4760 4761 3815 3814 4762
620 21 2 1 1 1238 1479 1154 4763 4764 4131 4130 4765 4766 4767
621 21 2 1 1 924 1097 926 4768 4769 4770 4771 4772 4773 4774
622 21 2 1 1 752 1261 816 4775 4776 4777 4778 4634 4633 4779
623 21 2 1 1 1088 1474 1089 4780 4781 4782 4783 4784 4785 4786
624 21 2 1 1 801 1421 816 3734 3733 4630 4629 3323 3322 4787
625 21 2 1 1 898 1096 897 4788 4789 4790 4791 4792 4793 4794
626 21 2 1 1 1199 1337 1201 4795 4796 4797 4798 4799 4800 4801
627 21 2 1 1 1100 1251 1099 4802 4803 4804 4805 4806 4807 4808
628 21 2 1 1 943 1362 925 4714 4713 4809 4810 1610 1609 4811
629 21 2 1 1 862 1478 772 4171 4170 4110 4109 4347 4346 4812
630 21 2 1 1 1025 1179 1008 4813 4814 2941 2940 4815 4816 4817
631 21 2 1 1 1015 1021 1019 4818 4819 3431 3430 2670 2669 4820
632 21 2 1 1 1085 1094 888 4821 4822 4823 4824 2632 2631 4825
633 21 2 1 1 1080 1250 1060 4826 4827 4475 4474 1994 1993 4828
634 21 2 1 1 1214 1417 1287 4829 4830 4831 4832 3226 3225 4833
635 21 2 1 1 1024 1052 749 4834 4835 2968 2967 3206 3205 4836
636 21 2 1 1 685 1459 796 3577 3576 4837 4838 2495 2494 4839
637 21 2 1 1 1205 1332 1207 4840 4841 4842 4843 3192 3191 4844
638 21 2 1 1 1203 1237 1205 4845 4846 4847 4848 4849 4850 4851
639 21 2 1 1 60 1378 59 4852 4853 4854 4855 268 269 4856
640 21 2 1 1 951 1226 930 4857 4858 2695 2694 1671 1670 4859
641 21 2 1 1 924 1347 1097 4860 4861 4862 4863 4769 4768 4864
642 21 2 1 1 696 1353 697 4865 4866 3935 3934 3634 3633 4867
643 21 2 1 1 780 790 779 4103 4102 4868 4869 3626 3625 4870
644 21 2 1 1 1089 1327 1090 4871 4872 4873 4874 4360 4359 4875
645 21 2 1 1 1089 1328 1327 4876 4877 1743 1742 4872 4871 4878
646 21 2 1 1 737 738 733 3483 3482 4879 4880 4563 4562 4881
647 21 2 1 1 973 979 971 2080 2079 2446 2445 4882 4883 4884
648 21 2 1 1 719 1390 1257 4885 4886 4887 4888 3885 3884 4889
649 21 2 1 1 871 1395 874 4890 4891 4892 4893 2912 2911 4894
650 21 2 1 1 937 1048 1047 4895 4896 3305 3304 3838 3837 4897
651 21 2 1 1 768 1126 1078 4898 4899 4900 4901 1999 1998 4902
652 21 2 1 1 773 1457 1298 4903 4904 4905 4906 4907 4908 4909
653 21 2 1 1 739 740 738 3949 3948 4910 4911 3543 3542 4912
654 21 2 1 1 1437 1455 751 4913 4914 4915 4916 2221 2220 4917
655 21 2 1 1 918 1304 961 3672 3671 2596 2595 1709 1708 4918
656 21 2 1 1 980 1434 1344 4919 4920 4921 4922 2704 2703 4923
657 21 2 1 1 1321 1322 1102 4924 4925 4926 4927 3180 3179 4928
658 21 2 1 1 626 1424 625 4929 4930 2145 2144 657 658 4931
659 21 2 1 1 856 859 850 4932 4933 4934 4935 4936 4937 4938
660 21 2 1 1 1090 1327 1326 4874 4873 1904 1903 4939 4940 4941
661 21 2 1 1 767 816 744 4942 4943 4944 4945 4946 4947 4948
662 21 2 1 1 812 830 811 3680 3679 4949 4950 2990 2989 4951
663 21 2 1 1 1022 1489 998 4551 4550 4519 4518 1553 1552 4952
664 21 2 1 1 689 1299 1283 4953 4954 4955 4956 3403 3402 4957
665 21 2 1 1 941 942 940 4958 4959 2901 2900 4960 4961 4962
666 21 2 1 1 965 1445 1032 4963 4964 4965 4966 3411 3410 4967
667 21 2 1 1 1 1446 1331 4968 4969 4970 4971 1681 1680 4972
668 21 2 1 1 975 1024 985 4973 4974 4975 4976 3052 3051 4977
669 21 2 1 1 1332 1417 1207 3040 3039 4978 4979 4843 4842 4980
670 21 2 1 1 702 707 700 3803 3802 4981 4982 3315 3314 4983
671 21 2 1 1 743 1456 746 4148 4147 3059 3058 4984 4985 4986
672 21 2 1 1 787 1448 789 3330 3329 4987 4988 4989 4990 4991
673 21 2 1 1 1252 1412 1178 4992 4993 4994 4995 3146 3145 4996
674 21 2 1 1 1096 1161 897 4997 4998 4999 5000 4791 4790 5001
675 21 2 1 1 1232 1362 945 5002 5003 4712 4711 5004 5005 5006
676 21 2 1 1 638 697 637 3636 3635 3512 3511 681 682 5007
677 21 2 1 1 1218 1337 1199 5008 5009 4796 4795 3384 3383 5010
678 21 2 1 1 632 822 631 5011 5012 3533 3532 669 670 5013
679 21 2 1 1 1029 1330 1081 5014 5015 5016 5017 3369 3368 5018
680 21 2 1 1 805 1380 825 3739 3738 3352 3351 3893 3892 5019
681 21 2 1 1 875 1395 871 5020 5021 4891 4890 5022 5023 5024
682 21 2 1 1 694 1295 786 4032 4031 5025 5026 3773 3772 5027
683 21 2 1 1 1203 1205 1204 4850 4849 3848 3847 5028 5029 5030
684 21 2 1 1 882 1440 1151 5031 5032 4291 4290 5033 5034 5035
685 21 2 1 1 1104 1483 1061 2317 2316 5036 5037 5038 5039 5040
686 21 2 1 1 874 1098 870 5041 5042 5043 5044 2914 2913 5045
687 21 2 1 1 844 847 839 3700 3699 5046 5047 2523 2522 5048
688 21 2 1 1 861 1119 862 5049 5050 4386 4385 2212 2211 5051
689 21 2 1 1 1037 1189 974 5052 5053 3709 3708 4011 4010 5054
690 21 2 1 1 629 807 628 2921 2920 3754 3753 663 664 5055
691 21 2 1 1 627 1406 626 3362 3361 5056 5057 659 660 5058
692 21 2 1 1 830 855 775 2437 2436 2121 2120 5059 5060 5061
693 21 2 1 1 978 1343 1342 3810 3809 5062 5063 4681 4680 5064
694 21 2 1 1 919 1359 1127 5065 5066 3813 3812 5067 5068 5069
695 21 2 1 1 869 1083 868 3100 3099 5070 5071 3153 3152 5072
696 21 2 1 1 624 800 623 3820 3819 3996 3995 653 654 5073
697 21 2 1 1 925 1362 923 4810 4809 5074 5075 5076 5077 5078
698 21 2 1 1 816 1261 744 4778 4777 5079 5080 4945 4944 5081
699 21 2 1 1 836 1401 1293 2845 2844 5082 5083 5084 5085 5086
700 21 2 1 1 621 1426 620 3582 3581 5087 5088 647 648 5089
701 21 2 1 1 635 1459 634 4489 4488 3575 3574 675 676 5090
702 21 2 1 1 793 816 767 3325 3324 4943 4942 5091 5092 5093
703 21 2 1 1 630 1348 629 3922 3921 2919 2918 665 666 5094
704 21 2 1 1 1288 1380 806 2649 2648 3737 3736 4324 4323 5095
705 21 2 1 1 1054 1263 957 3310 3309 5096 5097 3527 3526 5098
706 21 2 1 1 1024 1189 1052 5099 5100 5101 5102 4835 4834 5103
707 21 2 1 1 1220 1443 1219 5104 5105 5106 5107 5108 5109 5110
708 21 2 1 1 1021 1028 1027 5111 5112 4336 4335 3429 3428 5113
709 21 2 1 1 620 1295 619 5114 5115 4030 4029 645 646 5116
710 21 2 1 1 488 1285 1011 3721 3720 2083 2082 5117 5118 5119
711 21 2 1 1 729 733 732 3944 3943 5120 5121 5122 5123 5124
712 21 2 1 1 840 1153 1136 5125 5126 5127 5128 3976 3975 5129
713 21 2 1 1 942 947 946 5130 5131 3162 3161 2899 2898 5132
714 21 2 1 1 1098 1255 1254 5133 5134 2507 2506 5135 5136 5137
715 21 2 1 1 782 1476 1354 3461 3460 5138 5139 5140 5141 5142
716 21 2 1 1 879 895 884 5143 5144 5145 5146 5147 5148 5149
717 21 2 1 1 617 1253 3 2850 2849 4253 4252 639 640 5150
718 21 2 1 1 623 827 622 3994 3993 4298 4297 651 652 5151
719 21 2 1 1 741 742 740 3669 3668 5152 5153 3947 3946 5154
720 21 2 1 1 959 1438 958 5155 5156 5157 5158 3273 3272 5159
721 21 2 1 1 1072 1073 1068 5160 5161 3986 3985 5162 5163 5164
722 21 2 1 1 867 1256 1254 1966 1965 5165 5166 2511 2510 5167
723 21 2 1 1 1004 1487 999 4231 4230 5168 5169 5170 5171 5172
724 21 2 1 1 792 793 767 1989 1988 5092 5091 5173 5174 5175
725 21 2 1 1 758 818 747 5176 5177 5178 5179 5180 5181 5182
726 21 2 1 1 962 1181 875 5183 5184 5185 5186 2564 2563 5187
727 21 2 1 1 931 1475 937 4317 4316 3610 3609 2179 2178 5188
728 21 2 1 1 879 884 883 5148 5147 3300 3299 3199 3198 5189
729 21 2 1 1 105 1346 104 5190 5191 5192 5193 358 359 5194
730 21 2 1 1 1089 1474 1328 4783 4782 5195 5196 4877 4876 5197
731 21 2 1 1 1373 1374 704 5198 5199 5200 5201 5202 5203 5204
732 21 2 1 1 1207 1208 1016 4418 4417 5205 5206 3194 3193 5207
733 21 2 1 1 1271 1436 1340 4470 4469 3030 3029 4569 4568 5208
734 21 2 1 1 1123 1125 687 5209 5210 5211 5212 3522 3521 5213
735 21 2 1 1 1090 1326 1091 4940 4939 5214 5215 4730 4729 5216
736 21 2 1 1 796 1459 798 4838 4837 4487 4486 5217 5218 5219
737 21 2 1 1 884 886 885 5220 5221 3595 3594 3517 3516 5222
738 21 2 1 1 828 1288 808 5223 5224 4322 4321 2748 2747 5225
739 21 2 1 1 1066 1471 1064 5226 5227 5228 5229 5230 5231 5232
740 21 2 1 1 1433 1487 1033 5233 5234 4247 4246 5235 5236 5237
741 21 2 1 1 1068 1453 1067 5238 5239 5240 5241 5242 5243 5244
742 21 2 1 1 1032 1445 810 4966 4965 5245 5246 5247 5248 5249
743 21 2 1 1 484 690 483 5250 5251 5252 5253 557 558 5254
744 21 2 1 1 33 687 32 5255 5256 5257 5258 214 215 5259
745 21 2 1 1 1028 1044 1043 5260 5261 3692 3691 4332 4331 5262
746 21 2 1 1 499 689 498 5263 5264 5265 5266 587 588 5267
747 21 2 1 1 18 686 17 5268 5269 5270 5271 184 185 5272
748 21 2 1 1 1023 1447 1008 5273 5274 4213 4212 2943 2942 5275
749 21 2 1 1 893 898 897 4503 4502 4793 4792 4250 4249 5276
750 21 2 1 1 633 1341 632 2756 2755 5277 5278 671 672 5279
751 21 2 1 1 1269 1271 1270 4472 4471 4643 4642 5280 5281 5282
752 21 2 1 1 508 1464 507 5283 5284 5285 5286 605 606 5287
753 21 2 1 1 1220 1242 1222 5288 5289 4272 4271 4035 4034 5290
754 21 2 1 1 958 1085 887 5291 5292 5293 5294 2552 2551 5295
755 21 2 1 1 985 986 982 5296 5297 4400 4399 5298 5299 5300
756 21 2 1 1 1406 1424 626 5301 5302 4930 4929 5057 5056 5303
757 21 2 1 1 779 1334 777 5304 5305 5306 5307 3135 3134 5308
758 21 2 1 1 932 933 931 5309 5310 4319 4318 5311 5312 5313
759 21 2 1 1 850 859 854 4935 4934 5314 5315 5316 5317 5318
760 21 2 1 1 1274 1277 1275 5319 5320 5321 5322 5323 5324 5325
761 21 2 1 1 1056 1330 1058 5326 5327 2795 2794 5328 5329 5330
762 21 2 1 1 1017 1410 1318 4612 4611 5331 5332 5333 5334 5335
763 21 2 1 1 963 964 815 5336 5337 5338 5339 5340 5341 5342
764 21 2 1 1 1222 1223 1221 4210 4209 4408 4407 4037 4036 5343
765 21 2 1 1 886 889 887 5344 5345 3705 3704 3593 3592 5346
766 21 2 1 1 101 1481 100 5347 5348 5349 5350 350 351 5351
767 21 2 1 1 705 1289 1115 5352 5353 5354 5355 1735 1734 5356
768 21 2 1 1 1096 1377 1376 4286 4285 5357 5358 5359 5360 5361
769 21 2 1 1 1313 1440 1163 4293 4292 5362 5363 5364 5365 5366
770 21 2 1 1 1115 1289 905 5355 5354 5367 5368 5369 5370 5371
771 21 2 1 1 704 1374 63 5201 5200 4025 4024 5372 5373 5374
772 21 2 1 1 820 1302 1053 5375 5376 2420 2419 5377 5378 5379
773 21 2 1 1 1323 1324 1069 5380 5381 4265 4264 3649 3648 5382
774 21 2 1 1 485 1240 484 5383 5384 5385 5386 559 560 5387
775 21 2 1 1 889 892 891 5388 5389 3798 3797 3703 3702 5390
776 21 2 1 1 1067 1453 1066 5241 5240 5391 5392 5393 5394 5395
777 21 2 1 1 1202 1460 1203 5396 5397 5398 5399 5400 5401 5402
778 21 2 1 1 1426 1485 620 5403 5404 5405 5406 5088 5087 5407
779 21 2 1 1 1364 1416 840 5408 5409 1947 1946 3974 3973 5410
780 21 2 1 1 892 899 893 2020 2019 4501 4500 3796 3795 5411
781 21 2 1 1 1303 1373 704 5412 5413 5203 5202 5414 5415 5416
782 21 2 1 1 32 1125 31 5417 5418 5419 5420 212 213 5421
783 21 2 1 1 711 785 708 5422 5423 5424 5425 3476 3475 5426
784 21 2 1 1 813 1314 1132 5427 5428 5429 5430 5431 5432 5433
785 21 2 1 1 727 728 726 3729 3728 5434 5435 4168 4167 5436
786 21 2 1 1 815 965 963 5437 5438 5439 5440 5341 5340 5441
787 21 2 1 1 1146 1257 874 3887 3886 5442 5443 5444 5445 5446
788 21 2 1 1 799 1334 779 5447 5448 5305 5304 5449 5450 5451
789 21 2 1 1 1000 1176 1175 5452 5453 1854 1853 5454 5455 5456
790 21 2 1 1 1083 1090 1079 4362 4361 4734 4733 3507 3506 5457
791 21 2 1 1 924 925 923 5458 5459 5077 5076 5460 5461 5462
792 21 2 1 1 1064 1067 1066 5463 5464 5394 5393 5231 5230 5465
793 21 2 1 1 1325 1486 1091 4193 4192 5466 5467 5468 5469 5470
794 21 2 1 1 1201 1248 1202 5471 5472 3035 3034 1537 1536 5473
795 21 2 1 1 783 784 758 5474 5475 5476 5477 5478 5479 5480
796 21 2 1 1 1043 1335 1057 5481 5482 3437 3436 4498 4497 5483
797 21 2 1 1 1260 1441 823 4055 4054 5484 5485 2092 2091 5486
798 21 2 1 1 483 1241 482 5487 5488 5489 5490 555 556 5491
799 21 2 1 1 762 828 824 4654 4653 2746 2745 5492 5493 5494
800 21 2 1 1 19 1128 18 5495 5496 5497 5498 186 187 5499
801 21 2 1 1 700 817 693 5500 5501 2350 2349 2463 2462 5502
802 21 2 1 1 708 796 707 5503 5504 5505 5506 3801 3800 5507
803 21 2 1 1 1298 1370 859 5508 5509 5510 5511 5512 5513 5514
804 21 2 1 1 17 1245 16 5515 5516 5517 5518 182 183 5519
805 21 2 1 1 1304 1315 837 5520 5521 5522 5523 2159 2158 5524
806 21 2 1 1 479 756 478 5525 5526 5527 5528 547 548 5529
807 21 2 1 1 1177 1338 1176 5530 5531 5532 5533 5534 5535 5536
808 21 2 1 1 43 713 42 5537 5538 5539 5540 234 235 5541
809 21 2 1 1 971 1041 1040 2444 2443 5542 5543 1978 1977 5544
810 21 2 1 1 1283 1299 1279 4956 4955 5545 5546 4239 4238 5547
811 21 2 1 1 777 787 763 5548 5549 5550 5551 3925 3924 5552
812 21 2 1 1 486 1012 485 5553 5554 5555 5556 561 562 5557
813 21 2 1 1 848 850 847 3835 3834 5558 5559 3872 3871 5560
814 21 2 1 1 748 759 758 3662 3661 5561 5562 5563 5564 5565
815 21 2 1 1 1074 1454 1324 5566 5567 4261 4260 5568 5569 5570
816 21 2 1 1 1076 1182 1148 5571 5572 5573 5574 3242 3241 5575
817 21 2 1 1 976 982 981 5576 5577 3607 3606 5578 5579 5580
818 21 2 1 1 713 1296 42 2269 2268 4381 4380 5540 5539 5581
819 21 2 1 1 1197 1234 1233 4413 4412 5582 5583 4008 4007 5584
820 21 2 1 1 1225 1226 951 5585 5586 4858 4857 5587 5588 5589
821 21 2 1 1 36 837 35 5590 5591 5592 5593 220 221 5594
822 21 2 1 1 896 1396 959 4579 4578 5595 5596 3130 3129 5597
823 21 2 1 1 1067 1072 1068 5598 5599 5163 5162 5243 5242 5600
824 21 2 1 1 729 732 728 5123 5122 2104 2103 3727 3726 5601
825 21 2 1 1 31 1121 30 5602 5603 5604 5605 210 211 5606
826 21 2 1 1 849 1313 1163 5607 5608 5365 5364 5609 5610 5611
827 21 2 1 1 1030 1302 821 2422 2421 3900 3899 3398 3397 5612
828 21 2 1 1 813 1132 1131 5432 5431 3426 3425 5613 5614 5615
829 21 2 1 1 686 1246 1245 5616 5617 5618 5619 5620 5621 5622
830 21 2 1 1 1318 1410 989 5332 5331 3012 3011 2063 2062 5623
831 21 2 1 1 44 1262 43 5624 5625 5626 5627 236 237 5628
832 21 2 1 1 852 1363 894 5629 5630 4203 4202 4003 4002 5631
833 21 2 1 1 851 856 850 4094 4093 4937 4936 4218 4217 5632
834 21 2 1 1 9 776 8 5633 5634 5635 5636 166 167 5637
835 21 2 1 1 86 710 85 5638 5639 5640 5641 320 321 5642
836 21 2 1 1 734 1392 1210 5643 5644 5645 5646 2248 2247 5647
837 21 2 1 1 1309 1491 1092 4074 4073 5648 5649 2606 2605 5650
838 21 2 1 1 824 1441 762 5651 5652 5653 5654 5493 5492 5655
839 21 2 1 1 1117 1231 953 2593 2592 3185 3184 5656 5657 5658
840 21 2 1 1 22 814 21 5659 5660 5661 5662 192 193 5663
841 21 2 1 1 721 722 720 4691 4690 5664 5665 3471 3470 5666
842 21 2 1 1 812 1383 966 2988 2987 4741 4740 1844 1843 5667
843 21 2 1 1 1048 1312 1134 5668 5669 5670 5671 3631 3630 5672
844 21 2 1 1 765 1482 1474 5673 5674 5675 5676 5677 5678 5679
845 21 2 1 1 37 1266 36 5680 5681 5682 5683 222 223 5684
846 21 2 1 1 480 1211 479 5685 5686 5687 5688 549 550 5689
847 21 2 1 1 487 1267 486 5690 5691 5692 5693 563 564 5694
848 21 2 1 1 926 927 925 5695 5696 2677 2676 5697 5698 5699
849 21 2 1 1 478 1287 477 5700 5701 5702 5703 545 546 5704
850 21 2 1 1 40 836 39 5705 5706 5707 5708 228 229 5709
851 21 2 1 1 45 1111 44 5710 5711 5712 5713 238 239 5714
852 21 2 1 1 1213 1242 1220 5715 5716 5289 5288 5717 5718 5719
853 21 2 1 1 93 719 92 5720 5721 5722 5723 334 335 5724
854 21 2 1 1 1030 1062 1028 3396 3395 5725 5726 5727 5728 5729
855 21 2 1 1 1108 1263 1262 5730 5731 5732 5733 5734 5735 5736
856 21 2 1 1 1018 1398 1386 5737 5738 5739 5740 5741 5742 5743
857 21 2 1 1 475 755 474 5744 5745 5746 5747 539 540 5748
858 21 2 1 1 54 1289 53 5749 5750 5751 5752 256 257 5753
859 21 2 1 1 698 1353 1311 3937 3936 4143 4142 2164 2163 5754
860 21 2 1 1 965 969 963 1932 1931 5755 5756 5440 5439 5757
861 21 2 1 1 53 705 52 5758 5759 5760 5761 254 255 5762
862 21 2 1 1 46 911 45 5763 5764 5765 5766 240 241 5767
863 21 2 1 1 23 1129 22 5768 5769 5770 5771 194 195 5772
864 21 2 1 1 746 748 747 2975 2974 5773 5774 5775 5776 5777
865 21 2 1 1 70 845 69 5778 5779 5780 5781 288 289 5782
866 21 2 1 1 1277 1278 1275 3285 3284 4389 4388 5322 5321 5783
867 21 2 1 1 47 1106 46 5784 5785 5786 5787 242 243 5788
868 21 2 1 1 52 1113 51 5789 5790 5791 5792 252 253 5793
869 21 2 1 1 48 843 47 5794 5795 5796 5797 244 245 5798
870 21 2 1 1 50 908 49 5799 5800 5801 5802 248 249 5803
871 21 2 1 1 51 1112 50 5804 5805 5806 5807 250 251 5808
872 21 2 1 1 39 1293 38 5809 5810 5811 5812 226 227 5813
873 21 2 1 1 10 1142 9 5814 5815 5816 5817 168 169 5818
874 21 2 1 1 55 905 54 5819 5820 5821 5822 258 259 5823
875 21 2 1 1 58 841 57 5824 5825 5826 5827 264 265 5828
876 21 2 1 1 967 1092 885 2097 2096 5829 5830 2451 2450 5831
877 21 2 1 1 830 1292 811 5832 5833 4084 4083 4950 4949 5834
878 21 2 1 1 871 876 875 5835 5836 3919 3918 5023 5022 5837
879 21 2 1 1 759 783 758 5838 5839 5479 5478 5562 5561 5840
880 21 2 1 1 56 1116 55 5841 5842 5843 5844 260 261 5845
881 21 2 1 1 57 1118 56 5846 5847 5848 5849 262 263 5850
882 21 2 1 1 500 1299 499 5851 5852 5853 5854 589 590 5855
883 21 2 1 1 482 1215 481 5856 5857 5858 5859 553 554 5860
884 21 2 1 1 12 929 11 5861 5862 5863 5864 172 173 5865
885 21 2 1 1 1167 1168 1035 5866 5867 2398 2397 1619 1618 5868
886 21 2 1 1 64 704 63 5869 5870 5373 5372 276 277 5871
887 21 2 1 1 30 919 29 5872 5873 5874 5875 208 209 5876
888 21 2 1 1 1108 1262 1111 5735 5734 5877 5878 5879 5880 5881
889 21 2 1 1 887 1085 967 5294 5293 5882 5883 2449 2448 5884
890 21 2 1 1 476 1216 475 5885 5886 5887 5888 541 542 5889
891 21 2 1 1 61 842 60 5890 5891 5892 5893 270 271 5894
892 21 2 1 1 768 1480 1126 5895 5896 4048 4047 4899 4898 5897
893 21 2 1 1 71 1300 70 5898 5899 5900 5901 290 291 5902
894 21 2 1 1 38 835 37 5903 5904 5905 5906 224 225 5907
895 21 2 1 1 29 1127 28 5908 5909 5910 5911 206 207 5912
896 21 2 1 1 75 703 74 5913 5914 5915 5916 298 299 5917
897 21 2 1 1 1024 1042 985 3204 3203 5918 5919 4976 4975 5920
898 21 2 1 1 65 1303 64 5921 5922 5923 5924 278 279 5925
899 21 2 1 1 13 1137 12 5926 5927 5928 5929 174 175 5930
900 21 2 1 1 69 1140 68 5931 5932 5933 5934 286 287 5935
901 21 2 1 1 847 1305 839 5936 5937 5938 5939 5047 5046 5940
902 21 2 1 1 28 950 27 5941 5942 5943 5944 204 205 5945
903 21 2 1 1 795 1426 688 5946 5947 3580 3579 3167 3166 5948
904 21 2 1 1 1041 1331 1040 1683 1682 5949 5950 5543 5542 5951
905 21 2 1 1 905 1117 1115 5952 5953 5954 5955 5370 5369 5956
906 21 2 1 1 20 952 19 5957 5958 5959 5960 188 189 5961
907 21 2 1 1 876 878 877 2193 2192 4200 4199 3917 3916 5962
908 21 2 1 1 786 795 784 5963 5964 5965 5966 5967 5968 5969
909 21 2 1 1 24 944 23 5970 5971 5972 5973 196 197 5974
910 21 2 1 1 818 826 747 3587 3586 5975 5976 5179 5178 5977
911 21 2 1 1 8 1301 7 5978 5979 5980 5981 164 165 5982
912 21 2 1 1 15 1133 14 5983 5984 5985 5986 178 179 5987
913 21 2 1 1 488 1011 487 5118 5117 5988 5989 565 566 5990
914 21 2 1 1 16 1049 15 5991 5992 5993 5994 180 181 5995
915 21 2 1 1 66 1141 65 5996 5997 5998 5999 280 281 6000
916 21 2 1 1 481 1209 480 6001 6002 6003 6004 551 552 6005
917 21 2 1 1 87 1306 86 6006 6007 6008 6009 322 323 6010
918 21 2 1 1 1241 1242 1213 6011 6012 5716 5715 6013 6014 6015
919 21 2 1 1 14 928 13 6016 6017 6018 6019 176 177 6020
920 21 2 1 1 76 1309 75 6021 6022 6023 6024 300 301 6025
921 21 2 1 1 969 970 947 1930 1929 3641 3640 6026 6027 6028
922 21 2 1 1 85 1149 84 6029 6030 6031 6032 318 319 6033
923 21 2 1 1 11 1120 10 6034 6035 6036 6037 170 171 6038
924 21 2 1 1 1358 1441 724 6039 6040 4053 4052 6041 6042 6043
925 21 2 1 1 742 766 744 6044 6045 6046 6047 6048 6049 6050
926 21 2 1 1 81 849 80 6051 6052 6053 6054 310 311 6055
927 21 2 1 1 1350 1351 846 6056 6057 6058 6059 6060 6061 6062
928 21 2 1 1 766 791 767 2017 2016 6063 6064 6065 6066 6067
929 21 2 1 1 68 1139 67 6068 6069 6070 6071 284 285 6072
930 21 2 1 1 477 1206 476 6073 6074 6075 6076 543 544 6077
931 21 2 1 1 743 826 742 6078 6079 6080 6081 4150 4149 6082
932 21 2 1 1 782 1189 1037 6083 6084 5053 5052 3463 3462 6085
933 21 2 1 1 1122 1123 922 6086 6087 6088 6089 6090 6091 6092
934 21 2 1 1 67 890 66 6093 6094 6095 6096 282 283 6097
935 21 2 1 1 82 1313 81 6098 6099 6100 6101 312 313 6102
936 21 2 1 1 736 1172 1171 6103 6104 4454 4453 4574 4573 6105
937 21 2 1 1 27 1314 26 6106 6107 6108 6109 202 203 6110
938 21 2 1 1 1119 1444 864 6111 6112 6113 6114 6115 6116 6117
939 21 2 1 1 748 758 747 5564 5563 5181 5180 5774 5773 6118
940 21 2 1 1 92 1145 91 6119 6120 6121 6122 332 333 6123
941 21 2 1 1 72 888 71 6124 6125 6126 6127 292 293 6128
942 21 2 1 1 912 913 910 6129 6130 2951 2950 6131 6132 6133
943 21 2 1 1 849 1163 1157 5610 5609 3237 3236 6134 6135 6136
944 21 2 1 1 878 895 879 6137 6138 5144 5143 4198 4197 6139
945 21 2 1 1 790 799 779 1764 1763 5450 5449 4869 4868 6140
946 21 2 1 1 1074 1346 105 4544 4543 5191 5190 6141 6142 6143
947 21 2 1 1 25 1316 24 6144 6145 6146 6147 198 199 6148
948 21 2 1 1 80 1158 79 6149 6150 6151 6152 308 309 6153
949 21 2 1 1 1064 1471 1063 5229 5228 6154 6155 6156 6157 6158
950 21 2 1 1 77 1160 76 6159 6160 6161 6162 302 303 6163
951 21 2 1 1 1077 1082 1079 6164 6165 4514 4513 6166 6167 6168
952 21 2 1 1 497 984 496 6169 6170 6171 6172 583 584 6173
953 21 2 1 1 83 1151 82 6174 6175 6176 6177 314 315 6178
954 21 2 1 1 846 1416 1364 6179 6180 5409 5408 6181 6182 6183
955 21 2 1 1 1325 1326 1074 6184 6185 4546 4545 6186 6187 6188
956 21 2 1 1 1215 1241 1213 6189 6190 6014 6013 6191 6192 6193
957 21 2 1 1 1086 1303 1141 6194 6195 6196 6197 2492 2491 6198
958 21 2 1 1 1121 1125 1123 6199 6200 5210 5209 6201 6202 6203
959 21 2 1 1 6 1154 5 6204 6205 6206 6207 160 161 6208
960 21 2 1 1 784 818 758 6209 6210 5177 5176 5477 5476 6211
961 21 2 1 1 716 1305 854 3565 3564 6212 6213 6214 6215 6216
962 21 2 1 1 5 936 4 6217 6218 6219 6220 158 159 6221
963 21 2 1 1 7 949 6 6222 6223 6224 6225 162 163 6226
964 21 2 1 1 1003 1004 999 6227 6228 5171 5170 6229 6230 6231
965 21 2 1 1 870 1254 1088 6232 6233 6234 6235 4067 4066 6236
966 21 2 1 1 26 813 25 6237 6238 6239 6240 200 201 6241
967 21 2 1 1 821 1064 1063 1525 1524 6157 6156 4339 4338 6242
968 21 2 1 1 79 1155 78 6243 6244 6245 6246 306 307 6247
969 21 2 1 1 463 991 462 6248 6249 6250 6251 515 516 6252
970 21 2 1 1 952 1409 1128 6253 6254 4113 4112 6255 6256 6257
971 21 2 1 1 1202 1203 1022 5401 5400 6258 6259 1539 1538 6260
972 21 2 1 1 35 1315 34 6261 6262 6263 6264 218 219 6265
973 21 2 1 1 1034 1433 1033 6266 6267 5236 5235 3253 3252 6268
974 21 2 1 1 1023 1338 1217 2535 2534 3498 3497 3989 3988 6269
975 21 2 1 1 492 1339 491 6270 6271 6272 6273 573 574 6274
976 21 2 1 1 78 880 77 6275 6276 6277 6278 304 305 6279
977 21 2 1 1 796 798 707 5218 5217 6280 6281 5506 5505 6282
978 21 2 1 1 1102 1322 1100 4927 4926 6283 6284 3456 3455 6285
979 21 2 1 1 509 751 508 2223 2222 6286 6287 607 608 6288
980 21 2 1 1 491 750 490 6289 6290 6291 6292 571 572 6293
981 21 2 1 1 1199 1201 1034 4800 4799 2557 2556 4163 4162 6294
982 21 2 1 1 493 1272 492 6295 6296 6297 6298 575 576 6299
983 21 2 1 1 91 873 90 6300 6301 6302 6303 330 331 6304
984 21 2 1 1 84 882 83 6305 6306 6307 6308 316 317 6309
985 21 2 1 1 1203 1460 1237 5399 5398 3546 3545 4846 4845 6310
986 21 2 1 1 106 1454 1074 6311 6312 5567 5566 6313 6314 6315
987 21 2 1 1 787 788 763 6316 6317 6318 6319 5551 5550 6320
988 21 2 1 1 1059 1330 1056 6321 6322 5327 5326 6323 6324 6325
989 21 2 1 1 942 969 947 6326 6327 6027 6026 5131 5130 6328
990 21 2 1 1 1374 1376 1375 6329 6330 6331 6332 6333 6334 6335
991 21 2 1 1 959 1396 1139 5596 5595 6336 6337 4122 4121 6338
992 21 2 1 1 73 1336 72 6339 6340 6341 6342 294 295 6343
993 21 2 1 1 1298 1457 718 4906 4905 2660 2659 2200 2199 6344
994 21 2 1 1 787 789 788 4990 4989 6345 6346 6317 6316 6347
995 21 2 1 1 88 1180 87 6348 6349 6350 6351 324 325 6352
996 21 2 1 1 1079 1486 1077 6353 6354 6355 6356 6167 6166 6357
997 21 2 1 1 1002 1229 1178 6358 6359 3148 3147 6360 6361 6362
998 21 2 1 1 1005 1447 1023 3877 3876 5274 5273 2583 2582 6363
999 21 2 1 1 1274 1275 1273 5324 5323 6364 6365 4441 4440 6366
1000 21 2 1 1 1181 1395 875 3764 3763 5021 5020 5186 5185 6367
1001 21 2 1 1 717 724 714 6368 6369 6370 6371 3759 3758 6372
1002 21 2 1 1 1213 1220 1219 5718 5717 5109 5108 6373 6374 6375
1003 21 2 1 1 843 1264 1110 6376 6377 6378 6379 2688 2687 6380
1004 21 2 1 1 742 744 740 6049 6048 6381 6382 5153 5152 6383
1005 21 2 1 1 1209 1215 1213 6384 6385 6192 6191 6386 6387 6388
1006 21 2 1 1 783 786 784 4091 4090 5968 5967 5475 5474 6389
1007 21 2 1 1 1047 1409 951 4115 4114 6390 6391 3840 3839 6392
1008 21 2 1 1 139 1184 138 6393 6394 6395 6396 426 427 6397
1009 21 2 1 1 1250 1319 731 6398 6399 6400 6401 6402 6403 6404
1010 21 2 1 1 1056 1335 1043 6405 6406 5482 5481 3690 3689 6407
1011 21 2 1 1 1353 1448 699 6408 6409 3328 3327 4145 4144 6410
1012 21 2 1 1 138 1014 137 6411 6412 6413 6414 424 425 6415
1013 21 2 1 1 1134 1312 955 5671 5670 6416 6417 4596 4595 6418
1014 21 2 1 1 909 1110 968 4394 4393 6419 6420 2138 2137 6421
1015 21 2 1 1 462 1236 2 6422 6423 6424 6425 513 514 6426
1016 21 2 1 1 791 792 767 2657 2656 5174 5173 6064 6063 6427
1017 21 2 1 1 746 747 743 5776 5775 6428 6429 4985 4984 6430
1018 21 2 1 1 147 1000 146 6431 6432 6433 6434 442 443 6435
1019 21 2 1 1 980 1437 511 2702 2701 3652 3651 6436 6437 6438
1020 21 2 1 1 845 1300 1094 6439 6440 6441 6442 6443 6444 6445
1021 21 2 1 1 1028 1062 1044 5726 5725 6446 6447 5261 5260 6448
1022 21 2 1 1 90 1174 89 6449 6450 6451 6452 328 329 6453
1023 21 2 1 1 1077 1486 1076 6356 6355 6454 6455 6456 6457 6458
1024 21 2 1 1 620 1485 1295 5406 5405 6459 6460 5115 5114 6461
1025 21 2 1 1 464 1192 463 6462 6463 6464 6465 517 518 6466
1026 21 2 1 1 738 752 733 6467 6468 6469 6470 4880 4879 6471
1027 21 2 1 1 140 1036 139 6472 6473 6474 6475 428 429 6476
1028 21 2 1 1 467 1200 466 6477 6478 6479 6480 523 524 6481
1029 21 2 1 1 747 826 743 5976 5975 6079 6078 6429 6428 6482
1030 21 2 1 1 1121 1123 1122 6202 6201 6087 6086 6483 6484 6485
1031 21 2 1 1 789 794 788 2823 2822 4064 4063 6346 6345 6486
1032 21 2 1 1 137 1166 136 6487 6488 6489 6490 422 423 6491
1033 21 2 1 1 757 1460 1391 4179 4178 6492 6493 6494 6495 6496
1034 21 2 1 1 785 796 708 2497 2496 5504 5503 5425 5424 6497
1035 21 2 1 1 1140 1438 959 6498 6499 5156 5155 4120 4119 6500
1036 21 2 1 1 1035 1333 1013 3677 3676 6501 6502 1730 1729 6503
1037 21 2 1 1 1122 1359 919 6504 6505 5066 5065 6506 6507 6508
1038 21 2 1 1 1204 1404 996 4423 4422 3930 3929 6509 6510 6511
1039 21 2 1 1 881 1440 1415 6512 6513 4699 4698 3786 3785 6514
1040 21 2 1 1 1107 1108 911 6515 6516 6517 6518 6519 6520 6521
1041 21 2 1 1 1100 1471 1066 4355 4354 5227 5226 3458 3457 6522
1042 21 2 1 1 699 1334 799 3963 3962 5448 5447 3860 3859 6523
1043 21 2 1 1 1153 1413 834 6524 6525 2599 2598 4668 4667 6526
1044 21 2 1 1 1320 1466 1061 6527 6528 6529 6530 6531 6532 6533
1045 21 2 1 1 1231 1379 954 6534 6535 6536 6537 3187 3186 6538
1046 21 2 1 1 1293 1401 1294 5083 5082 1861 1860 6539 6540 6541
1047 21 2 1 1 707 817 700 6542 6543 5501 5500 4982 4981 6544
1048 21 2 1 1 766 767 744 6066 6065 4947 4946 6047 6046 6545
1049 21 2 1 1 955 1312 934 6417 6416 6546 6547 2008 2007 6548
1050 21 2 1 1 1209 1213 1212 6387 6386 6549 6550 6551 6552 6553
1051 21 2 1 1 736 1408 1172 6554 6555 6556 6557 6104 6103 6558
1052 21 2 1 1 868 1083 864 5071 5070 3505 3504 6559 6560 6561
1053 21 2 1 1 883 1382 1156 3298 3297 6562 6563 4753 4752 6564
1054 21 2 1 1 496 1365 495 6565 6566 6567 6568 581 582 6569
1055 21 2 1 1 89 872 88 6570 6571 6572 6573 326 327 6574
1056 21 2 1 1 986 1038 988 6575 6576 6577 6578 2983 2982 6579
1057 21 2 1 1 723 753 722 6580 6581 4586 4585 4689 4688 6582
1058 21 2 1 1 136 1186 135 6583 6584 6585 6586 420 421 6587
1059 21 2 1 1 59 1385 58 6588 6589 6590 6591 266 267 6592
1060 21 2 1 1 466 1218 465 6593 6594 6595 6596 521 522 6597
1061 21 2 1 1 1203 1204 1022 5029 5028 4553 4552 6259 6258 6598
1062 21 2 1 1 501 1279 500 6599 6600 6601 6602 591 592 6603
1063 21 2 1 1 1104 1251 769 6604 6605 6606 6607 2242 2241 6608
1064 21 2 1 1 754 1159 1039 6609 6610 1841 1840 2586 2585 6611
1065 21 2 1 1 775 1292 830 2833 2832 5833 5832 5060 5059 6612
1066 21 2 1 1 41 1297 40 6613 6614 6615 6616 230 231 6617
1067 21 2 1 1 819 1355 774 6618 6619 6620 6621 6622 6623 6624
1068 21 2 1 1 133 1046 132 6625 6626 6627 6628 414 415 6629
1069 21 2 1 1 1094 1300 888 6442 6441 6630 6631 4824 4823 6632
1070 21 2 1 1 1108 1111 911 5880 5879 6633 6634 6518 6517 6635
1071 21 2 1 1 786 1485 795 6636 6637 6638 6639 5964 5963 6640
1072 21 2 1 1 970 972 971 6641 6642 6643 6644 3639 3638 6645
1073 21 2 1 1 1002 1178 1177 6361 6360 6646 6647 6648 6649 6650
1074 21 2 1 1 840 1413 1153 1725 1724 6525 6524 5126 5125 6651
1075 21 2 1 1 96 867 95 1968 1967 2946 2945 340 341 6652
1076 21 2 1 1 1010 1443 1220 4511 4510 5105 5104 4671 4670 6653
1077 21 2 1 1 132 1187 131 6654 6655 6656 6657 412 413 6658
1078 21 2 1 1 795 829 784 3165 3164 6659 6660 5966 5965 6661
1079 21 2 1 1 1257 1390 1255 4888 4887 4460 4459 6662 6663 6664
1080 21 2 1 1 150 1229 149 6665 6666 6667 6668 448 449 6669
1081 21 2 1 1 1058 1335 1056 6670 6671 6406 6405 5329 5328 6672
1082 21 2 1 1 1088 1089 869 4785 4784 3096 3095 4069 4068 6673
1083 21 2 1 1 494 1276 493 6674 6675 6676 6677 577 578 6678
1084 21 2 1 1 146 1175 145 6679 6680 6681 6682 440 441 6683
1085 21 2 1 1 841 1231 1118 6684 6685 2591 2590 6686 6687 6688
1086 21 2 1 1 2 1235 155 6689 6690 6691 6692 460 461 6693
1087 21 2 1 1 996 1489 1204 4533 4532 4549 4548 6510 6509 6694
1088 21 2 1 1 148 1228 147 6695 6696 6697 6698 444 445 6699
1089 21 2 1 1 842 1378 60 6700 6701 4853 4852 5893 5892 6702
1090 21 2 1 1 74 1384 73 6703 6704 6705 6706 296 297 6707
1091 21 2 1 1 135 771 134 6708 6709 6710 6711 418 419 6712
1092 21 2 1 1 1098 1254 870 5136 5135 6233 6232 5044 5043 6713
1093 21 2 1 1 929 1137 1135 6714 6715 6716 6717 2025 2024 6718
1094 21 2 1 1 154 1233 153 6719 6720 6721 6722 456 457 6723
1095 21 2 1 1 1075 1393 768 6724 6725 6726 6727 4405 4404 6728
1096 21 2 1 1 112 1368 111 6729 6730 6731 6732 372 373 6733
1097 21 2 1 1 944 1131 1130 6734 6735 2417 2416 6736 6737 6738
1098 21 2 1 1 465 993 464 6739 6740 6741 6742 519 520 6743
1099 21 2 1 1 863 1444 861 6744 6745 6746 6747 2502 2501 6748
1100 21 2 1 1 1150 1440 882 4701 4700 5032 5031 6749 6750 6751
1101 21 2 1 1 1036 1243 1169 6752 6753 3023 3022 6754 6755 6756
1102 21 2 1 1 131 1020 130 6757 6758 6759 6760 410 411 6761
1103 21 2 1 1 957 1258 914 6762 6763 2322 2321 4281 4280 6764
1104 21 2 1 1 1070 1100 1099 4357 4356 4807 4806 6765 6766 6767
1105 21 2 1 1 125 1224 124 6768 6769 6770 6771 398 399 6772
1106 21 2 1 1 124 1029 123 6773 6774 6775 6776 396 397 6777
1107 21 2 1 1 134 1372 133 6778 6779 6780 6781 416 417 6782
1108 21 2 1 1 34 1387 33 6783 6784 6785 6786 216 217 6787
1109 21 2 1 1 1159 1449 774 6788 6789 6790 6791 2874 2873 6792
1110 21 2 1 1 1135 1137 928 6717 6716 6793 6794 6795 6796 6797
1111 21 2 1 1 839 1305 838 5939 5938 3563 3562 3268 3267 6798
1112 21 2 1 1 1036 1169 1168 6755 6754 2394 2393 6799 6800 6801
1113 21 2 1 1 472 757 471 6802 6803 6804 6805 533 534 6806
1114 21 2 1 1 130 1191 129 6807 6808 6809 6810 408 409 6811
1115 21 2 1 1 706 1290 809 6812 6813 6814 6815 3423 3422 6816
1116 21 2 1 1 1196 1388 1194 6817 6818 6819 6820 6821 6822 6823
1117 21 2 1 1 62 1375 61 6824 6825 6826 6827 272 273 6828
1118 21 2 1 1 841 1379 1231 6829 6830 6535 6534 6685 6684 6831
1119 21 2 1 1 944 1316 1131 6832 6833 6834 6835 6735 6734 6836
1120 21 2 1 1 102 865 101 6837 6838 6839 6840 352 353 6841
1121 21 2 1 1 107 1454 106 6842 6843 6312 6311 362 363 6844
1122 21 2 1 1 1194 1236 991 6845 6846 6847 6848 6849 6850 6851
1123 21 2 1 1 1197 1388 1196 4006 4005 6818 6817 6852 6853 6854
1124 21 2 1 1 922 1123 1087 6089 6088 3520 3519 1830 1829 6855
1125 21 2 1 1 1144 1301 776 6856 6857 6858 6859 6860 6861 6862
1126 21 2 1 1 1070 1099 1080 6766 6765 6863 6864 1992 1991 6865
1127 21 2 1 1 804 1424 1406 6866 6867 5302 5301 4541 4540 6868
1128 21 2 1 1 1068 1148 1071 3244 3243 6869 6870 6871 6872 6873
1129 21 2 1 1 1195 1196 1194 3890 3889 6822 6821 6874 6875 6876
1130 21 2 1 1 506 978 505 6877 6878 6879 6880 601 602 6881
1131 21 2 1 1 1000 1177 1176 6882 6883 5535 5534 5453 5452 6884
1132 21 2 1 1 1196 1198 1197 2826 2825 6885 6886 6853 6852 6887
1133 21 2 1 1 126 1058 125 6888 6889 6890 6891 400 401 6892
1134 21 2 1 1 872 1181 1180 6893 6894 6895 6896 6897 6898 6899
1135 21 2 1 1 951 1409 1286 6391 6390 6900 6901 6902 6903 6904
1136 21 2 1 1 1086 1373 1303 6905 6906 5413 5412 6195 6194 6907
1137 21 2 1 1 1085 1093 967 3659 3658 1627 1626 5883 5882 6908
1138 21 2 1 1 1038 1162 754 6909 6910 6911 6912 3913 3912 6913
1139 21 2 1 1 1134 1135 928 4594 4593 6796 6795 6914 6915 6916
1140 21 2 1 1 819 1463 1355 4457 4456 4526 4525 6619 6618 6917
1141 21 2 1 1 108 1069 107 6918 6919 6920 6921 364 365 6922
1142 21 2 1 1 1096 1419 954 6923 6924 6925 6926 4288 4287 6927
1143 21 2 1 1 726 1429 723 6928 6929 6930 6931 4014 4013 6932
1144 21 2 1 1 118 1061 117 6933 6934 6935 6936 384 385 6937
1145 21 2 1 1 1131 1316 813 6835 6834 6938 6939 5614 5613 6940
1146 21 2 1 1 964 966 815 4748 4747 4745 4744 5339 5338 6941
1147 21 2 1 1 1165 1361 1007 6942 6943 3389 3388 6944 6945 6946
1148 21 2 1 1 145 1001 144 6947 6948 6949 6950 438 439 6951
1149 21 2 1 1 764 1400 1394 6952 6953 6954 6955 1788 1787 6956
1150 21 2 1 1 94 1390 93 4462 4461 6957 6958 336 337 6959
1151 21 2 1 1 1225 1286 814 6960 6961 6962 6963 3105 3104 6964
1152 21 2 1 1 866 1366 871 6965 6966 6967 6968 4506 4505 6969
1153 21 2 1 1 474 1357 473 6970 6971 6972 6973 537 538 6974
1154 21 2 1 1 1171 1173 1025 4452 4451 6975 6976 6977 6978 6979
1155 21 2 1 1 1355 1361 1165 6980 6981 6943 6942 6982 6983 6984
1156 21 2 1 1 1181 1244 1180 6985 6986 6987 6988 6896 6895 6989
1157 21 2 1 1 1269 1270 1223 5281 5280 4314 4313 2274 2273 6990
1158 21 2 1 1 935 941 940 6991 6992 4961 4960 3724 3723 6993
1159 21 2 1 1 949 1301 1144 6994 6995 6857 6856 6996 6997 6998
1160 21 2 1 1 874 1395 1146 4893 4892 6999 7000 5445 5444 7001
1161 21 2 1 1 149 1002 148 7002 7003 7004 7005 446 447 7006
1162 21 2 1 1 1157 1158 849 7007 7008 7009 7010 6135 6134 7011
1163 21 2 1 1 1380 1429 761 2647 2646 7012 7013 3354 3353 7014
1164 21 2 1 1 141 1243 140 7015 7016 7017 7018 430 431 7019
1165 21 2 1 1 998 1433 1034 4651 4650 6267 6266 2559 2558 7020
1166 21 2 1 1 495 983 494 7021 7022 7023 7024 579 580 7025
1167 21 2 1 1 1143 1144 776 1584 1583 6861 6860 7026 7027 7028
1168 21 2 1 1 502 1282 501 7029 7030 7031 7032 593 594 7033
1169 21 2 1 1 123 1190 122 7034 7035 7036 7037 394 395 7038
1170 21 2 1 1 1051 1238 948 7039 7040 7041 7042 2303 2302 7043
1171 21 2 1 1 472 1356 757 4622 4621 4181 4180 6803 6802 7044
1172 21 2 1 1 111 1065 110 7045 7046 3434 3433 370 371 7047
1173 21 2 1 1 927 932 931 7048 7049 5312 5311 3882 3881 7050
1174 21 2 1 1 1025 1439 1333 7051 7052 7053 7054 7055 7056 7057
1175 21 2 1 1 155 992 154 7058 7059 7060 7061 458 459 7062
1176 21 2 1 1 1073 1077 1076 7063 7064 6457 6456 3984 3983 7065
1177 21 2 1 1 1367 1467 706 7066 7067 7068 7069 7070 7071 7072
1178 21 2 1 1 1376 1377 842 5358 5357 7073 7074 7075 7076 7077
1179 21 2 1 1 49 1423 48 7078 7079 7080 7081 246 247 7082
1180 21 2 1 1 468 1249 467 7083 7084 7085 7086 525 526 7087
1181 21 2 1 1 1193 1194 991 7088 7089 6850 6849 7090 7091 7092
1182 21 2 1 1 484 1240 690 5386 5385 7093 7094 5251 5250 7095
1183 21 2 1 1 4 1152 1 7096 7097 7098 7099 156 157 7100
1184 21 2 1 1 742 826 766 6081 6080 3585 3584 6045 6044 7101
1185 21 2 1 1 972 973 971 7102 7103 4883 4882 6644 6643 7104
1186 21 2 1 1 922 1232 1122 4370 4369 7105 7106 6091 6090 7107
1187 21 2 1 1 1155 1158 1157 7108 7109 7008 7007 7110 7111 7112
1188 21 2 1 1 687 1125 32 5212 5211 5418 5417 5258 5257 7113
1189 21 2 1 1 715 1370 1298 7114 7115 5509 5508 2372 2371 7116
1190 21 2 1 1 798 817 707 1718 1717 6543 6542 6281 6280 7117
1191 21 2 1 1 490 1349 489 7118 7119 7120 7121 569 570 7122
1192 21 2 1 1 1230 1250 731 7123 7124 6403 6402 7125 7126 7127
1193 21 2 1 1 913 921 915 7128 7129 7130 7131 4221 4220 7132
1194 21 2 1 1 21 1435 20 7133 7134 7135 7136 190 191 7137
1195 21 2 1 1 990 1026 995 7138 7139 7140 7141 4378 4377 7142
1196 21 2 1 1 1124 1315 1304 7143 7144 5521 5520 1940 1939 7145
1197 21 2 1 1 920 924 923 7146 7147 5461 5460 4375 4374 7148
1198 21 2 1 1 1099 1466 1080 7149 7150 7151 7152 6864 6863 7153
1199 21 2 1 1 151 1252 150 7154 7155 7156 7157 450 451 7158
1200 21 2 1 1 737 1480 1393 7159 7160 7161 7162 7163 7164 7165
1201 21 2 1 1 900 1239 902 7166 7167 7168 7169 4365 4364 7170
1202 21 2 1 1 113 1101 112 7171 7172 7173 7174 374 375 7175
1203 21 2 1 1 845 1438 1140 7176 7177 6499 6498 7178 7179 7180
1204 21 2 1 1 504 1420 503 7181 7182 7183 7184 597 598 7185
1205 21 2 1 1 690 1241 483 7186 7187 5488 5487 5253 5252 7188
1206 21 2 1 1 956 1401 1054 1863 1862 3791 3790 3525 3524 7189
1207 21 2 1 1 119 1320 118 7190 7191 7192 7193 386 387 7194
1208 21 2 1 1 153 1234 152 7195 7196 7197 7198 454 455 7199
1209 21 2 1 1 1144 1238 949 7200 7201 7202 7203 6997 6996 7204
1210 21 2 1 1 18 1128 686 5498 5497 7205 7206 5269 5268 7207
1211 21 2 1 1 941 963 942 7208 7209 7210 7211 4959 4958 7212
1212 21 2 1 1 686 1245 17 5621 5620 5516 5515 5271 5270 7213
1213 21 2 1 1 1354 1476 760 5139 5138 2924 2923 2804 2803 7214
1214 21 2 1 1 878 1185 895 4604 4603 3466 3465 6138 6137 7215
1215 21 2 1 1 850 854 847 5317 5316 7216 7217 5559 5558 7218
1216 21 2 1 1 728 761 726 2578 2577 7219 7220 5435 5434 7221
1217 21 2 1 1 907 912 910 7222 7223 6132 6131 4589 4588 7224
1218 21 2 1 1 722 762 720 4656 4655 7225 7226 5665 5664 7227
1219 21 2 1 1 1377 1378 842 7228 7229 6701 6700 7074 7073 7230
1220 21 2 1 1 854 1305 847 6213 6212 5937 5936 7217 7216 7231
1221 21 2 1 1 710 1306 1244 7232 7233 7234 7235 7236 7237 7238
1222 21 2 1 1 1059 1250 1081 4477 4476 7239 7240 7241 7242 7243
1223 21 2 1 1 1455 1464 751 7244 7245 7246 7247 4916 4915 7248
1224 21 2 1 1 985 1042 986 5919 5918 7249 7250 5297 5296 7251
1225 21 2 1 1 924 926 925 4773 4772 5698 5697 5459 5458 7252
1226 21 2 1 1 1155 1157 1156 7111 7110 4751 4750 7253 7254 7255
1227 21 2 1 1 711 1259 785 7256 7257 3379 3378 5423 5422 7258
1228 21 2 1 1 1008 1439 1025 3558 3557 7052 7051 4816 4815 7259
1229 21 2 1 1 1295 1485 786 6460 6459 6637 6636 5026 5025 7260
1230 21 2 1 1 505 1451 504 7261 7262 7263 7264 599 600 7265
1231 21 2 1 1 997 1003 999 7266 7267 6230 6229 4607 4606 7268
1232 21 2 1 1 1251 1322 769 7269 7270 4724 4723 6607 6606 7271
1233 21 2 1 1 1061 1466 1104 6530 6529 7272 7273 5039 5038 7274
1234 21 2 1 1 503 977 502 7275 7276 7277 7278 595 596 7279
1235 21 2 1 1 1147 1181 872 3766 3765 6894 6893 7280 7281 7282
1236 21 2 1 1 1217 1412 1197 7283 7284 4411 4410 7285 7286 7287
1237 21 2 1 1 739 1432 819 3541 3540 4303 4302 7288 7289 7290
1238 21 2 1 1 1198 1217 1197 3991 3990 7286 7285 6886 6885 7291
1239 21 2 1 1 932 938 933 7292 7293 3172 3171 5310 5309 7294
1240 21 2 1 1 1012 1240 485 7295 7296 5384 5383 5556 5555 7297
1241 21 2 1 1 810 1458 1032 2528 2527 3598 3597 5248 5247 7298
1242 21 2 1 1 1004 1007 1006 7299 7300 3391 3390 4138 4137 7301
1243 21 2 1 1 1148 1323 1103 7302 7303 3647 3646 7304 7305 7306
1244 21 2 1 1 915 1265 917 7307 7308 7309 7310 4125 4124 7311
1245 21 2 1 1 1340 1472 1274 4155 4154 7312 7313 4571 4570 7314
1246 21 2 1 1 923 1362 1232 5075 5074 5003 5002 4368 4367 7315
1247 21 2 1 1 1178 1412 1217 4995 4994 7284 7283 3502 3501 7316
1248 21 2 1 1 710 1414 1149 7317 7318 7319 7320 7321 7322 7323
1249 21 2 1 1 986 1042 1038 7250 7249 7324 7325 6576 6575 7326
1250 21 2 1 1 777 1334 787 5307 5306 3961 3960 5549 5548 7327
1251 21 2 1 1 507 1465 506 7328 7329 7330 7331 603 604 7332
1252 21 2 1 1 846 1364 1350 6182 6181 7333 7334 6061 6060 7335
1253 21 2 1 1 848 1468 1363 3870 3869 4684 4683 7336 7337 7338
1254 21 2 1 1 499 1299 689 5854 5853 4954 4953 5264 5263 7339
1255 21 2 1 1 31 1125 1121 5420 5419 6200 6199 5603 5602 7340
1256 21 2 1 1 912 1136 913 7341 7342 7343 7344 6130 6129 7345
1257 21 2 1 1 471 1391 470 7346 7347 7348 7349 531 532 7350
1258 21 2 1 1 926 1095 927 7351 7352 7353 7354 5696 5695 7355
1259 21 2 1 1 142 736 141 7356 7357 7358 7359 432 433 7360
1260 21 2 1 1 1062 1063 1060 4341 4340 3855 3854 7361 7362 7363
1261 21 2 1 1 820 1361 1355 7364 7365 6981 6980 4530 4529 7366
1262 21 2 1 1 1176 1338 1179 5533 5532 2533 2532 7367 7368 7369
1263 21 2 1 1 1052 1189 782 5102 5101 6084 6083 7370 7371 7372
1264 21 2 1 1 120 1319 119 7373 7374 7375 7376 388 389 7377
1265 21 2 1 1 874 1257 1098 5443 5442 7378 7379 5042 5041 7380
1266 21 2 1 1 1342 1343 1308 5063 5062 7381 7382 7383 7384 7385
1267 21 2 1 1 1130 1226 1225 2415 2414 5586 5585 4556 4555 7386
1268 21 2 1 1 1107 1109 1108 2487 2486 7387 7388 6516 6515 7389
1269 21 2 1 1 960 1405 903 7390 7391 4174 4173 2133 2132 7392
1270 21 2 1 1 1147 1174 873 7393 7394 7395 7396 7397 7398 7399
1271 21 2 1 1 999 1487 1433 5169 5168 5234 5233 4649 4648 7400
1272 21 2 1 1 104 1084 103 7401 7402 7403 7404 356 357 7405
1273 21 2 1 1 100 1482 99 7406 7407 7408 7409 348 349 7410
1274 21 2 1 1 1003 1164 1004 3337 3336 7411 7412 6228 6227 7413
1275 21 2 1 1 469 734 468 7414 7415 7416 7417 527 528 7418
1276 21 2 1 1 470 1392 469 7419 7420 7421 7422 529 530 7423
1277 21 2 1 1 809 1290 790 6815 6814 2751 2750 4101 4100 7424
1278 21 2 1 1 751 1464 508 7247 7246 5284 5283 6287 6286 7425
1279 21 2 1 1 1000 1228 1177 7426 7427 7428 7429 6883 6882 7430
1280 21 2 1 1 43 1262 713 5627 5626 7431 7432 5538 5537 7433
1281 21 2 1 1 714 1259 711 7434 7435 7257 7256 3716 3715 7436
1282 21 2 1 1 724 1260 1259 4057 4056 3375 3374 7437 7438 7439
1283 21 2 1 1 759 1477 783 7440 7441 7442 7443 5839 5838 7444
1284 21 2 1 1 117 1483 116 7445 7446 2315 2314 382 383 7447
1285 21 2 1 1 854 1370 716 7448 7449 7450 7451 6215 6214 7452
1286 21 2 1 1 1009 1053 1015 7453 7454 1502 1501 4158 4157 7455
1287 21 2 1 1 115 769 114 2244 2243 7456 7457 378 379 7458
1288 21 2 1 1 1018 1381 1275 7459 7460 7461 7462 4391 4390 7463
1289 21 2 1 1 33 1387 687 6786 6785 2929 2928 5256 5255 7464
1290 21 2 1 1 1200 1249 1248 7465 7466 7467 7468 7469 7470 7471
1291 21 2 1 1 152 735 151 7472 7473 7474 7475 452 453 7476
1292 21 2 1 1 1213 1219 1212 6374 6373 4659 4658 6550 6549 7477
1293 21 2 1 1 1393 1431 737 7478 7479 7480 7481 7164 7163 7482
1294 21 2 1 1 1057 1227 1191 3451 3450 7483 7484 4737 4736 7485
1295 21 2 1 1 1208 1403 1016 7486 7487 7488 7489 5206 5205 7490
1296 21 2 1 1 1044 1059 1056 7491 7492 6324 6323 3688 3687 7493
1297 21 2 1 1 1237 1332 1205 4484 4483 4841 4840 4848 4847 7494
1298 21 2 1 1 753 1288 828 2366 2365 5224 5223 4582 4581 7495
1299 21 2 1 1 479 1211 756 5688 5687 2711 2710 5526 5525 7496
1300 21 2 1 1 1076 1486 1182 6455 6454 4191 4190 5572 5571 7497
1301 21 2 1 1 1161 1374 1373 7498 7499 5199 5198 7500 7501 7502
1302 21 2 1 1 486 1267 1012 5693 5692 7503 7504 5554 5553 7505
1303 21 2 1 1 127 1488 126 7506 7507 7508 7509 402 403 7510
1304 21 2 1 1 129 1227 128 7511 7512 7513 7514 406 407 7515
1305 21 2 1 1 756 1287 478 3228 3227 5701 5700 5528 5527 7516
1306 21 2 1 1 740 1261 738 7517 7518 7519 7520 4911 4910 7521
1307 21 2 1 1 1474 1482 1328 5676 5675 7522 7523 5196 5195 7524
1308 21 2 1 1 1280 1398 1018 7525 7526 5738 5737 3776 3775 7527
1309 21 2 1 1 1054 1297 1296 3793 3792 7528 7529 3308 3307 7530
1310 21 2 1 1 951 1286 1225 6903 6902 6961 6960 5588 5587 7531
1311 21 2 1 1 482 1241 1215 5490 5489 6190 6189 5857 5856 7532
1312 21 2 1 1 36 1266 837 5683 5682 2161 2160 5591 5590 7533
1313 21 2 1 1 889 894 892 7534 7535 2790 2789 5389 5388 7536
1314 21 2 1 1 872 1174 1147 7537 7538 7394 7393 7281 7280 7539
1315 21 2 1 1 897 1373 1086 7540 7541 6906 6905 3491 3490 7542
1316 21 2 1 1 122 1230 121 7543 7544 7545 7546 392 393 7547
1317 21 2 1 1 144 1407 143 7548 7549 7550 7551 436 437 7552
1318 21 2 1 1 106 1074 105 6314 6313 6142 6141 360 361 7553
1319 21 2 1 1 880 1491 1160 7554 7555 4072 4071 7556 7557 7558
1320 21 2 1 1 1244 1306 1180 7235 7234 7559 7560 6988 6987 7561
1321 21 2 1 1 975 1189 1024 3711 3710 5100 5099 4974 4973 7562
1322 21 2 1 1 1082 1119 864 3619 3618 6116 6115 4516 4515 7563
1323 21 2 1 1 1111 1262 44 5878 5877 5625 5624 5713 5712 7564
1324 21 2 1 1 952 1128 19 6256 6255 5496 5495 5960 5959 7565
1325 21 2 1 1 1069 1454 107 4263 4262 6843 6842 6921 6920 7566
1326 21 2 1 1 976 985 982 3054 3053 5299 5298 5577 5576 7567
1327 21 2 1 1 1095 1430 932 7568 7569 7570 7571 7572 7573 7574
1328 21 2 1 1 1094 1438 845 7575 7576 7177 7176 6444 6443 7577
1329 21 2 1 1 823 1441 824 5485 5484 5652 5651 4446 4445 7578
1330 21 2 1 1 1044 1060 1059 7579 7580 4479 4478 7492 7491 7581
1331 21 2 1 1 789 1448 1253 4988 4987 7582 7583 2819 2818 7584
1332 21 2 1 1 9 1142 776 5817 5816 7585 7586 5634 5633 7587
1333 21 2 1 1 761 1429 726 7013 7012 6929 6928 7220 7219 7588
1334 21 2 1 1 1021 1030 1028 7589 7590 5728 5727 5112 5111 7591
1335 21 2 1 1 16 1245 1049 5518 5517 7592 7593 5992 5991 7594
1336 21 2 1 1 30 1121 919 5605 5604 7595 7596 5873 5872 7597
1337 21 2 1 1 1324 1325 1074 7598 7599 6187 6186 5569 5568 7600
1338 21 2 1 1 22 1129 814 5771 5770 3107 3106 5660 5659 7601
1339 21 2 1 1 1173 1179 1025 7602 7603 4814 4813 6976 6975 7604
1340 21 2 1 1 1171 1333 1169 7605 7606 3675 3674 4576 4575 7607
1341 21 2 1 1 837 1315 35 5523 5522 6262 6261 5593 5592 7608
1342 21 2 1 1 1374 1375 62 6334 6333 6825 6824 4027 4026 7609
1343 21 2 1 1 1065 1368 1321 7610 7611 7612 7613 1495 1494 7614
1344 21 2 1 1 1138 1319 1250 7615 7616 6399 6398 7617 7618 7619
1345 21 2 1 1 1296 1297 41 7529 7528 6614 6613 4383 4382 7620
1346 21 2 1 1 1146 1147 873 7621 7622 7398 7397 7623 7624 7625
1347 21 2 1 1 489 1349 1285 7121 7120 7626 7627 3719 3718 7628
1348 21 2 1 1 1071 1148 1103 6870 6869 7305 7304 7629 7630 7631
1349 21 2 1 1 1014 1184 1168 7632 7633 7634 7635 7636 7637 7638
1350 21 2 1 1 1254 1256 1088 5166 5165 7639 7640 6235 6234 7641
1351 21 2 1 1 773 859 856 7642 7643 4933 4932 4696 4695 7644
1352 21 2 1 1 911 1111 45 6634 6633 5711 5710 5766 5765 7645
1353 21 2 1 1 1053 1361 820 2207 2206 7365 7364 5378 5377 7646
1354 21 2 1 1 143 1408 142 7647 7648 7649 7650 434 435 7651
1355 21 2 1 1 776 1301 8 6859 6858 5979 5978 5636 5635 7652
1356 21 2 1 1 836 1293 39 5085 5084 5810 5809 5708 5707 7653
1357 21 2 1 1 53 1289 705 5752 5751 5353 5352 5759 5758 7654
1358 21 2 1 1 1350 1364 912 7334 7333 7655 7656 7657 7658 7659
1359 21 2 1 1 1168 1184 1036 7635 7634 7660 7661 6800 6799 7662
1360 21 2 1 1 705 1113 52 1534 1533 5790 5789 5761 5760 7663
1361 21 2 1 1 46 1106 911 5787 5786 7664 7665 5764 5763 7666
1362 21 2 1 1 710 1149 85 7322 7321 6030 6029 5641 5640 7667
1363 21 2 1 1 99 765 98 7668 7669 3981 3980 346 347 7670
1364 21 2 1 1 1248 1337 1200 7671 7672 7673 7674 7470 7469 7675
1365 21 2 1 1 941 964 963 1650 1649 5337 5336 7209 7208 7676
1366 21 2 1 1 843 1106 47 2692 2691 5785 5784 5797 5796 7677
1367 21 2 1 1 51 1113 1112 5792 5791 7678 7679 5805 5804 7680
1368 21 2 1 1 905 1289 54 5368 5367 5750 5749 5822 5821 7681
1369 21 2 1 1 50 1112 908 5807 5806 1548 1547 5800 5799 7682
1370 21 2 1 1 963 969 942 5756 5755 6327 6326 7211 7210 7683
1371 21 2 1 1 114 1422 113 7684 7685 7686 7687 376 377 7688
1372 21 2 1 1 774 1449 1428 6791 6790 7689 7690 7691 7692 7693
1373 21 2 1 1 835 1266 37 1605 1604 5681 5680 5906 5905 7694
1374 21 2 1 1 86 1306 710 6009 6008 7233 7232 5639 5638 7695
1375 21 2 1 1 55 1116 905 5844 5843 7696 7697 5820 5819 7698
1376 21 2 1 1 1391 1460 1210 6493 6492 7699 7700 7701 7702 7703
1377 21 2 1 1 841 1118 57 6687 6686 5847 5846 5827 5826 7704
1378 21 2 1 1 1321 1368 1101 7613 7612 7705 7706 7707 7708 7709
1379 21 2 1 1 1177 1228 1002 7429 7428 7710 7711 6649 6648 7712
1380 21 2 1 1 56 1118 1116 5849 5848 1575 1574 5842 5841 7713
1381 21 2 1 1 1256 1474 1088 7714 7715 4781 4780 7640 7639 7716
1382 21 2 1 1 475 1216 755 5888 5887 7717 7718 5745 5744 7719
1383 21 2 1 1 104 1346 1084 5193 5192 2877 2876 7402 7401 7720
1384 21 2 1 1 1274 1472 1277 7313 7312 3903 3902 5320 5319 7721
1385 21 2 1 1 895 1310 884 7722 7723 7724 7725 5146 5145 7726
1386 21 2 1 1 845 1140 69 7179 7178 5932 5931 5781 5780 7727
1387 21 2 1 1 1011 1267 487 1666 1665 5691 5690 5989 5988 7728
1388 21 2 1 1 1284 1342 1307 7729 7730 7731 7732 7733 7734 7735
1389 21 2 1 1 70 1300 845 5901 5900 6440 6439 5779 5778 7736
1390 21 2 1 1 1209 1211 480 7737 7738 5686 5685 6004 6003 7739
1391 21 2 1 1 38 1293 835 5812 5811 7740 7741 5904 5903 7742
1392 21 2 1 1 706 1467 1290 7069 7068 7743 7744 6813 6812 7745
1393 21 2 1 1 719 1145 92 1915 1914 6120 6119 5723 5722 7746
1394 21 2 1 1 944 1129 23 7747 7748 5769 5768 5973 5972 7749
1395 21 2 1 1 749 1162 1042 7750 7751 7752 7753 3202 3201 7754
1396 21 2 1 1 863 1469 868 2993 2992 4625 4624 7755 7756 7757
1397 21 2 1 1 871 1366 876 6968 6967 3340 3339 5836 5835 7758
1398 21 2 1 1 953 1405 1117 4176 4175 7759 7760 5657 5656 7761
1399 21 2 1 1 919 1127 29 5068 5067 5909 5908 5875 5874 7762
1400 21 2 1 1 782 1354 1052 5141 5140 3291 3290 7371 7370 7763
1401 21 2 1 1 477 1287 1206 5703 5702 7764 7765 6074 6073 7766
1402 21 2 1 1 12 1137 929 5929 5928 6715 6714 5862 5861 7767
1403 21 2 1 1 64 1303 704 5924 5923 5415 5414 5870 5869 7768
1404 21 2 1 1 865 1481 101 1752 1751 5348 5347 6840 6839 7769
1405 21 2 1 1 512 980 511 7770 7771 6437 6436 613 614 7772
1406 21 2 1 1 1071 1103 1102 7630 7629 4278 4277 3781 3780 7773
1407 21 2 1 1 749 1442 1162 2724 2723 7774 7775 7751 7750 7776
1408 21 2 1 1 1170 1186 1166 7777 7778 7779 7780 7781 7782 7783
1409 21 2 1 1 1278 1283 1281 7784 7785 4237 4236 1795 1794 7786
1410 21 2 1 1 1428 1449 741 7690 7689 7787 7788 2838 2837 7789
1411 21 2 1 1 28 1127 950 5911 5910 3817 3816 5942 5941 7790
1412 21 2 1 1 733 1247 732 7791 7792 2814 2813 5121 5120 7793
1413 21 2 1 1 632 1341 822 5278 5277 3088 3087 5012 5011 7794
1414 21 2 1 1 481 1215 1209 5859 5858 6385 6384 6002 6001 7795
1415 21 2 1 1 1120 1142 10 1759 1758 5815 5814 6037 6036 7796
1416 21 2 1 1 1014 1168 1167 7637 7636 5867 5866 7797 7798 7799
1417 21 2 1 1 40 1297 836 6616 6615 2847 2846 5706 5705 7800
1418 21 2 1 1 1117 1405 1115 7760 7759 7801 7802 5955 5954 7803
1419 21 2 1 1 1275 1381 1273 7462 7461 4327 4326 6365 6364 7804
1420 21 2 1 1 929 1120 11 1877 1876 6035 6034 5864 5863 7805
1421 21 2 1 1 757 1391 471 6495 6494 7347 7346 6805 6804 7806
1422 21 2 1 1 75 1309 703 6024 6023 2604 2603 5914 5913 7807
1423 21 2 1 1 928 1137 13 6794 6793 5927 5926 6019 6018 7808
1424 21 2 1 1 1001 1407 144 2963 2962 7549 7548 6950 6949 7809
1425 21 2 1 1 68 1140 1139 5934 5933 4118 4117 6069 6068 7810
1426 21 2 1 1 1206 1216 476 1806 1805 5886 5885 6076 6075 7811
1427 21 2 1 1 1141 1303 65 6197 6196 5922 5921 5999 5998 7812
1428 21 2 1 1 802 1424 804 2147 2146 6867 6866 4717 4716 7813
1429 21 2 1 1 970 1031 972 2644 2643 2665 2664 6642 6641 7814
1430 21 2 1 1 1049 1133 15 1893 1892 5984 5983 5994 5993 7815
1431 21 2 1 1 1258 1450 1109 7816 7817 7818 7819 4042 4041 7820
1432 21 2 1 1 690 1242 1241 7821 7822 6012 6011 7187 7186 7823
1433 21 2 1 1 1193 1195 1194 3073 3072 6875 6874 7089 7088 7824
1434 21 2 1 1 14 1133 928 5986 5985 7825 7826 6017 6016 7827
1435 21 2 1 1 771 1186 1170 7828 7829 7778 7777 4676 4675 7830
1436 21 2 1 1 770 1432 1431 4305 4304 7831 7832 2714 2713 7833
1437 21 2 1 1 1178 1338 1177 3500 3499 5531 5530 6647 6646 7834
1438 21 2 1 1 1167 1170 1166 1617 1616 7782 7781 7835 7836 7837
1439 21 2 1 1 888 1300 71 6631 6630 5899 5898 6127 6126 7838
1440 21 2 1 1 784 829 818 6660 6659 3288 3287 6210 6209 7839
1441 21 2 1 1 1038 1369 988 3911 3910 7840 7841 6578 6577 7842
1442 21 2 1 1 58 1385 841 6591 6590 7843 7844 5825 5824 7845
1443 21 2 1 1 950 1314 27 7846 7847 6107 6106 5944 5943 7848
1444 21 2 1 1 1378 1385 59 7849 7850 6589 6588 4855 4854 7851
1445 21 2 1 1 1081 1250 1230 7240 7239 7124 7123 7852 7853 7854
1446 21 2 1 1 974 975 973 3713 3712 4258 4257 7855 7856 7857
1447 21 2 1 1 932 1430 938 7571 7570 3256 3255 7293 7292 7858
1448 21 2 1 1 890 1141 66 1922 1921 5997 5996 6096 6095 7859
1449 21 2 1 1 1403 1425 994 4617 4616 3406 3405 7860 7861 7862
1450 21 2 1 1 954 1419 901 6926 6925 2865 2864 3553 3552 7863
1451 21 2 1 1 24 1316 944 6147 6146 6833 6832 5971 5970 7864
1452 21 2 1 1 67 1139 890 6071 6070 7865 7866 6094 6093 7867
1453 21 2 1 1 81 1313 849 6101 6100 5608 5607 6052 6051 7868
1454 21 2 1 1 1278 1352 1283 3283 3282 3401 3400 7785 7784 7869
1455 21 2 1 1 744 1261 740 5080 5079 7518 7517 6382 6381 7870
1456 21 2 1 1 852 1310 895 7871 7872 7723 7722 3468 3467 7873
1457 21 2 1 1 957 1450 1258 7874 7875 7817 7816 6763 6762 7876
1458 21 2 1 1 814 1435 21 7877 7878 7134 7133 5662 5661 7879
1459 21 2 1 1 1096 1376 1161 5360 5359 7880 7881 4998 4997 7882
1460 21 2 1 1 937 1389 1048 3614 3613 7883 7884 4896 4895 7885
1461 21 2 1 1 849 1158 80 7010 7009 6150 6149 6054 6053 7886
1462 21 2 1 1 702 1467 1367 3313 3312 7067 7066 2683 2682 7887
1463 21 2 1 1 48 1423 843 7081 7080 7888 7889 5795 5794 7890
1464 21 2 1 1 908 1423 49 7891 7892 7079 7078 5802 5801 7893
1465 21 2 1 1 738 1261 752 7520 7519 4776 4775 6468 6467 7894
1466 21 2 1 1 927 1095 932 7354 7353 7573 7572 7049 7048 7895
1467 21 2 1 1 1239 1317 846 4226 4225 7896 7897 7898 7899 7900
1468 21 2 1 1 1253 1448 696 7583 7582 7901 7902 4255 4254 7903
1469 21 2 1 1 1232 1359 1122 7904 7905 6505 6504 7106 7105 7906
1470 21 2 1 1 7 1301 949 5981 5980 6995 6994 6223 6222 7907
1471 21 2 1 1 1411 1458 780 3600 3599 4017 4016 3624 3623 7908
1472 21 2 1 1 1235 1236 1194 7909 7910 6846 6845 7911 7912 7913
1473 21 2 1 1 1315 1387 34 7914 7915 6784 6783 6264 6263 7916
1474 21 2 1 1 1349 1436 1285 7917 7918 7919 7920 7627 7626 7921
1475 21 2 1 1 981 1308 1105 7922 7923 7924 7925 7926 7927 7928
1476 21 2 1 1 1160 1309 76 4076 4075 6022 6021 6162 6161 7929
1477 21 2 1 1 1136 1153 921 5128 5127 7930 7931 7932 7933 7934
1478 21 2 1 1 61 1375 842 6827 6826 7935 7936 5891 5890 7937
1479 21 2 1 1 877 1415 962 3788 3787 7938 7939 2562 2561 7940
1480 21 2 1 1 788 1477 763 7941 7942 7943 7944 6319 6318 7945
1481 21 2 1 1 1262 1263 713 5733 5732 2271 2270 7432 7431 7946
1482 21 2 1 1 752 1247 733 7947 7948 7792 7791 6470 6469 7949
1483 21 2 1 1 1281 1397 1284 4599 4598 7950 7951 7952 7953 7954
1484 21 2 1 1 1182 1323 1148 7955 7956 7303 7302 5574 5573 7957
1485 21 2 1 1 912 1364 1136 7656 7655 3972 3971 7342 7341 7958
1486 21 2 1 1 703 1384 74 2998 2997 6704 6703 5916 5915 7959
1487 21 2 1 1 1106 1107 911 3969 3968 6520 6519 7665 7664 7960
1488 21 2 1 1 1073 1078 1077 7961 7962 7963 7964 7064 7063 7965
1489 21 2 1 1 1042 1162 1038 7753 7752 6910 6909 7325 7324 7966
1490 21 2 1 1 884 1310 886 7725 7724 7967 7968 5221 5220 7969
1491 21 2 1 1 72 1336 888 6342 6341 2628 2627 6125 6124 7970
1492 21 2 1 1 1151 1313 82 4295 4294 6099 6098 6177 6176 7971
1493 21 2 1 1 84 1149 882 6032 6031 7972 7973 6306 6305 7974
1494 21 2 1 1 1113 1114 1112 1532 1531 1544 1543 7679 7678 7975
1495 21 2 1 1 755 1357 474 3954 3953 6971 6970 5747 5746 7976
1496 21 2 1 1 26 1314 813 6109 6108 5428 5427 6238 6237 7977
1497 21 2 1 1 91 1145 873 6122 6121 7978 7979 6301 6300 7980
1498 21 2 1 1 1284 1345 1342 7981 7982 4679 4678 7730 7729 7983
1499 21 2 1 1 783 1477 1291 7443 7442 7984 7985 4089 4088 7986
1500 21 2 1 1 720 1358 717 7987 7988 7989 7990 4436 4435 7991
1501 21 2 1 1 1100 1322 1251 6284 6283 7270 7269 4803 4802 7992
1502 21 2 1 1 1116 1117 905 1579 1578 5953 5952 7697 7696 7993
1503 21 2 1 1 1046 1372 1329 7994 7995 7996 7997 1702 1701 7998
1504 21 2 1 1 1293 1294 835 6540 6539 1601 1600 7741 7740 7999
1505 21 2 1 1 724 1259 714 7438 7437 7435 7434 6371 6370 8000
1506 21 2 1 1 773 1298 859 4908 4907 5513 5512 7643 7642 8001
1507 21 2 1 1 79 1158 1155 6152 6151 7109 7108 6244 6243 8002
1508 21 2 1 1 1366 1469 858 8003 8004 1655 1654 3342 3341 8005
1509 21 2 1 1 1248 1249 734 7468 7467 8006 8007 3037 3036 8008
1510 21 2 1 1 813 1316 25 6939 6938 6145 6144 6240 6239 8009
1511 21 2 1 1 1314 1484 1132 8010 8011 8012 8013 5430 5429 8014
1512 21 2 1 1 20 1435 952 7136 7135 8015 8016 5958 5957 8017
1513 21 2 1 1 774 1428 819 7692 7691 8018 8019 6623 6622 8020
1514 21 2 1 1 1063 1471 1070 6155 6154 4353 4352 3853 3852 8021
1515 21 2 1 1 913 1136 921 7344 7343 7933 7932 7129 7128 8022
1516 21 2 1 1 5 1154 936 6207 6206 4135 4134 6218 6217 8023
1517 21 2 1 1 949 1154 6 8024 8025 6205 6204 6225 6224 8026
1518 21 2 1 1 1115 1405 960 7802 7801 7391 7390 1737 1736 8027
1519 21 2 1 1 1121 1122 919 6484 6483 6507 6506 7596 7595 8028
1520 21 2 1 1 1329 1372 771 7997 7996 8029 8030 4674 4673 8031
1521 21 2 1 1 93 1390 719 6958 6957 4886 4885 5721 5720 8032
1522 21 2 1 1 958 1094 1085 8033 8034 4822 4821 5292 5291 8035
1523 21 2 1 1 880 1160 77 7557 7556 6160 6159 6278 6277 8036
1524 21 2 1 1 1180 1306 87 7560 7559 6007 6006 6351 6350 8037
1525 21 2 1 1 1051 1479 1238 3845 3844 4764 4763 7040 7039 8038
1526 21 2 1 1 1431 1432 737 7832 7831 3479 3478 7481 7480 8039
1527 21 2 1 1 944 1130 1129 6737 6736 4558 4557 7748 7747 8040
1528 21 2 1 1 882 1151 83 5034 5033 6175 6174 6308 6307 8041
1529 21 2 1 1 78 1155 880 6246 6245 8042 8043 6276 6275 8044
1530 21 2 1 1 898 1419 1096 2936 2935 6924 6923 4789 4788 8045
1531 21 2 1 1 1164 1165 1007 3966 3965 6945 6944 8046 8047 8048
1532 21 2 1 1 1101 1322 1321 8049 8050 4925 4924 7708 7707 8051
1533 21 2 1 1 1044 1062 1060 6447 6446 7362 7361 7580 7579 8052
1534 21 2 1 1 473 1357 1356 6973 6972 8053 8054 4620 4619 8055
1535 21 2 1 1 1267 1268 1012 1664 1663 8056 8057 7504 7503 8058
1536 21 2 1 1 121 731 120 8059 8060 8061 8062 390 391 8063
1537 21 2 1 1 1279 1299 500 5546 5545 5852 5851 6602 6601 8064
1538 21 2 1 1 73 1384 1336 6706 6705 8065 8066 6340 6339 8067
1539 21 2 1 1 1284 1307 1280 7734 7733 8068 8069 8070 8071 8072
1540 21 2 1 1 1067 1075 1072 8073 8074 4403 4402 5599 5598 8075
1541 21 2 1 1 1194 1388 1235 6820 6819 8076 8077 7912 7911 8078
1542 21 2 1 1 1209 1212 1211 6552 6551 4275 4274 7738 7737 8079
1543 21 2 1 1 128 730 127 8080 8081 8082 8083 404 405 8084
1544 21 2 1 1 717 1358 724 7990 7989 6042 6041 6369 6368 8085
1545 21 2 1 1 1286 1409 952 6901 6900 6254 6253 8086 8087 8088
1546 21 2 1 1 491 1339 750 6273 6272 2111 2110 6290 6289 8089
1547 21 2 1 1 1272 1339 492 8090 8091 6271 6270 6298 6297 8092
1548 21 2 1 1 1284 1397 1345 7951 7950 4706 4705 7982 7981 8093
1549 21 2 1 1 1161 1376 1374 7881 7880 6330 6329 7499 7498 8094
1550 21 2 1 1 1142 1143 776 1757 1756 7027 7026 7586 7585 8095
1551 21 2 1 1 1244 1414 710 8096 8097 7318 7317 7237 7236 8098
1552 21 2 1 1 1216 1332 755 3042 3041 4482 4481 7718 7717 8099
1553 21 2 1 1 991 1236 462 6848 6847 6423 6422 6251 6250 8100
1554 21 2 1 1 1025 1333 1171 7056 7055 7606 7605 6978 6977 8101
1555 21 2 1 1 1133 1134 928 2980 2979 6915 6914 7826 7825 8102
1556 21 2 1 1 873 1174 90 7396 7395 6450 6449 6303 6302 8103
1557 21 2 1 1 1375 1376 842 6332 6331 7076 7075 7936 7935 8104
1558 21 2 1 1 904 1350 907 8105 8106 8107 8108 4538 4537 8109
1559 21 2 1 1 463 1192 991 6465 6464 8110 8111 6249 6248 8112
1560 21 2 1 1 1097 1427 926 8113 8114 8115 8116 4771 4770 8117
1561 21 2 1 1 1333 1439 1013 7054 7053 4234 4233 6502 6501 8118
1562 21 2 1 1 1207 1417 1214 4979 4978 4830 4829 4416 4415 8119
1563 21 2 1 1 1004 1164 1007 7412 7411 8047 8046 7300 7299 8120
1564 21 2 1 1 1126 1400 1078 8121 8122 8123 8124 4901 4900 8125
1565 21 2 1 1 774 1355 1165 6621 6620 6983 6982 2872 2871 8126
1566 21 2 1 1 984 1365 496 2516 2515 6566 6565 6172 6171 8127
1567 21 2 1 1 765 1474 1256 5678 5677 7715 7714 3979 3978 8128
1568 21 2 1 1 1287 1417 1206 4832 4831 1802 1801 7765 7764 8129
1569 21 2 1 1 902 1351 904 8130 8131 8132 8133 4465 4464 8134
1570 21 2 1 1 1394 1400 727 6955 6954 8135 8136 4166 4165 8137
1571 21 2 1 1 948 1238 1144 7042 7041 7201 7200 1582 1581 8138
1572 21 2 1 1 962 1244 1181 8139 8140 6986 6985 5184 5183 8141
1573 21 2 1 1 750 1349 490 8142 8143 7119 7118 6292 6291 8144
1574 21 2 1 1 917 1347 920 8145 8146 8147 8148 4128 4127 8149
1575 21 2 1 1 1066 1453 1071 5392 5391 8150 8151 3783 3782 8152
1576 21 2 1 1 138 1184 1014 6396 6395 7633 7632 6412 6411 8153
1577 21 2 1 1 1110 1264 968 6379 6378 1849 1848 6420 6419 8154
1578 21 2 1 1 727 1400 1126 8136 8135 8122 8121 2294 2293 8155
1579 21 2 1 1 1036 1184 139 7661 7660 6394 6393 6475 6474 8156
1580 21 2 1 1 1200 1337 1218 7674 7673 5009 5008 8157 8158 8159
1581 21 2 1 1 843 1423 1264 7889 7888 8160 8161 6377 6376 8162
1582 21 2 1 1 1264 1423 908 8161 8160 7892 7891 1851 1850 8163
1583 21 2 1 1 754 1442 1159 8164 8165 8166 8167 6610 6609 8168
1584 21 2 1 1 1176 1179 1173 7368 7367 7603 7602 4045 4044 8169
1585 21 2 1 1 1014 1166 137 8170 8171 6488 6487 6414 6413 8172
1586 21 2 1 1 872 1180 88 6898 6897 6349 6348 6573 6572 8173
1587 21 2 1 1 819 1428 739 8019 8018 2836 2835 7289 7288 8174
1588 21 2 1 1 995 1360 997 8175 8176 8177 8178 4637 4636 8179
1589 21 2 1 1 949 1238 1154 7203 7202 4766 4765 8025 8024 8180
1590 21 2 1 1 1152 1446 1 4186 4185 4969 4968 7099 7098 8181
1591 21 2 1 1 1307 1308 981 8182 8183 7923 7922 8184 8185 8186
1592 21 2 1 1 493 1276 1272 6677 6676 2237 2236 6296 6295 8187
1593 21 2 1 1 89 1174 872 6452 6451 7538 7537 6571 6570 8188
1594 21 2 1 1 861 1444 1119 6747 6746 6112 6111 5050 5049 8189
1595 21 2 1 1 723 1429 753 6931 6930 2362 2361 6581 6580 8190
1596 21 2 1 1 1138 1466 1320 8191 8192 6528 6527 8193 8194 8195
1597 21 2 1 1 1149 1150 882 8196 8197 6750 6749 7973 7972 8198
1598 21 2 1 1 1138 1250 1080 7618 7617 4827 4826 8199 8200 8201
1599 21 2 1 1 921 1265 915 8202 8203 7308 7307 7131 7130 8204
1600 21 2 1 1 1155 1156 880 7254 7253 8205 8206 8043 8042 8207
1601 21 2 1 1 1192 1193 991 2228 2227 7091 7090 8111 8110 8208
1602 21 2 1 1 1286 1435 814 8209 8210 7878 7877 6963 6962 8211
1603 21 2 1 1 1200 1218 466 8158 8157 6594 6593 6480 6479 8212
1604 21 2 1 1 795 1485 1426 6639 6638 5404 5403 5947 5946 8213
1605 21 2 1 1 988 1369 990 7841 7840 8214 8215 3590 3589 8216
1606 21 2 1 1 1403 1404 1016 8217 8218 4421 4420 7489 7488 8219
1607 21 2 1 1 1146 1395 1147 7000 6999 3762 3761 7622 7621 8220
1608 21 2 1 1 696 1448 1353 7902 7901 6409 6408 4866 4865 8221
1609 21 2 1 1 1149 1414 1150 7320 7319 8222 8223 8197 8196 8224
1610 21 2 1 1 1166 1186 136 7780 7779 6584 6583 6490 6489 8225
1611 21 2 1 1 1000 1175 146 5455 5454 6680 6679 6434 6433 8226
1612 21 2 1 1 1081 1330 1059 5017 5016 6322 6321 7242 7241 8227
1613 21 2 1 1 2 1236 1235 6425 6424 7910 7909 6690 6689 8228
1614 21 2 1 1 981 1462 976 8229 8230 1971 1970 5579 5578 8231
1615 21 2 1 1 147 1228 1000 6698 6697 7427 7426 6432 6431 8232
1616 21 2 1 1 1095 1427 1399 8233 8234 8235 8236 8237 8238 8239
1617 21 2 1 1 1105 1434 979 8240 8241 8242 8243 8244 8245 8246
1618 21 2 1 1 1156 1491 880 8247 8248 7555 7554 8206 8205 8249
1619 21 2 1 1 1272 1340 1339 2235 2234 2107 2106 8091 8090 8250
1620 21 2 1 1 993 1192 464 2230 2229 6463 6462 6742 6741 8251
1621 21 2 1 1 1161 1373 897 7501 7500 7541 7540 5000 4999 8252
1622 21 2 1 1 1307 1342 1308 7732 7731 7384 7383 8183 8182 8253
1623 21 2 1 1 1210 1460 1202 7700 7699 5397 5396 2250 2249 8254
1624 21 2 1 1 952 1435 1286 8016 8015 8210 8209 8087 8086 8255
1625 21 2 1 1 735 1412 1252 3112 3111 4993 4992 8256 8257 8258
1626 21 2 1 1 972 974 973 2667 2666 7856 7855 7103 7102 8259
1627 21 2 1 1 1046 1187 132 2470 2469 6655 6654 6628 6627 8260
1628 21 2 1 1 945 1484 1359 8261 8262 4759 4758 8263 8264 8265
1629 21 2 1 1 962 1415 1414 7939 7938 8266 8267 8268 8269 8270
1630 21 2 1 1 1317 1416 846 8271 8272 6180 6179 7897 7896 8273
1631 21 2 1 1 1290 1467 701 7744 7743 2279 2278 2753 2752 8274
1632 21 2 1 1 135 1186 771 6586 6585 7829 7828 6709 6708 8275
1633 21 2 1 1 133 1372 1046 6781 6780 7995 7994 6626 6625 8276
1634 21 2 1 1 763 1477 759 7944 7943 7441 7440 4756 4755 8277
1635 21 2 1 1 936 1152 4 8278 8279 7097 7096 6220 6219 8280
1636 21 2 1 1 981 1398 1307 3605 3604 8281 8282 8185 8184 8283
1637 21 2 1 1 762 1358 720 8284 8285 7988 7987 7226 7225 8286
1638 21 2 1 1 1071 1453 1068 8151 8150 5239 5238 6872 6871 8287
1639 21 2 1 1 465 1218 993 6596 6595 3382 3381 6740 6739 8288
1640 21 2 1 1 841 1385 1379 7844 7843 8289 8290 6830 6829 8291
1641 21 2 1 1 1145 1146 873 1913 1912 7624 7623 7979 7978 8292
1642 21 2 1 1 1097 1347 1265 4863 4862 8293 8294 8295 8296 8297
1643 21 2 1 1 1246 1470 1245 8298 8299 8300 8301 5619 5618 8302
1644 21 2 1 1 1018 1386 1381 5742 5741 8303 8304 7460 7459 8305
1645 21 2 1 1 764 1402 1400 3828 3827 8306 8307 6953 6952 8308
1646 21 2 1 1 131 1187 1020 6657 6656 8309 8310 6758 6757 8311
1647 21 2 1 1 771 1372 134 8030 8029 6779 6778 6711 6710 8312
1648 21 2 1 1 1307 1398 1280 8282 8281 7526 7525 8069 8068 8313
1649 21 2 1 1 1014 1167 1166 7798 7797 7836 7835 8171 8170 8314
1650 21 2 1 1 1235 1388 992 8077 8076 2621 2620 8315 8316 8317
1651 21 2 1 1 1201 1337 1248 4798 4797 7672 7671 5472 5471 8318
1652 21 2 1 1 1108 1450 1263 8319 8320 8321 8322 5731 5730 8323
1653 21 2 1 1 853 1468 1317 4686 4685 8324 8325 4224 4223 8326
1654 21 2 1 1 859 1370 854 5511 5510 7449 7448 5315 5314 8327
1655 21 2 1 1 140 1243 1036 7018 7017 6753 6752 6473 6472 8328
1656 21 2 1 1 977 1397 1282 4708 4707 2855 2854 8329 8330 8331
1657 21 2 1 1 124 1224 1029 6771 6770 8332 8333 6774 6773 8334
1658 21 2 1 1 1239 1351 902 8335 8336 8131 8130 7169 7168 8337
1659 21 2 1 1 467 1249 1200 7086 7085 7466 7465 6478 6477 8338
1660 21 2 1 1 1308 1344 1105 8339 8340 8341 8342 7925 7924 8343
1661 21 2 1 1 1020 1191 130 2884 2883 6808 6807 6760 6759 8344
1662 21 2 1 1 1048 1389 1312 7884 7883 8345 8346 5669 5668 8347
1663 21 2 1 1 495 1365 983 6568 6567 2765 2764 7022 7021 8348
1664 21 2 1 1 145 1175 1001 6682 6681 1858 1857 6948 6947 8349
1665 21 2 1 1 1265 1347 917 8294 8293 8146 8145 7310 7309 8350
1666 21 2 1 1 501 1282 1279 7032 7031 2859 2858 6600 6599 8351
1667 21 2 1 1 1026 1360 995 2862 2861 8176 8175 7141 7140 8352
1668 21 2 1 1 1383 1445 815 8353 8354 8355 8356 4743 4742 8357
1669 21 2 1 1 1208 1443 1403 8358 8359 4615 4614 7487 7486 8360
1670 21 2 1 1 149 1229 1002 6668 6667 6359 6358 7003 7002 8361
1671 21 2 1 1 1393 1480 768 7162 7161 5896 5895 6727 6726 8362
1672 21 2 1 1 1058 1224 125 2799 2798 6769 6768 6891 6890 8363
1673 21 2 1 1 983 1276 494 8364 8365 6675 6674 7024 7023 8366
1674 21 2 1 1 1449 1456 741 8367 8368 3665 3664 7788 7787 8369
1675 21 2 1 1 1139 1396 890 6337 6336 1918 1917 7866 7865 8370
1676 21 2 1 1 752 1421 1247 4632 4631 3823 3822 7948 7947 8371
1677 21 2 1 1 1002 1228 148 7711 7710 6696 6695 7005 7004 8372
1678 21 2 1 1 1077 1402 1082 8373 8374 3826 3825 6165 6164 8375
1679 21 2 1 1 155 1235 992 6692 6691 8316 8315 7059 7058 8376
1680 21 2 1 1 111 1368 1065 6732 6731 7611 7610 7046 7045 8377
1681 21 2 1 1 1162 1442 754 7775 7774 8165 8164 6912 6911 8378
1682 21 2 1 1 992 1233 154 2625 2624 6720 6719 7061 7060 8379
1683 21 2 1 1 1029 1190 123 3367 3366 7035 7034 6776 6775 8380
1684 21 2 1 1 1291 1477 788 7985 7984 7942 7941 4062 4061 8381
1685 21 2 1 1 1414 1415 1150 8267 8266 4703 4702 8223 8222 8382
1686 21 2 1 1 1292 1367 706 4640 4639 7071 7070 4086 4085 8383
1687 21 2 1 1 1400 1402 1078 8307 8306 8384 8385 8124 8123 8386
1688 21 2 1 1 1386 1398 982 5740 5739 3603 3602 4398 4397 8387
1689 21 2 1 1 1132 1484 945 8013 8012 8262 8261 2427 2426 8388
1690 21 2 1 1 1101 1422 1322 8389 8390 4720 4719 8050 8049 8391
1691 21 2 1 1 150 1252 1229 7157 7156 3144 3143 6666 6665 8392
1692 21 2 1 1 1101 1368 112 7706 7705 6730 6729 7174 7173 8393
1693 21 2 1 1 1187 1188 1020 2468 2467 2886 2885 8310 8309 8394
1694 21 2 1 1 866 1469 1366 4627 4626 8004 8003 6966 6965 8395
1695 21 2 1 1 1379 1385 1378 8290 8289 7850 7849 8396 8397 8398
1696 21 2 1 1 852 1461 1363 2956 2955 8399 8400 5630 5629 8401
1697 21 2 1 1 864 1444 868 6114 6113 8402 8403 6560 6559 8404
1698 21 2 1 1 1058 1488 1335 8405 8406 8407 8408 6671 6670 8409
1699 21 2 1 1 1163 1440 881 5363 5362 6513 6512 2039 2038 8410
1700 21 2 1 1 715 1371 1370 2637 2636 8411 8412 7115 7114 8413
1701 21 2 1 1 1464 1465 507 8414 8415 7329 7328 5286 5285 8416
1702 21 2 1 1 737 1490 1480 4561 4560 8417 8418 7160 7159 8419
1703 21 2 1 1 1233 1234 153 5583 5582 7196 7195 6722 6721 8420
1704 21 2 1 1 815 1445 965 8356 8355 4964 4963 5438 5437 8421
1705 21 2 1 1 506 1465 978 7331 7330 3806 3805 6878 6877 8422
1706 21 2 1 1 907 1350 912 8108 8107 7658 7657 7223 7222 8423
1707 21 2 1 1 886 1418 889 8424 8425 8426 8427 5345 5344 8428
1708 21 2 1 1 1061 1483 117 5037 5036 7446 7445 6936 6935 8429
1709 21 2 1 1 920 1347 924 8148 8147 4861 4860 7147 7146 8430
1710 21 2 1 1 978 1451 505 4428 4427 7262 7261 6880 6879 8431
1711 21 2 1 1 945 1359 1232 8264 8263 7905 7904 5005 5004 8432
1712 21 2 1 1 983 1472 1276 2763 2762 4153 4152 8365 8364 8433
1713 21 2 1 1 997 1360 1003 8178 8177 2114 2113 7267 7266 8434
1714 21 2 1 1 118 1320 1061 7193 7192 6532 6531 6934 6933 8435
1715 21 2 1 1 1377 1379 1378 8436 8437 8397 8396 7229 7228 8438
1716 21 2 1 1 1091 1326 1325 5215 5214 6185 6184 5469 5468 8439
1717 21 2 1 1 1370 1371 716 8412 8411 3141 3140 7451 7450 8440
1718 21 2 1 1 1040 1331 1050 5950 5949 8441 8442 4106 4105 8443
1719 21 2 1 1 990 1369 1026 8215 8214 2030 2029 7139 7138 8444
1720 21 2 1 1 1281 1284 1280 7953 7952 8071 8070 1797 1796 8445
1721 21 2 1 1 504 1451 1420 7264 7263 8446 8447 7182 7181 8448
1722 21 2 1 1 1098 1257 1255 7379 7378 6663 6662 5134 5133 8449
1723 21 2 1 1 852 1418 1310 4001 4000 8450 8451 7872 7871 8452
1724 21 2 1 1 1097 1473 834 8453 8454 4664 4663 8455 8456 8457
1725 21 2 1 1 1224 1330 1029 2797 2796 5015 5014 8333 8332 8458
1726 21 2 1 1 1017 1318 1270 5334 5333 4310 4309 4645 4644 8459
1727 21 2 1 1 1092 1382 885 8460 8461 3515 3514 5830 5829 8462
1728 21 2 1 1 1481 1482 100 8463 8464 7407 7406 5350 5349 8465
1729 21 2 1 1 1399 1430 1095 8466 8467 7569 7568 8238 8237 8468
1730 21 2 1 1 1344 1455 1437 8469 8470 4914 4913 2700 2699 8471
1731 21 2 1 1 1312 1389 934 8346 8345 8472 8473 6547 6546 8474
1732 21 2 1 1 1382 1491 1156 8475 8476 8248 8247 6563 6562 8477
1733 21 2 1 1 977 1282 502 8330 8329 7030 7029 7278 7277 8478
1734 21 2 1 1 1343 1464 1455 8479 8480 7245 7244 8481 8482 8483
1735 21 2 1 1 962 1414 1244 8269 8268 8097 8096 8140 8139 8484
1736 21 2 1 1 1109 1450 1108 7819 7818 8320 8319 7388 7387 8485
1737 21 2 1 1 503 1420 977 7184 7183 3076 3075 7276 7275 8486
1738 21 2 1 1 750 1436 1349 3032 3031 7918 7917 8143 8142 8487
1739 21 2 1 1 762 1441 1358 5654 5653 6040 6039 8285 8284 8488
1740 21 2 1 1 1153 1473 921 4666 4665 8489 8490 7931 7930 8491
1741 21 2 1 1 858 1452 1185 3017 3016 4727 4726 4602 4601 8492
1742 21 2 1 1 1399 1427 834 8236 8235 8493 8494 2601 2600 8495
1743 21 2 1 1 469 1392 734 7422 7421 5644 5643 7415 7414 8496
1744 21 2 1 1 979 1434 1041 8243 8242 3276 3275 2442 2441 8497
1745 21 2 1 1 736 1243 141 3025 3024 7016 7015 7359 7358 8498
1746 21 2 1 1 1078 1402 1077 8385 8384 8374 8373 7964 7963 8499
1747 21 2 1 1 1048 1470 1246 3629 3628 8299 8298 3303 3302 8500
1748 21 2 1 1 772 1457 860 2257 2256 8501 8502 4349 4348 8503
1749 21 2 1 1 142 1408 736 7650 7649 6555 6554 7357 7356 8504
1750 21 2 1 1 889 1418 894 8427 8426 3999 3998 7535 7534 8505
1751 21 2 1 1 1191 1227 129 7484 7483 7512 7511 6810 6809 8506
1752 21 2 1 1 113 1422 1101 7687 7686 8390 8389 7172 7171 8507
1753 21 2 1 1 126 1488 1058 7509 7508 8406 8405 6889 6888 8508
1754 21 2 1 1 954 1379 1377 6537 6536 8437 8436 4284 4283 8509
1755 21 2 1 1 1219 1443 1208 5107 5106 8359 8358 4661 4660 8510
1756 21 2 1 1 1363 1461 848 8400 8399 3831 3830 7337 7336 8511
1757 21 2 1 1 734 1249 468 8007 8006 7084 7083 7417 7416 8512
1758 21 2 1 1 904 1351 1350 8133 8132 6057 6056 8106 8105 8513
1759 21 2 1 1 1356 1357 1237 8054 8053 3952 3951 3550 3549 8514
1760 21 2 1 1 1285 1436 1269 7920 7919 4468 4467 2085 2084 8515
1761 21 2 1 1 926 1427 1095 8116 8115 8234 8233 7352 7351 8516
1762 21 2 1 1 1319 1320 119 8517 8518 7191 7190 7376 7375 8519
1763 21 2 1 1 735 1252 151 8257 8256 7155 7154 7475 7474 8520
1764 21 2 1 1 1190 1230 122 8521 8522 7544 7543 7037 7036 8523
1765 21 2 1 1 1240 1493 690 8524 8525 8526 8527 7094 7093 8528
1766 21 2 1 1 958 1438 1094 5158 5157 7576 7575 8034 8033 8529
1767 21 2 1 1 860 1457 773 8502 8501 4904 4903 4694 4693 8530
1768 21 2 1 1 1159 1442 745 8167 8166 3007 3006 8531 8532 8533
1769 21 2 1 1 152 1234 735 7198 7197 3114 3113 7473 7472 8534
1770 21 2 1 1 1245 1470 1049 8301 8300 1889 1888 7593 7592 8535
1771 21 2 1 1 950 1484 1314 4761 4760 8011 8010 7847 7846 8536
1772 21 2 1 1 1075 1431 1393 2357 2356 7479 7478 6725 6724 8537
1773 21 2 1 1 745 1449 1159 8538 8539 6789 6788 8532 8531 8540
1774 21 2 1 1 1012 1492 1240 8541 8542 8543 8544 7296 7295 8545
1775 21 2 1 1 1344 1434 1105 4922 4921 8241 8240 8342 8341 8546
1776 21 2 1 1 1092 1491 1382 5649 5648 8476 8475 8461 8460 8547
1777 21 2 1 1 769 1422 114 4722 4721 7685 7684 7457 7456 8548
1778 21 2 1 1 1331 1446 1050 4971 4970 4184 4183 8442 8441 8549
1779 21 2 1 1 1381 1386 987 8304 8303 3536 3535 4329 4328 8550
1780 21 2 1 1 1335 1488 730 8408 8407 8551 8552 3439 3438 8553
1781 21 2 1 1 868 1444 863 8403 8402 6745 6744 7756 7755 8554
1782 21 2 1 1 690 1493 1242 8527 8526 4268 4267 7822 7821 8555
1783 21 2 1 1 936 1479 1152 4133 4132 4244 4243 8279 8278 8556
1784 21 2 1 1 99 1482 765 7409 7408 5674 5673 7669 7668 8557
1785 21 2 1 1 820 1463 1302 4528 4527 3896 3895 5376 5375 8558
1786 21 2 1 1 1310 1418 886 8451 8450 8425 8424 7968 7967 8559
1787 21 2 1 1 745 1456 1449 3061 3060 8368 8367 8539 8538 8560
1788 21 2 1 1 1391 1392 470 8561 8562 7420 7419 7349 7348 8563
1789 21 2 1 1 1263 1450 957 8322 8321 7875 7874 5097 5096 8564
1790 21 2 1 1 1099 1251 1104 4805 4804 6605 6604 8565 8566 8567
1791 21 2 1 1 1182 1324 1323 8568 8569 5381 5380 7956 7955 8570
1792 21 2 1 1 1268 1492 1012 8571 8572 8542 8541 8057 8056 8573
1793 21 2 1 1 1080 1466 1138 7152 7151 8192 8191 8200 8199 8574
1794 21 2 1 1 1222 1492 1268 8575 8576 8572 8571 4208 4207 8577
1795 21 2 1 1 846 1351 1239 6059 6058 8336 8335 7899 7898 8578
1796 21 2 1 1 1343 1455 1308 8482 8481 8579 8580 7382 7381 8581
1797 21 2 1 1 1265 1473 1097 8582 8583 8454 8453 8296 8295 8584
1798 21 2 1 1 1124 1387 1315 2931 2930 7915 7914 7144 7143 8585
1799 21 2 1 1 1308 1455 1344 8580 8579 8470 8469 8340 8339 8586
1800 21 2 1 1 731 1319 120 6401 6400 7374 7373 8062 8061 8587
1801 21 2 1 1 979 1462 1105 2078 2077 8588 8589 8245 8244 8590
1802 21 2 1 1 1389 1475 934 3612 3611 3906 3905 8473 8472 8591
1803 21 2 1 1 844 1416 1317 2521 2520 8272 8271 8592 8593 8594
1804 21 2 1 1 834 1427 1097 8494 8493 8114 8113 8456 8455 8595
1805 21 2 1 1 1104 1466 1099 7273 7272 7150 7149 8566 8565 8596
1806 21 2 1 1 730 1488 127 8552 8551 7507 7506 8083 8082 8597
1807 21 2 1 1 128 1227 730 7514 7513 3449 3448 8081 8080 8598
1808 21 2 1 1 994 1404 1403 3865 3864 8218 8217 7861 7860 8599
1809 21 2 1 1 121 1230 731 7546 7545 7126 7125 8060 8059 8600
1810 21 2 1 1 1407 1408 143 8601 8602 7648 7647 7551 7550 8603
1811 21 2 1 1 1105 1462 981 8589 8588 8230 8229 7927 7926 8604
1812 21 2 1 1 1091 1486 1079 5467 5466 6354 6353 4732 4731 8605
1813 21 2 1 1 921 1473 1265 8490 8489 8583 8582 8203 8202 8606
1814 21 2 1 1 1343 1465 1464 3808 3807 8415 8414 8480 8479 8607
1815 21 2 1 1 1317 1468 844 8325 8324 3696 3695 8593 8592 8608
1816 21 2 1 1 1336 1384 1093 8066 8065 2996 2995 3657 3656 8609
1817 21 2 1 1 1492 1493 1240 8610 8611 8525 8524 8544 8543 8612
1818 21 2 1 1 810 1445 1383 5246 5245 8354 8353 2336 2335 8613
1819 21 2 1 1 832 1430 1399 4433 4432 8467 8466 1568 1567 8614
1820 21 2 1 1 1182 1325 1324 4195 4194 7599 7598 8569 8568 8615
1821 21 2 1 1 1138 1320 1319 8194 8193 8518 8517 7616 7615 8616
1822 21 2 1 1 1480 1490 729 8418 8417 3940 3939 4050 4049 8617
1823 21 2 1 1 1328 1482 1481 7523 7522 8464 8463 1750 1749 8618
1824 21 2 1 1 1222 1493 1492 4270 4269 8611 8610 8576 8575 8619
1825 21 2 1 1 1210 1392 1391 5646 5645 8562 8561 7702 7701 8620
1826 21 2 1 1 1172 1408 1407 6557 6556 8602 8601 2961 2960 8621
1827 21 2 1 1 1420 1451 1345 8447 8446 4426 4425 3078 3077 8622
1828 21 2 1 1 1081 1230 1190 7853 7852 8522 8521 3365 3364 8623
1829 21 2 1 1 1 980 512 8624 8625 7771 7770 615 616 8626
1830 21 2 1 1 1 1434 980 3278 3277 4920 4919 8625 8624 8627
1831 21 2 1 1 97 1256 96 1898 1897 1964 1963 342 343 8628
1832 21 2 1 1 103 865 102 8629 8630 6838 6837 354 355 8631
1833 21 2 1 1 103 1084 865 7404 7403 2432 2431 8630 8629 8632
1834 21 2 1 1 109 1183 108 1937 1936 8633 8634 366 367 8635
1835 21 2 1 1 108 1183 1069 8634 8633 1882 1881 6919 6918 8636
1836 21 2 1 1 116 1104 115 2319 2318 2240 2239 380 381 8637
1837 21 2 1 1 498 984 497 8638 8639 6170 6169 585 586 8640
1838 21 2 1 1 689 984 498 1780 1779 8639 8638 5266 5265 8641
1839 21 2 1 1 510 1437 509 3654 3653 2219 2218 609 610 8642
1840 21 2 1 1 1128 1246 686 3125 3124 5617 5616 7206 7205 8643
1841 21 2 1 1 899 1239 900 1825 1824 7167 7166 4493 4492 8644
1842 21 2 1 1 933 941 935 1652 1651 6992 6991 3263 3262 8645
1843 21 2 1 1 1006 1053 1009 2209 2208 7454 7453 4079 4078 8646
1844 21 2 1 1 1015 1030 1021 1506 1505 7590 7589 4819 4818 8647
1845 21 2 1 1 1064 1075 1067 2359 2358 8074 8073 5464 5463 8648
1846 21 2 1 1 1072 1078 1073 2001 2000 7962 7961 5161 5160 8649
$EndElements
