$MeshFormat
2.2 0 8
$EndMeshFormat
$Nodes
1235
1 1 0 0
2 0.9997533 -3.498543e-05 0
3 0.9990134000000001 -0.0001398841 0
4 0.997781 -0.0003143904 0
5 0.9960575 -0.0005579769 0
6 0.9938442 -0.0008699747000000001 0
7 0.9911436 -0.001249551 0
8 0.9879584 -0.001695579 0
9 0.9842916 -0.00220686 0
10 0.9801469 -0.002781989 0
11 0.9755284 -0.003419365 0
12 0.9704404 -0.004117359 0
13 0.9648883 -0.004874101 0
14 0.9588774 -0.005687566 0
15 0.9524136 -0.006555737 0
16 0.9455034 -0.007476377 0
17 0.9381535 -0.00844721 0
18 0.9303712 -0.009465891000000001 0
19 0.9221641 -0.01052998 0
20 0.9135405 -0.01163695 0
21 0.9045087000000001 -0.01278429 0
22 0.8950777 -0.01396934 0
23 0.8852569 -0.01518951 0
24 0.8750558000000001 -0.01644214 0
25 0.8644845 -0.01772453 0
26 0.8535537 -0.01903398 0
27 0.8422739 -0.02036772 0
28 0.8306563 -0.02172309 0
29 0.8187124 -0.02309725 0
30 0.8064538999999999 -0.02448751 0
31 0.793893 -0.02589105 0
32 0.7810421 -0.02730503 0
33 0.7679139 -0.02872668 0
34 0.7545212 -0.03015313 0
35 0.7408773 -0.03158154 0
36 0.7269957 -0.03300894 0
37 0.7128901 -0.03443245 0
38 0.6985745 -0.03584905 0
39 0.6840628 -0.03725576 0
40 0.6693696 -0.03864942 0
41 0.6545091 -0.04002701 0
42 0.6394961 -0.04138529 0
43 0.6243455999999999 -0.04272101 0
44 0.6090723 -0.04403092 0
45 0.5936913 -0.04531165 0
46 0.5782179 -0.04655984 0
47 0.5626673 -0.04777199 0
48 0.5470549 -0.04894463 0
49 0.531396 -0.05007425 0
50 0.5157060999999999 -0.05115728 0
51 0.5000008 -0.05219014 0
52 0.4842954 -0.05316926 0
53 0.4686055 -0.05409108 0
54 0.4529467 -0.05495201 0
55 0.4373342 -0.05574857 0
56 0.4217836 -0.05647729 0
57 0.4063102 -0.05713477 0
58 0.3909292 -0.0577177 0
59 0.3756559 -0.05822293 0
60 0.3605053 -0.05864737 0
61 0.3454924 -0.05898812 0
62 0.3306319 -0.05924247 0
63 0.3159386 -0.05940786 0
64 0.3014269 -0.05948193 0
65 0.2871112 -0.0594626 0
66 0.2730056 -0.059348 0
67 0.259124 -0.0591365 0
68 0.2454802 -0.05882679 0
69 0.2320875 -0.05841779 0
70 0.2189592 -0.05790876 0
71 0.2061082 -0.05729925 0
72 0.1935473 -0.05658907 0
73 0.1812888 -0.05577839 0
74 0.1693449 -0.05486767 0
75 0.1577273 -0.05385765 0
76 0.1464474 -0.05274938 0
77 0.1355165 -0.0515442 0
78 0.1249452 -0.05024372 0
79 0.1147441 -0.04884978 0
80 0.1049232 -0.04736451 0
81 0.09549212 -0.04579021 0
82 0.08646031999999999 -0.04412942 0
83 0.07783660000000001 -0.04238483 0
84 0.06962952 -0.04055926 0
85 0.06184718 -0.03865567 0
86 0.05449721 -0.03667711 0
87 0.04758692 -0.03462668 0
88 0.04112309 -0.03250752 0
89 0.03511214 -0.03032277 0
90 0.02955997 -0.0280755 0
91 0.02447206 -0.02576878 0
92 0.01985344 -0.02340553 0
93 0.01570869 -0.02098859 0
94 0.01204184 -0.01852062 0
95 0.008856565 -0.01600414 0
96 0.006155997 -0.01344148 0
97 0.003942788 -0.01083471 0
98 0.002219111 -0.008185687000000001 0
99 0.0009866953 -0.00549606 0
100 0.0002467632 -0.002767267 0
101 0 1.911503e-39 0
102 0.0002467632 0.002767267 0
103 0.0009866953 0.00549606 0
104 0.002219111 0.008185687000000001 0
105 0.003942788 0.01083471 0
106 0.006155997 0.01344148 0
107 0.008856565 0.01600414 0
108 0.01204184 0.01852062 0
109 0.01570869 0.02098859 0
110 0.01985344 0.02340553 0
111 0.02447206 0.02576878 0
112 0.02955997 0.0280755 0
113 0.03511214 0.03032277 0
114 0.04112309 0.03250752 0
115 0.04758692 0.03462668 0
116 0.05449721 0.03667711 0
117 0.06184718 0.03865567 0
118 0.06962952 0.04055926 0
119 0.07783660000000001 0.04238483 0
120 0.08646031999999999 0.04412942 0
121 0.09549212 0.04579021 0
122 0.1049232 0.04736451 0
123 0.1147441 0.04884978 0
124 0.1249452 0.05024372 0
125 0.1355165 0.0515442 0
126 0.1464474 0.05274938 0
127 0.1577273 0.05385765 0
128 0.1693449 0.05486767 0
129 0.1812888 0.05577839 0
130 0.1935473 0.05658907 0
131 0.2061082 0.05729925 0
132 0.2189592 0.05790876 0
133 0.2320875 0.05841779 0
134 0.2454802 0.05882679 0
135 0.259124 0.0591365 0
136 0.2730056 0.059348 0
137 0.2871112 0.0594626 0
138 0.3014269 0.05948193 0
139 0.3159386 0.05940786 0
140 0.3306319 0.05924247 0
141 0.3454924 0.05898812 0
142 0.3605053 0.05864737 0
143 0.3756559 0.05822293 0
144 0.3909292 0.0577177 0
145 0.4063102 0.05713477 0
146 0.4217836 0.05647729 0
147 0.4373342 0.05574857 0
148 0.4529467 0.05495201 0
149 0.4686055 0.05409108 0
150 0.4842954 0.05316926 0
151 0.5000008 0.05219014 0
152 0.5157060999999999 0.05115728 0
153 0.531396 0.05007425 0
154 0.5470549 0.04894463 0
155 0.5626673 0.04777199 0
156 0.5782179 0.04655984 0
157 0.5936913 0.04531165 0
158 0.6090723 0.04403092 0
159 0.6243455999999999 0.04272101 0
160 0.6394961 0.04138529 0
161 0.6545091 0.04002701 0
162 0.6693696 0.03864942 0
163 0.6840628 0.03725576 0
164 0.6985745 0.03584905 0
165 0.7128901 0.03443245 0
166 0.7269957 0.03300894 0
167 0.7408773 0.03158154 0
168 0.7545212 0.03015313 0
169 0.7679139 0.02872668 0
170 0.7810421 0.02730503 0
171 0.793893 0.02589105 0
172 0.8064538999999999 0.02448751 0
173 0.8187124 0.02309725 0
174 0.8306563 0.02172309 0
175 0.8422739 0.02036772 0
176 0.8535537 0.01903398 0
177 0.8644845 0.01772453 0
178 0.8750558000000001 0.01644214 0
179 0.8852569 0.01518951 0
180 0.8950777 0.01396934 0
181 0.9045087000000001 0.01278429 0
182 0.9135405 0.01163695 0
183 0.9221641 0.01052998 0
184 0.9303712 0.009465891000000001 0
185 0.9381535 0.00844721 0
186 0.9455034 0.007476377 0
187 0.9524136 0.006555737 0
188 0.9588774 0.005687566 0
189 0.9648883 0.004874101 0
190 0.9704404 0.004117359 0
191 0.9755284 0.003419365 0
192 0.9801469 0.002781989 0
193 0.9842916 0.00220686 0
194 0.9879584 0.001695579 0
195 0.9911436 0.001249551 0
196 0.9938442 0.0008699747000000001 0
197 0.9960575 0.0005579769 0
198 0.997781 0.0003143904 0
199 0.9990134000000001 0.0001398841 0
200 0.9997533 3.498543e-05 0
201 4.5 0 0
202 0.9901592000875994 -0.001387591201634198 0
203 0.9803160723627401 -0.002758572508007811 0
204 0.9704706830114787 -0.004113217397771824 0
205 0.9606231146553563 -0.005451930253969376 0
206 0.9507734261476573 -0.006774954145060757 0
207 0.9409216805634706 -0.008082572350994827 0
208 0.9310679404528704 -0.0093750749982956 0
209 0.921212262708892 -0.01065271889796266 0
210 0.911354700768937 -0.01191574351313905 0
211 0.9014953048374605 -0.0131643710765504 0
212 0.8916341187942431 -0.01439878162860755 0
213 0.8817711936821686 -0.01561921929129124 0
214 0.8719065672211044 -0.01682582816073146 0
215 0.8620402810646384 -0.01801879011417245 0
216 0.8521723730783294 -0.01919826153338178 0
217 0.8423028707616574 -0.02036431697471589 0
218 0.8324318150816373 -0.02151714883076508 0
219 0.8225592276341759 -0.02265678854027948 0
220 0.8126851389898926 -0.02378334765696796 0
221 0.8028095763460125 -0.02489691148973527 0
222 0.7929325585568723 -0.02599749390485507 0
223 0.783054104712935 -0.0270851113459196 0
224 0.7731742374360937 -0.02815981355605571 0
225 0.7632929710395723 -0.02922157452865982 0
226 0.7534103198762545 -0.03027036815720658 0
227 0.7435262994260822 -0.03130617782441048 0
228 0.7336409164461322 -0.03232890212594189 0
229 0.7237541821484994 -0.03333847956118108 0
230 0.7138661065705363 -0.03433483414401801 0
231 0.7039766934517537 -0.03531782415982352 0
232 0.6940859492390962 -0.03628732914467302 0
233 0.6841938769145917 -0.03724318764816681 0
234 0.6743004758098128 -0.03818519319075793 0
235 0.6644057503903456 -0.0391131847976744 0
236 0.6545097015303387 -0.04002695489790985 0
237 0.6446123257157067 -0.04092623807994162 0
238 0.6347136209804478 -0.04181077313939812 0
239 0.6248135854734781 -0.04268028669863562 0
240 0.6149122164798396 -0.04353448123277922 0
241 0.6050095089519931 -0.04437301487639689 0
242 0.5951054589587826 -0.04519553987171686 0
243 0.5852000639211585 -0.04600170571808061 0
244 0.5752933178048037 -0.04679109291010981 0
245 0.5653852146887139 -0.04756326025856859 0
246 0.5554757513320703 -0.04831777095896053 0
247 0.5455649243905222 -0.04905415255367555 0
248 0.5356527306456604 -0.0497719000609694 0
249 0.5257391673346214 -0.05047047508088499 0
250 0.515824233110693 -0.05114931374665404 0
251 0.5059079282353847 -0.05180782589048812 0
252 0.4959902540755138 -0.05244538181272483 0
253 0.486071214471346 -0.05306132762399059 0
254 0.4761508159591623 -0.05365498308170338 0
255 0.4662290663679118 -0.05422561022422612 0
256 0.4563059768220587 -0.05477243853089293 0
257 0.446381562891308 -0.05529467620053151 0
258 0.4364558436336944 -0.05579148340355452 0
259 0.426528842385971 -0.05626197537192713 0
260 0.4166005874047811 -0.05670521919419151 0
261 0.4066711124824122 -0.05712023103383576 0
262 0.3967404579372745 -0.05750598050746555 0
263 0.3868086720587828 -0.05786140415977573 0
264 0.376875810656974 -0.05818537147206384 0
265 0.3669419378652753 -0.05847667072764323 0
266 0.3570071284602703 -0.05873403938664142 0
267 0.3470714688509985 -0.0589561578934967 0
268 0.3371350580920883 -0.0591416333622056 0
269 0.3271980092866986 -0.05928898028182971 0
270 0.3172604516225052 -0.05939662277579925 0
271 0.307322532499231 -0.05946288843363765 0
272 0.2973844200261604 -0.05948601876356256 0
273 0.2874463054446754 -0.05946414517356118 0
274 0.2775084063170558 -0.05939526326729931 0
275 0.2675709705041798 -0.05927721654253527 0
276 0.2576342801973633 -0.05910771479355054 0
277 0.2476986568624378 -0.05888430713170367 0
278 0.2377644682188686 -0.05860432131700253 0
279 0.2278321347476281 -0.05826488343807713 0
280 0.2179021382016113 -0.0578628876316177 0
281 0.2079750331026439 -0.05739493793993174 0
282 0.1980514615593867 -0.05685728137856264 0
283 0.1881321666731503 -0.05624582189552281 0
284 0.1782180146526068 -0.05555602506450277 0
285 0.1683100224773587 -0.05478282065151206 0
286 0.1584093908594348 -0.05392052360211143 0
287 0.1485175481142076 -0.0529627143781823 0
288 0.1386362123199336 -0.05190204638420801 0
289 0.1287674652078062 -0.05073009444982994 0
290 0.1189138719693209 -0.04943699025718992 0
291 0.109078626087469 -0.04801113396250174 0
292 0.09926577456388 -0.04643865728763859 0
293 0.0894805552366732 -0.04470266105083182 0
294 0.07972989225841325 -0.04278224305912855 0
295 0.07002321581720024 -0.04065087619379797 0
296 0.06037379162345947 -0.03827408584304179 0
297 0.05080109160905881 -0.03560556694641583 0
298 0.04133526513108167 -0.03258059977402715 0
299 0.03202621506329086 -0.02910448302051525 0
300 0.0229646231781157 -0.02502950958437809 0
301 0.01433710514589552 -0.02010840400170337 0
302 0.006599928641961397 -0.01389975818881608 0
303 0.001072429339778272 -0.005726556105170828 0
304 0.0005277630842711376 0.004033744164632313 0
305 0.005384610621463056 0.01260076446414999 0
306 0.01286553315103141 0.01910869139862415 0
307 0.02138029634626754 0.02422019215274378 0
308 0.03038224256531671 0.0284244214319419 0
309 0.03965536172807914 0.03199487705888 0
310 0.049097596293501 0.03509248022180859 0
311 0.05865378557170085 0.03781940161219319 0
312 0.06829113962210243 0.04024458437184374 0
313 0.07798868357194207 0.04241706576370315 0
314 0.08773225489193505 0.04437310178450807 0
315 0.0975118557139811 0.0461404413104926 0
316 0.1073201861624838 0.04774084964914269 0
317 0.1171517498581909 0.04919185658346826 0
318 0.127002314038244 0.05050781860223071 0
319 0.1368685530300119 0.05170068589088438 0
320 0.1467478001095435 0.05278062219581722 0
321 0.1566378973862544 0.05375627809513851 0
322 0.1665370679501628 0.0546351789921935 0
323 0.1764438366579406 0.05542389505598773 0
324 0.186356965648344 0.05612823248456088 0
325 0.19627540759041 0.05675336642777669 0
326 0.2061982713014437 0.05730392388731691 0
327 0.2161247936437883 0.0577840683728431 0
328 0.2260543156852355 0.05819761119524958 0
329 0.2359862681985765 0.05854801080193263 0
330 0.2459201572886103 0.05883842237831999 0
331 0.2558555521810154 0.0590717575992032 0
332 0.2657920763644021 0.05925072255522022 0
333 0.2757294005276417 0.05937780761972565 0
334 0.2856672358613201 0.05945532898075211 0
335 0.2956053286734412 0.05948546680455938 0
336 0.3055434562978414 0.0594702507067156 0
337 0.3154814230209952 0.05941157546525287 0
338 0.3254190567945439 0.05931121534455502 0
339 0.3353562066779071 0.05917085672290507 0
340 0.345292740405347 0.05899209514221035 0
341 0.355228542155721 0.05877643221661749 0
342 0.3651635104436246 0.05852527431734326 0
343 0.3750975567333981 0.05823995514974721 0
344 0.3850306041501861 0.0579217457455616 0
345 0.3949625868958013 0.05757186674560387 0
346 0.4048934477561244 0.05719146715535609 0
347 0.4148231370378597 0.0567816172045764 0
348 0.4247516130468582 0.05634335301205085 0
349 0.4346788409793867 0.05587766953953421 0
350 0.4446047915600794 0.05538550627643148 0
351 0.4545294406934535 0.05486775822745572 0
352 0.4644527686618916 0.05432527460066984 0
353 0.4743747587109766 0.05375884411191407 0
354 0.4942488291294694 0.05255510396440223 0
355 0.5042008850523001 0.05191908174901688 0
356 0.5141515622461514 0.05126183949342419 0
357 0.5241008594956812 0.05058402673039097 0
358 0.5340487763886891 0.04988624636044391 0
359 0.5439953139386891 0.04916907099048879 0
360 0.5539404747109538 0.04843304884746888 0
361 0.563884261943558 0.04767869580164585 0
362 0.5738266791926349 0.04690649536671908 0
363 0.5837677295027022 0.04611689148980617 0
364 0.5937074182892904 0.04531032849477246 0
365 0.6036457522062204 0.04448723873234169 0
366 0.6135827340478353 0.04364798265185862 0
367 0.6235183674245046 0.04279290997184388 0
368 0.6334526575794251 0.04192237004659971 0
369 0.643385607494551 0.04103666837364828 0
370 0.65331721914007 0.04013608399295025 0
371 0.6632474943519548 0.03922088079258546 0
372 0.6731764366057252 0.03829132761022808 0
373 0.6831040459273916 0.03734764496442908 0
374 0.6930303175545662 0.03638999385321543 0
375 0.7029552517806248 0.03541857976646383 0
376 0.7128788463984712 0.03443357476771149 0
377 0.7228010947635957 0.03343509965384485 0
378 0.7327219930501894 0.03242329790044949 0
379 0.7426415319606335 0.03139825478251917 0
380 0.7525596996301995 0.03036002748294182 0
381 0.7624764893876317 0.02930872023593969 0
382 0.7723918863171235 0.02824435672682108 0
383 0.782305875379159 0.02716695846750646 0
384 0.7922184427473059 0.02607655752492042 0
385 0.8021295657598371 0.02497310540253017 0
386 0.81203922482816 0.02385658263968556 0
387 0.8219474010785078 0.02272697682854977 0
388 0.8318540678858268 0.02158420901141585 0
389 0.841759193677181 0.02042816035314548 0
390 0.851662757080608 0.01925880277574851 0
391 0.8615647172106878 0.01807594590572373 0
392 0.8714650455565209 0.01687950812825387 0
393 0.8813637047914804 0.01566933891760891 0
394 0.8912606525271575 0.01444525179267905 0
395 0.9011558507569994 0.01320710178373896 0
396 0.9110492484144599 0.01195464601255341 0
397 0.920940800669366 0.01068769835323165 0
398 0.9308304573087924 0.009406038007840062 0
399 0.9407181641847869 0.008109421687579348 0
400 0.950603864126405 0.006797592054412393 0
401 0.9604874937135184 0.005470254153380397 0
402 0.9703689896458992 0.004127124709620759 0
403 0.9802482920527025 0.002767955118315648 0
404 0.9901253178384075 0.001392339314478785 0
405 4.351669149391197 1.079187084628098 0
406 3.917677618185953 2.078335800141735 0
407 3.230212572874616 2.923343857112497 0
408 2.340260150924608 3.551540873609501 0
409 1.313824052210535 3.916336350729292 0
410 0.2270303465413165 3.990675076762157 0
411 -0.8395184486839438 3.769043688475282 0
412 -1.806721288459467 3.267879572041769 0
413 -2.60284516281768 2.524351777304211 0
414 -3.168845206021814 1.593604359384961 0
415 -3.462743784145325 0.5446665963849743 0
416 -3.462743784145321 -0.5446665963850015 0
417 -3.168845206021804 -1.593604359384984 0
418 -2.602845162817664 -2.524351777304231 0
419 -1.806721288459443 -3.267879572041786 0
420 -0.839518448683912 -3.769043688475294 0
421 0.2270303465413536 -3.990675076762159 0
422 1.313824052210565 -3.916336350729285 0
423 2.340260150924632 -3.551540873609489 0
424 3.23021257287463 -2.923343857112484 0
425 3.91767761818596 -2.078335800141725 0
426 4.351669149391199 -1.079187084628091 0
427 0.6433628277001715 -3.045653993644872 0
428 0.8590227039031602 -0.02627328875111792 0
429 0.7089836285844066 -0.04620837634392887 0
430 0.7146732837456281 2.994830515977666 0
431 0.8560589893620081 0.02934654354846379 0
432 0.708809022502156 0.04391007437738183 0
433 -1.501555652761399 2.32128316841427 0
434 -1.606421069146476 -2.222551652990318 0
435 2.951996989766654 -1.875480550566381 0
436 2.911729650342484 2.071055022975775 0
437 -2.519353566020913 -1.000884403974532e-14 0
438 3.719418367375712 -0.4607907427622939 0
439 3.43562233056273 -1.201477340746825 0
440 2.64934150279802 -1.14038142841953 0
441 2.682704711321118 -0.2319695593914699 0
442 2.107670239165239 -1.531637998065058 0
443 1.998001298566647 -0.9182501079894344 0
444 1.473929355748922 -1.460501037342308 0
445 0.2941070158251918 -0.07235660582632611 0
446 0.4020947051611582 -0.06556334202745465 0
447 0.512447260013576 -0.06434354433853215 0
448 1.429017234035403 -0.8335603163515236 0
449 1.635403097935896 -2.021307045304376 0
450 1.072522035199211 -1.785650272850328 0
451 1.024995223681916 -1.23657472654646 0
452 0.1822325333351202 -0.06472262375877999 0
453 0.6366197886129918 -1.543242996014077 0
454 0.637386073288703 -1.049861098288078 0
455 0.6098217016086984 -0.05174315828973042 0
456 0.2762487618016524 -1.274365993547357 0
457 0.1933591933214342 -0.9671474971939823 0
458 0.5091842460828322 -0.7251901658067487 0
459 -0.07899308209081529 -1.101760852133397 0
460 -0.205406921889649 -0.8161725768590756 0
461 0.1144456484528334 -0.05911483043679294 0
462 -0.4402436204958518 -1.001545764752056 0
463 -0.4450127929681465 -0.6535780874838407 0
464 -0.7486082499725768 -0.8468723055906405 0
465 -0.7287533878834094 -0.4972629028778074 0
466 -0.110518118320803 -1.577526441361783 0
467 -0.5218083005848195 -0.3103281758243319 0
468 -0.7440932530151878 -0.1655584446725533 0
469 -0.5239360285992551 0.03465655399930688 0
470 -0.7851050928034149 0.1561088676756803 0
471 -0.5379407257974957 0.3216259473799153 0
472 0.2015039435984147 0.06742648280268068 0
473 0.131005684231165 0.05959001373647897 0
474 -0.7949942886332311 0.490112568341853 0
475 -0.5117281805153027 0.6560074221835318 0
476 0.5604126701247334 0.05776977046850372 0
477 0.4390438376123226 0.0636143575924394 0
478 0.3411197952702073 0.07077676629144897 0
479 -0.2378597592428474 0.5019620951736964 0
480 -0.2021811116535054 0.800609830321403 0
481 0.1141796433836334 0.7255618664212357 0
482 0.07852003431350491 1.021392716642926 0
483 0.3252849520317402 0.8456563591529666 0
484 0.4067275611570373 1.160011410371617 0
485 0.7269471913211574 1.069270762809538 0
486 0.03988931570743082 1.417345176191969 0
487 0.6756668335915552 0.6650612558734281 0
488 0.8929082269990003 0.7762058117239793 0
489 1.015194877321483 1.162385986805954 0
490 1.272251552056763 0.9161608592256094 0
491 0.9364661053887346 0.4928466093786751 0
492 0.7782819351100674 0.03629142397189776 0
493 0.9580734499111619 0.01533007055153228 0
494 -0.5409534687176059 1.051907958700239 0
495 -1.08760156937676 -0.7465115291476706 0
496 0.7057032843561883 0.3828329222440297 0
497 0.6192910653972935 0.05182495719722414 0
498 0.6589297414065898 0.04811884199978182 0
499 0.5885608793263063 0.05362625663430821 0
500 1.408053717617578 1.341106401134541 0
501 1.70251158915826 0.98091728156137 0
502 1.756117900184189 0.589567281872125 0
503 -1.105943360301755 -0.01763917233220186 0
504 -0.7861946007330534 -1.290474693199107 0
505 2.132081178050084 0.7110382573142937 0
506 -0.2643977292154527 -0.127788354189366 0
507 0.05393501790046495 -0.04647025072013073 0
508 0.4255625529486264 1.630355153691711 0
509 0.000390420059310892 1.898229611550757 0
510 -0.2263928892800336 0.1998579424010958 0
511 0.06950552289982365 0.0527292631364534 0
512 0.05471799526369453 0.3641553466310713 0
513 0.2706339035550447 0.06877907899140001 0
514 -0.233609014614541 -0.455210135253633 0
515 0.04436387642483797 -0.5615524004085741 0
516 0.3931609440558658 0.5350649781471134 0
517 0.9131279876979097 -0.9025714901646414 0
518 0.9469799839388837 -0.01596062518447729 0
519 1.967266783889399 0.2962258859974499 0
520 1.649346691014187 0.132578056344459 0
521 1.857190395264476 -0.08873170835018471 0
522 1.607500955114073 -0.2719255544839989 0
523 1.301648106384081 0.004691536839056521 0
524 1.347296401537963 0.3916693803192601 0
525 1.869355161770679 1.496832728135995 0
526 1.464939753929092 1.896712666955156 0
527 0.5235114969638891 -2.170524796450242 0
528 2.112134874902239 2.152547605356795 0
529 2.550256342521556 0.339341690476034 0
530 2.618527197549788 0.8995078603075234 0
531 3.100446752026466 0.526345617129839 0
532 1.801650292014803 -0.4543451822713082 0
533 0.4803739727745399 2.171824844164708 0
534 -0.06364476045001527 2.541729164014218 0
535 -0.6963295895995454 2.138429383781554 0
536 3.307863375325572 1.200779786694472 0
537 1.47152629444371 2.578687529229052 0
538 1.161170704402544 -2.495457056067247 0
539 -0.1137268493431923 -2.593330238859913 0
540 1.750766471118553 -2.717504068894097 0
541 2.176454916679978 -0.3849663152055433 0
542 -0.8213154839856713 2.883597307298146 0
543 -1.142637279447687 1.628030533219833 0
544 -1.896264361276568 1.623261714863035 0
545 -1.428615940131638 0.9940840532874257 0
546 -2.159131181742753 0.8558852127646378 0
547 -1.815319540516024 0.2870038791019881 0
548 -1.974712761698291 -0.4540185864171306 0
549 -2.58683600454935 -0.9238390531549968 0
550 -1.905530845672337 -1.278485699151418 0
551 1.483393087982451 -0.4917331211480696 0
552 1.273762010658565 -0.3402619667153286 0
553 1.216265243005667 -0.5573674963075597 0
554 0.9992194988799532 -0.43353885003118 0
555 0.7800033512142057 -0.03751153902827621 0
556 0.8203923640835422 -0.03244082991621736 0
557 1.067987231590041 -0.2178096553075809 0
558 -0.484909683296305 1.53807493236494 0
559 2.336051586964267 -2.436802398925314 0
560 0.9285776631758478 1.678842542115801 0
561 0.1801069902181487 0.5144890556960503 0
562 0.2471287721267507 0.3196991998778735 0
563 0.1236241130438986 0.2320690771641627 0
564 -0.9535070725557235 -2.880048603685346 0
565 -0.7800078478589665 -2.193711583959568 0
566 -1.205662595111784 -1.684113315935735 0
567 -1.221357104388191 0.3970654085892151 0
568 0.7027553729852907 1.371399172329672 0
569 -0.1175744843931435 3.243759069521578 0
570 -1.224058134591558 -1.115048973928795 0
571 1.012018193613764 2.264179619688476 0
572 0.9763316390713179 -0.6639924224384455 0
573 0.8197750845118998 -0.5090081196132058 0
574 0.8629408407398811 -0.3333348572392393 0
575 0.7052589860568037 -0.3725985603994034 0
576 0.7267783881539824 -0.2275195638280218 0
577 0.659155011816219 -0.04709640431846713 0
578 0.6406323703890455 -0.04906159249362054 0
579 0.6806791541808916 -0.04533059075889893 0
580 0.6537759418625014 -0.5336457953433329 0
581 0.554919825847073 -0.38772199820757 0
582 0.6058290347789221 -0.2754539181774416 0
583 0.4610950015564056 -0.06379093683639088 0
584 0.4325118293610647 -0.06553190245153827 0
585 0.5594037377037832 -0.05759949587797014 0
586 0.4770295570315647 -0.3167684660654546 0
587 0.3422638899352218 -0.0676540795530894 0
588 0.5150824041601011 -0.2008240485720517 0
589 0.4234176799904318 -0.403244008447766 0
590 0.3461570488330276 -0.3269386287227731 0
591 0.2332413344547261 -0.06854850894246307 0
592 0.2812469737734213 -0.4188017127157816 0
593 0.199613505396633 -0.3197659035442284 0
594 0.278082854196591 -0.2055482936973382 0
595 0.4017221270413085 -0.2052558263707839 0
596 0.3751850898624648 -0.5716085908432629 0
597 0.7515968287525274 -0.7307115152757421 0
598 0.1208267627337491 -0.4423847177660609 0
599 0.06835440166717849 -0.3107661542598937 0
600 0.1361779735065838 -0.2060154801750085 0
601 0.2014877357921019 -0.5886658788685922 0
602 -0.06727526030060577 -0.4238409116345984 0
603 -0.0703980728935179 -0.2706647825143966 0
604 -0.2484988853076405 -0.2892792158974658 0
605 0.005008483155113264 -0.222962796871063 0
606 -0.07237089792228263 -0.1275871344621891 0
607 0.02320399576935883 -0.03462203574770677 0
608 0.06933466591585302 -0.1371042618625 0
609 0.08038572344844686 -0.05451151808508813 0
610 0.005127908962552552 -0.1523353079070679 0
611 0.03374510054365548 -0.1038227074079946 0
612 0.0780282142966035 -0.09653964000722563 0
613 0.1153967313407039 -0.1169151659482214 0
614 0.151627137422152 -0.06338352787882427 0
615 0.133408559910224 -0.06092928538947921 0
616 0.1094288073686331 -0.0885104976989342 0
617 0.1519313094288738 -0.1038287236728704 0
618 0.1495321341602692 -0.1437154495011372 0
619 0.1846635862159455 -0.1153537768555511 0
620 0.1868174954726646 -0.1626345801621133 0
621 0.2206611008613488 -0.1299155054901586 0
622 0.262860719589014 -0.06898281327827034 0
623 0.213319566885626 -0.1003845755758075 0
624 0.2031723357743903 -0.06729037962273945 0
625 0.2424854466308018 -0.09998660808857603 0
626 0.2585608415836591 -0.1299874852634165 0
627 0.2863534742451251 -0.1081130933140895 0
628 0.2951447680732948 -0.1386438686605898 0
629 0.3164852810294727 -0.1098258534362905 0
630 0.323503134581334 -0.07005548568402518 0
631 0.3303102795822264 -0.1436328303075875 0
632 0.3711236782185087 -0.06569342730442987 0
633 0.3539079924365538 -0.1138554880514427 0
634 0.3681688664971253 -0.1498747281269506 0
635 0.388535611548905 -0.1209175680092449 0
636 0.3427911343553434 -0.1858650853394034 0
637 0.2339680669520884 -0.1703332764560785 0
638 0.3757820968131589 -0.09566970493709955 0
639 0.4033070122793855 -0.09349491112330625 0
640 0.4200270890198062 -0.1191607746614156 0
641 0.4081518686305617 -0.156611845474169 0
642 0.4495408132497244 -0.1348313638587077 0
643 0.4660780451477888 -0.1091115510288992 0
644 0.4872402382202536 -0.1390536993128492 0
645 0.4991854769383876 -0.1048474277181572 0
646 0.522372569842032 -0.1305972411979469 0
647 0.4924594265626971 -0.06234106931960694 0
648 0.5332980954009274 -0.09721770615277718 0
649 0.5557421734269117 -0.1232960643503318 0
650 0.5413419588538594 -0.06124572910879131 0
651 0.5630353749066176 -0.09380593200595133 0
652 0.5841749641722694 -0.1145810920543713 0
653 0.5809303202230051 -0.05497589309842436 0
654 0.579458901502764 -0.1534176858374756 0
655 0.615804981776908 -0.1357816576455108 0
656 0.6319385412525043 -0.1005780545762274 0
657 0.6572501524379785 -0.126786305621863 0
658 0.664071104453834 -0.08919465783889455 0
659 0.6907624612919214 -0.1130152003464194 0
660 0.6966918448432085 -0.07838712612886999 0
661 0.740222242839067 -0.0416369456683347 0
662 0.721310323602237 -0.1003706166779016 0
663 0.6519592305308488 -0.1710846230377121 0
664 0.7252995432971729 -0.07193766420630107 0
665 0.7483702349947026 -0.09164015169977668 0
666 0.7458074785103579 -0.1260002898606438 0
667 0.7826042452923199 -0.1049032022695237 0
668 0.7780768060815721 -0.1535012652598605 0
669 0.8214810578868346 -0.1321538213821671 0
670 0.8976337427108354 -0.0223216139630909 0
671 0.9178519402840561 -0.02188306876453998 0
672 0.8226927686449852 -0.08618843275542595 0
673 0.861445341763126 -0.1117565907850123 0
674 0.8657622022875395 -0.1629883578184693 0
675 0.9152080237485906 -0.1285633537536806 0
676 0.9095805604639902 -0.07817590363298836 0
677 0.9465040708145095 -0.08869034971229904 0
678 0.9869129185023856 -0.009204047371460623 0
679 0.8596786531474834 -0.07451005204652614 0
680 0.9246968518138492 -0.1924467034751455 0
681 0.941119898240184 -0.05568433133783608 0
682 0.980491296801373 -0.06429770170540471 0
683 0.9894708630756064 -0.1106056422350693 0
684 1.023141522385023 -0.08070526479694894 0
685 0.787923702725476 -0.07060583697121223 0
686 0.798824199781578 -0.03400095101348137 0
687 0.7612305513801536 -0.06078930091065395 0
688 1.007131630235664 -0.04364787328774166 0
689 1.047134992492399 -0.04113641910687856 0
690 0.9649153091151679 -0.03890803903724564 0
691 0.9659893549244973 -0.01436185090180219 0
692 0.7592599273828859 -0.03830459830073393 0
693 0.8338676030081974 -0.05689659719973945 0
694 0.8370535862367061 -0.02997000668105276 0
695 0.4777529951132042 -0.089444319745055 0
696 0.4537793214598897 -0.08840327134606819 0
697 0.9132438021403735 -0.04830866295866419 0
698 0.6395286219380463 -0.07671356368915572 0
699 0.6176359806539156 -0.07979235474949241 0
700 0.3374225972987928 -0.09226452898447367 0
701 0.3569140210712662 -0.08418365755291121 0
702 0.512012378172589 -0.08319810214889875 0
703 0.6754754569916356 -0.06901722723337821 0
704 0.1711556448362094 -0.08924752843890184 0
705 1.046895433410458 -0.1370167415321761 0
706 0.9925517105659369 -0.1733061082566509 0
707 1.131333335357284 -0.1283726042774535 0
708 0.9761814121491048 -0.2735717614428583 0
709 0.3007849797580464 -0.08967633332675552 0
710 0.5463806444490898 -0.07676094148861205 0
711 1.077555717440194 -0.09089650139029405 0
712 1.105822025167168 -0.03768336103961576 0
713 1.0659744154783 0.01235693526016162 0
714 1.122564350136805 0.02138109515563329 0
715 1.070451129209487 0.08507638595161443 0
716 1.189790064079635 0.09818403929810951 0
717 1.08652297545313 0.19209667895012 0
718 0.9985378101395548 0.140905753081823 0
719 0.8977516398243943 0.02252720821064319 0
720 0.9274437132013504 0.02197798543569202 0
721 1.027230088981068 0.05794521861017455 0
722 0.9863781231755718 0.01063390244662889 0
723 0.9588747374852757 0.09115118775952316 0
724 0.9275356788515312 0.156259097426687 0
725 0.8168665386544498 0.03100778713367843 0
726 0.8415371629510289 0.03087600262805074 0
727 0.9763308384830141 0.22822664212906 0
728 0.8678459078249898 0.2179064593783947 0
729 0.8192860621794733 0.1406723884274456 0
730 0.7751881945323928 0.2015692312265664 0
731 0.7399511256836436 0.1423424480189681 0
732 0.7011298815157998 0.1903444393885014 0
733 0.4988964628206175 0.06195513725981771 0
734 0.4708493328491266 0.06166735124598614 0
735 0.517910980390084 0.06204447485745494 0
736 0.6706484427300957 0.1510119752098809 0
737 0.6360578185787048 0.1836335406666897 0
738 0.6093152378304884 0.1444431066918072 0
739 0.5760774567729886 0.176053433968579 0
740 0.5522194017290907 0.1285073616176687 0
741 0.5230704897273415 0.1750043751698862 0
742 0.3912027394612281 0.06811546600389183 0
743 0.3700007813170094 0.07058545279869917 0
744 0.4097069194892494 0.06732851974468769 0
745 0.5386197210883223 0.2478205890516359 0
746 0.4698993450580587 0.2176871446510393 0
747 0.4481079021170577 0.1518142938981249 0
748 0.396849749914244 0.2037400326555303 0
749 0.4182240756451731 0.2835985714027264 0
750 0.38008242337979 0.1413237760835084 0
751 0.3375726240000134 0.1667746993124487 0
752 0.7167118866591008 0.1015269681421087 0
753 0.7483853280976198 0.04443942331877774 0
754 0.7286880276267234 0.04201626095494142 0
755 0.3133877672614387 0.1316440542967133 0
756 0.3014326229087421 0.06911797106572302 0
757 0.2831873404469621 0.1661577498883732 0
758 0.6432483073549129 0.09588896110955335 0
759 0.7786687086356143 0.09638382502055633 0
760 0.8705911380360887 0.09136101277040963 0
761 0.2736957943302247 0.1174503281734255 0
762 0.2317406105285261 0.06608157964960827 0
763 0.236391081363683 0.1413298670866014 0
764 0.5770976781660681 0.09932166458707872 0
765 0.4192632006778853 0.1159808869327186 0
766 1.056232692054724 0.3333343239491935 0
767 0.3573067012377494 0.1053877330816307 0
768 0.6571612009548279 0.2711664217553328 0
769 0.2312656164882883 0.1070687344696501 0
770 0.1954050518232409 0.1316784815253691 0
771 0.160826332387564 0.06276865920981499 0
772 0.2093948551004939 0.1869285093521386 0
773 1.188083908673385 -0.02957724191394799 0
774 1.279293656841176 -0.142318124976244 0
775 0.4897547928673818 0.1183187108646305 0
776 0.5247817989834311 0.1014985937953468 0
777 0.3019137946954159 0.100814464318821 0
778 0.3198450822360559 0.06951988984363223 0
779 1.376020589527275 0.1695058596020381 0
780 0.8029645930944893 0.3051553941214835 0
781 0.5755898977880798 0.3437843371430388 0
782 1.036285404894734 -0.009905425617557301 0
783 1.025268089954007 0.01727831377576674 0
784 0.9119606760101053 0.3348580918601017 0
785 0.1952618588851545 0.09875788552451947 0
786 0.166453743278466 0.1099107369811162 0
787 0.2575959867271692 0.09358149478616226 0
788 0.2498076307993909 0.06857811013101944 0
789 0.8541797323656002 -0.04853284166302538 0
790 0.8749426028055154 -0.05078502991114833 0
791 0.8767104654398008 -0.02335677912315996 0
792 1.014002601129012 -0.02011866916864242 0
793 0.984679336543113 -0.03675486062658418 0
794 1.15748024419778 0.5286695305817336 0
795 0.2916213109552125 0.2285954966750342 0
796 0.6265125396130466 -0.06457412250614679 0
797 0.9253202579130104 -0.03407517025277523 0
798 0.1768903957149026 0.08533381513969328 0
799 0.2121082724851532 0.08038515109493594 0
800 0.1794184970225777 0.06834381665873154 0
801 0.1521654311924308 0.08816513040913641 0
802 0.1306555016771755 0.1114164127772147 0
803 0.1001466981371974 0.05558982014347376 0
804 0.1545565498377116 0.1535184804979281 0
805 0.09940392998761055 0.1563305336420621 0
806 0.04372249024883557 0.1992121955811231 0
807 0.03272051404690046 0.03891699694899955 0
808 0.02550997023444196 0.1220274082513179 0
809 -0.03398388163174643 0.1553132329659828 0
810 -0.05244002800964648 0.09448336549194246 0
811 0.0004473252429499364 0.02703449685338135 0
812 0.08984925153837525 0.1092194746208724 0
813 -0.006129426934431581 0.08512368343577933 0
814 -0.1112922159230881 0.1500071425418447 0
815 -0.1186868209172839 0.06058266881400766 0
816 -0.01010004339516696 -0.001266646860997695 0
817 -0.1025812010819298 0.2325649206523395 0
818 -0.07496251103251456 0.03575289047239048 0
819 -0.1313568769099389 -0.009533839155569065 0
820 -0.2131628642023242 0.06333492496594281 0
821 -0.07170020989788445 -0.059347379698964 0
822 0.1079313351197704 0.08552341209800261 0
823 0.1497858460441115 0.07098209815160594 0
824 -0.1417786542435098 -0.09278120407035725 0
825 -0.0237752793077512 -0.09302194298650289 0
826 0.004348653418569381 -0.02534260861845776 0
827 0.3185454599878187 -0.08351273930857304 0
828 0.3870610827858833 -0.07986829232319202 0
829 0.7067843808515619 -0.06139556644810742 0
830 0.05435156687485465 -0.07633625785710445 0
831 0.02206648667957539 -0.06816264180930186 0
832 -0.01586021347250283 -0.05537513609290209 0
833 -0.04189095218201916 -0.02934287986111247 0
834 0.2833330347941552 -0.0855668804540453 0
835 0.3056313848663084 -0.07616854937975165 0
836 0.3329796912394339 -0.07753523623835644 0
837 0.8180673383977568 -0.1887855914402021 0
838 0.4277251813380232 -0.09225414852430475 0
839 0.7307180093252508 -0.1690762129606793 0
840 0.09167207666498872 -0.07650122331130911 0
841 0.08403533116839118 0.0797289617204405 0
842 0.05478381863095144 0.08772814043405454 0
843 0.05038055407095554 0.04591504195402155 0
844 0.02766367180889479 0.06799905831768133 0
845 -0.0009693741648273968 0.05247290494963912 0
846 0.08539225482638596 0.05958373390531751 0
847 0.9866769369909081 0.05721730143692263 0
848 0.569937377760088 -0.05774581817985068 0
849 0.5779659653426681 -0.06633399554984951 0
850 0.5918390035991031 -0.06434431086439074 0
851 0.5843078365179437 -0.08234197958092883 0
852 0.563842150102001 -0.07178079889971321 0
853 0.5907691720616093 -0.05277903857009271 0
854 0.5302461843557956 -0.05826807100899063 0
855 0.5216057620566884 -0.0592769863272445 0
856 0.527127473195492 -0.07045577150869695 0
857 0.5001311492273068 -0.07185386195247086 0
858 0.4827314212648552 -0.06093333441454092 0
859 0.4838975285466096 -0.07291908551618374 0
860 0.471684118761354 -0.06253278378470001 0
861 -0.1492775851603916 -0.1850740647540053 0
862 0.9293533228654918 -0.02019083954605571 0
863 0.7290077570580558 -0.04253813614303939 0
864 0.7349415084805373 -0.05515769357855391 0
865 0.7207816385018611 -0.05327290303626446 0
866 0.6968675400831255 -0.05169861665190245 0
867 0.7192786625726718 -0.04193854584568637 0
868 -0.3631547698391274 0.1383930713356359 0
869 0.7491930648765456 -0.03895390366660865 0
870 0.8501418937420524 -0.03227914729254016 0
871 0.8100706828693152 -0.03458394017474303 0
872 0.8059936951786267 -0.04487479188600436 0
873 0.7901935284519929 -0.04614007006830413 0
874 0.7755404292947174 -0.0509927197274842 0
875 0.8877612993655325 -0.0235643885838048 0
876 0.8937515792901399 -0.03566911687213677 0
877 0.9091290327824922 -0.03100727061483519 0
878 0.6108514891676581 -0.1941172570797315 0
879 0.9074929442767563 -0.0200584135864311 0
880 0.1136237980341634 0.06966635348900661 0
881 0.361949628732847 -0.06874585192414996 0
882 0.3517166879848644 -0.06971149668753289 0
883 0.3821238737545063 -0.06665825761870083 0
884 0.9383748723370349 -0.01629816539777654 0
885 0.9435209916124334 -0.028485090579152 0
886 0.9584732813041021 -0.02360066922047159 0
887 0.124354624959312 -0.05823644803748353 0
888 0.1240504085995128 -0.07126903452976631 0
889 0.1400339169320407 -0.07030157528712654 0
890 -0.02978699933575563 0.05621014381196406 0
891 0.1921122619617868 -0.06655999430964479 0
892 0.1961751524194901 -0.07708666764310222 0
893 0.2125212407883647 -0.06602577601590937 0
894 0.9962836344897421 -0.009232810590394439 0
895 0.6526962602308694 -0.2290536327306808 0
896 0.976568729527046 -0.01197820487953306 0
897 0.2516802147488781 -0.06875563848440139 0
898 0.2559219731489364 -0.08192022448389862 0
899 0.2420827287706132 -0.07804630583093661 0
900 0.2424934806111048 -0.06656781634130146 0
901 0.5847927825341911 0.5010056744525114 0
902 0.2720352702998226 -0.06721447232619432 0
903 0.4145889699095936 -0.08092357790153985 0
904 0.8205984605867509 0.4115319006562647 0
905 0.2266783159096216 -0.08171928167966375 0
906 0.4866832702835651 0.29867685087903 0
907 0.4411685952581716 0.3866773971721009 0
908 0.2899160024408803 0.06930698162279389 0
909 0.2968810640862056 0.07958367532939316 0
910 0.310061464544869 0.07880892718571077 0
911 0.3264686363892722 0.083168546625269 0
912 0.279950614925006 0.08129663133354817 0
913 0.3470152027214667 0.0876150171776567 0
914 0.3562865975111776 0.07484212609896188 0
915 0.3677929130340313 0.08775192888393646 0
916 0.1424446749397116 -0.05989582986356407 0
917 0.3814486754725506 0.06749173841453415 0
918 0.3859512298347395 0.0818925299821314 0
919 0.401710661324893 0.07692980189696992 0
920 0.4200153489122406 0.07754084392411513 0
921 0.3860256381296567 0.1049364285385264 0
922 0.1631457567359919 -0.06458260039000152 0
923 0.1553415678287781 -0.07811820866563797 0
924 -0.04008702206790998 0.02270202985108704 0
925 0.01616053723384792 0.03912368480955233 0
926 0.3105304502249117 0.06778915151394084 0
927 0.2096195779837705 -0.2308533210579939 0
928 0.2803794314619786 0.06764316570964396 0
929 0.2397376662903366 0.06634025596767908 0
930 0.2352336646365793 0.07965515687751504 0
931 1.21458853730065 0.2835891260262065 0
932 0.1509718612838056 0.06023782716879793 0
933 0.2220006888072703 0.06805185882471214 0
934 0.5081356634701926 0.05995206646939209 0
935 0.5061980989506151 0.07085601432675648 0
936 0.4898607856351424 0.07298091237389226 0
937 0.5000159030644852 0.08910186897935556 0
938 0.4761703159395971 0.09014763361538437 0
939 0.4558866500294684 0.08029722668497104 0
940 0.4543382794037598 0.1082636053682785 0
941 0.5242677841030898 0.07874286070980768 0
942 0.5405715150912479 0.05936283193268354 0
943 0.5486181847234918 0.08648408759718205 0
944 0.571932378626725 0.07767672780906795 0
945 0.5958160399598025 0.08070024349687115 0
946 0.6105236716283106 0.1051718280810929 0
947 0.6209570812020677 0.08039481410508965 0
948 0.6400751156414395 0.04882826475145652 0
949 0.6438415891554626 0.07474698887730864 0
950 0.6660832460368296 0.08172502559235319 0
951 0.6789574944101459 0.04641704815048085 0
952 0.5737637724868906 0.06233730736437152 0
953 0.6682218823700796 0.04918053388728001 0
954 0.6748357279029584 0.06016867902796331 0
955 0.6900070898058379 0.05659800080886754 0
956 0.6580298210488351 0.06059231203000984 0
957 0.688786854466343 0.0442531925688827 0
958 0.629240752663295 0.05097617051165255 0
959 0.4368468147911687 0.09302288021384135 0
960 0.5294143239261762 0.06196204715620598 0
961 0.6843641303041064 0.07279114280504695 0
962 0.7044549018469243 0.07164236156271864 0
963 0.7285583235369226 0.0789492482696882 0
964 0.7226190128406405 0.06047028364051424 0
965 0.7449373768243271 0.06562149451404529 0
966 0.1699250356066724 0.06347868675564203 0
967 0.8200627242658829 -0.04681173296546968 0
968 0.8101617655092077 -0.06033592271286625 0
969 0.211587193967214 0.06619029699649774 0
970 0.4004952709854592 0.06542742430930189 0
971 0.4198833568675311 0.06454572393235425 0
972 0.1407925175143173 0.06193771782920476 0
973 0.4670507152492339 -0.07518588877571614 0
974 0.7454577535879422 -0.06841154801437024 0
975 0.4618910376705673 0.06498111998254529 0
976 0.4486257924865607 0.06624564581544753 0
977 0.4807990992628035 0.06300439572907915 0
978 0.4896201153696065 0.06073296186543826 0
979 0.6082361507193496 0.06435661452693887 0
980 0.9736438279097877 -0.02437778039056171 0
981 0.4670519091311706 -0.1782260906868458 0
982 0.7187199375398183 0.04267874655614608 0
983 0.6988353246337736 0.04451327506742062 0
984 0.7048880766162753 0.05487439336113458 0
985 0.3296417554735973 0.06838945496556205 0
986 0.1716195289734856 -0.07371153918328732 0
987 0.8680714298566496 -0.02651600185545754 0
988 0.8643226072585797 -0.03896896218374125 0
989 -0.8986733213574454 0.8046772870632081 0
990 0.5505118287344902 0.0696679340969117 0
991 0.5498863605200228 0.05688053126721133 0
992 0.1293753603872663 0.07633505983164421 0
993 0.06955192330228327 0.0678323034613558 0
994 0.4293404086684866 0.0656681119038756 0
995 3.761240862711127 0.3132735066107379 0
996 0.07428585546131944 -0.06924226204789169 0
997 0.09211614149255282 -0.05986416319807927 0
998 0.06538982559486517 -0.05364765528454443 0
999 0.1057654929433275 -0.0684248741703921 0
1000 0.6045132730512315 -0.09800280056998746 0
1001 0.240446523314346 -1.733128458870074 0
1002 -0.1385629101764213 -2.044758660765118 0
1003 -0.2219269827292962 1.165866122844295 0
1004 0.6005368331313338 -0.05347679088925631 0
1005 0.6097125881461051 -0.06338594543449216 0
1006 0.5519108831618551 -0.06495903135625387 0
1007 0.6875191107490948 -0.1521431498182541 0
1008 0.6707416916029586 -0.05112297176238679 0
1009 0.7377601882104938 0.04050877790526672 0
1010 0.7346528211313503 0.05167526890433415 0
1011 0.7628442023270748 0.0555444721044938 0
1012 0.7647663689499188 0.07525153130886932 0
1013 0.7852440277285695 0.06169647897972497 0
1014 0.7970220186893842 0.03316814094215511 0
1015 0.811566839241463 0.08970286351937588 0
1016 0.8122448858725715 0.05948527684145056 0
1017 0.8379959820351506 0.07452833238911731 0
1018 0.8080513323704437 0.03299686051638832 0
1019 0.8329667678023436 0.05136292855231905 0
1020 0.8617421095515212 0.05649715740170748 0
1021 0.879288083931403 0.02952979761533331 0
1022 0.8954885786063629 0.06731299467579474 0
1023 0.8840237537256748 0.04799163147508981 0
1024 0.8880704597518065 0.02371123596343563 0
1025 0.8670608267701259 0.03905879221628789 0
1026 0.907538125290696 0.04566286442763967 0
1027 0.7603159627613396 0.04103024017178532 0
1028 0.8295937842127001 -0.03866045882301728 0
1029 0.6493107136796019 0.04939759100491639 0
1030 -1.4775182763835 -0.6820503317828482 0
1031 0.5015023299982004 -0.06073706551742952 0
1032 1.679561636767293 -0.7582007144185268 0
1033 2.503163841798509 1.492077904330815 0
1034 1.188055971026348 -0.8439564361787301 0
1035 0.650341039168417 -0.04906268669215542 0
1036 0.6569314261725221 -0.06189153670335325 0
1037 2.555254509329503 2.659749513996748 0
1038 0.6200454361643651 -0.05285174405139673 0
1039 0.631626817234392 -0.05240148020823884 0
1040 0.05088425045902634 -0.7611575425170092 0
1041 0.8670875325661491 0.02657811748281251 0
1042 0.3323778396077177 -0.06756754267407508 0
1043 0.9566455871233619 -0.01362494624312857 0
1044 0.1991649217896943 0.2639477764395796 0
1045 0.3927366596552591 -0.06776505403083767 0
1046 0.6856878444379052 -0.0586390805054237 0
1047 0.5032965567290606 -0.524282111729736 0
1048 0.1725849911900911 -0.06383819384654595 0
1049 0.9294547001502029 0.06450716622567272 0
1050 0.9565834078852664 0.04574241474988939 0
1051 0.2807083106150792 -0.07072157106914799 0
1052 0.2738061480760829 -0.1648588991706761 0
1053 2.503903878039266 -0.6661681141562845 0
1054 0.8949071043476151 -0.05677026646729063 0
1055 0.2215361673185421 -0.0688788441083365 0
1056 0.7694173242835669 -0.0386166630968777 0
1057 0.6902156198526449 -0.04543878346434349 0
1058 0.7889324042024475 -0.03507036963117699 0
1059 0.4681810754814278 -0.2393558834098749 0
1060 0.7504434960863625 0.0994938103658166 0
1061 0.1215196877142237 0.06040138292187024 0
1062 0.1097824052708297 0.05890688947465542 0
1063 0.03738905522877256 0.05284260342072591 0
1064 0.05404268898586406 0.05939141811051304 0
1065 -0.01625857917433587 0.03636263896588772 0
1066 -0.01579808718929349 0.01697972950329119 0
1067 -0.03361941641192906 -0.003913595281851812 0
1068 -0.01633593132650352 -0.02253549678836909 0
1069 0.006228330291028761 -0.04464797957654749 0
1070 0.02976469206370785 -0.04858596961139954 0
1071 0.2600801910173003 0.07829216438014405 0
1072 0.1648352563280432 0.07317870105410403 0
1073 1.019035062883963 -0.001683831591144511 0
1074 0.627788437589212 0.06388390171491297 0
1075 0.3328762946875325 0.107198407325133 0
1076 2.294599251424074 -0.003266387300124839 0
1077 0.1926584660361999 0.07755933849643577 0
1078 0.3123473288630522 -0.06780365005188227 0
1079 0.5386767273156992 0.07124395229855818 0
1080 0.4075750665647108 0.09330708220591208 0
1081 0.7888662185373235 0.03385558340552734 0
1082 0.7945518931211273 0.04580741586201522 0
1083 -0.2072718392682606 -3.255750320285517 0
1084 0.9295766521949798 0.04112075392687736 0
1085 0.942529602331915 0.02883275108577463 0
1086 0.9774123486495689 0.03184504307201744 0
1087 0.9115069245422887 0.02978228453661256 0
1088 -0.003700138342265069 -0.01447915634788466 0
1089 0.7152234766957724 -0.1321210939327796 0
1090 -2.273431990226819 -1.847072764774201 0
1091 0.769376760116911 0.03633689107798055 0
1092 0.5459415897270049 -0.1549198013763211 0
1093 0.5096693004202524 -0.162514971866464 0
1094 0.8518731712874056 0.04142828486936579 0
1095 3.021489599546124 -0.6277592737503823 0
1096 1.443896696153992 0.6361337254302298 0
1097 0.2933552309444198 0.4128547878087068 0
1098 0.5989759582301292 0.05475675737245913 0
1099 0.6087463321201656 0.05181471009616449 0
1100 -0.4186099220302296 -1.330710275351106 0
1101 0.7507911539830083 -0.0501091033684731 0
1102 0.5967012190365847 0.2444916645170553 0
1103 0.327395161702895 0.306825721485616 0
1104 0.7685069578093726 -0.08015723018671064 0
1105 0.3390492521532 -0.2472029181332053 0
1106 0.5636556665313724 -0.2075268816383022 0
1107 0.8265957816965854 0.03371135680708599 0
1108 0.1077688599697485 -0.1586181797270093 0
1109 1.36034881114595 -1.093541472150264 0
1110 0.04149266761061399 0.04217328020153266 0
1111 0.7284294308907396 0.2702136817471828 0
1112 0.2902974643860247 -0.7548776133342987 0
1113 0.4116842707982888 -0.9154960047761965 0
1114 0.2604338707834307 0.06679436673139738 0
1115 0.4020232164442063 -0.07681854694686512 0
1116 0.4129091510453018 -0.06813101473516305 0
1117 0.4230050041661027 -0.06443589468298981 0
1118 0.4261697965561269 -0.07528789196005943 0
1119 0.4404410824358965 -0.07618642145141022 0
1120 0.442619138806875 -0.06535891025908065 0
1121 0.4531379574166098 -0.07230783504139777 0
1122 -1.505162416104665 -0.1387965210192086 0
1123 0.8401518137971471 0.1082942738524396 0
1124 0.2665164838477045 -0.09483818171423403 0
1125 1.120701449846805 -0.3348387141331584 0
1126 0.3033585364159888 -0.06705554249103204 0
1127 0.4519079274986514 -0.06230495937365875 0
1128 0.8739423484118662 0.1358519578417796 0
1129 0.6988258862422053 -0.04299018595293427 0
1130 0.4725762035644509 0.07217977327197636 0
1131 0.8852676890018052 -0.07170487855328021 0
1132 0.1041343367080125 -0.05637073181108093 0
1133 0.5792945587583457 0.05517966665812785 0
1134 0.5702363885012325 0.05397438713187359 0
1135 -0.2096834503828215 0.3513524358107696 0
1136 -0.4441023052088228 -0.141378641843528 0
1137 0.132317032520323 -0.08819757179548933 0
1138 0.3724923968960284 -0.07680319861008056 0
1139 0.8945087934056359 0.03422421476164967 0
1140 0.9093145302568879 0.1010739027833111 0
1141 0.7856467405879914 -0.2616973523417183 0
1142 -0.3300474784287854 -0.01397689294645636 0
1143 0.6409288024192449 -0.05895083038211176 0
1144 -0.2162536475617627 -0.03949164946967866 0
1145 0.6692948070911026 0.1139831532382315 0
1146 0.6420275284246293 0.1286269654028797 0
1147 0.4945959055996195 -0.08445255941615312 0
1148 -2.777248468021684 0.7578490989150388 0
1149 0.3594188775011089 0.06574459652867061 0
1150 0.3506894132028296 0.06595014922231297 0
1151 0.8416184196612964 -0.04178807013659753 0
1152 0.7777397626743623 0.1363059759363634 0
1153 1.494783157152437 -0.06335943976847785 0
1154 0.4375805293034027 0.07552095724332282 0
1155 0.6940815395440852 -0.2797012728222882 0
1156 0.1839387923765343 -0.0775026614405529 0
1157 0.1918911009426733 -0.09184248308499207 0
1158 0.5307829273050768 -0.2712751993451158 0
1159 0.6424619044205446 0.05890886965015364 0
1160 0.3040270368567077 -0.167709795435119 0
1161 0.4434300900430465 -0.1087522218838791 0
1162 0.9076999873796896 0.01938436930102161 0
1163 -0.8968230849584138 1.220758067220935 0
1164 0.06017473823008934 0.04721994183700498 0
1165 0.5510725130777748 -0.05611758830864737 0
1166 -2.5208668759761 1.470990432646377 0
1167 0.7019469558131105 0.1324651558251543 0
1168 1.459828441920944 3.220123818187868 0
1169 0.7678574565093107 -0.2001159971660964 0
1170 0.3062328739070245 0.6512385844237011 0
1171 -1.10817871051088 -0.374636483638715 0
1172 0.872215897662687 -0.2354707706262721 0
1173 -0.08308563916259099 0.3605045063130901 0
1174 -0.02902031353224449 0.5445471167594244 0
1175 0.5147626345855892 0.1362421092879523 0
1176 1.000494264625187 0.02915329655691837 0
1177 0.8283472709759971 -0.0294655924011957 0
1178 0.7734175270083932 0.04680971428345891 0
1179 0.9723244909277762 0.01556414980475448 0
1180 0.3442593775059158 -0.07826979980327273 0
1181 0.3476347965818178 0.1324713965982479 0
1182 0.2093276971483869 -0.07903257253293583 0
1183 -0.573259332371876 -1.686882495095402 0
1184 0.7693559489094034 0.538247362388148 0
1185 0.6904759879585289 0.09568896786093553 0
1186 -0.04911242852818704 -0.1945297504751701 0
1187 1.174615536858775 -0.2327202130819531 0
1188 1.008155839286994 -0.008647221889120203 0
1189 0.4110758190222442 0.1532147473924706 0
1190 3.14469421092089 -0.0167765565530135 0
1191 0.4752024814661297 0.6704857290897106 0
1192 0.6016017363936598 -0.07757347823985833 0
1193 0.915728134841431 0.01875739672782225 0
1194 0.1560184008551695 -0.2680068479881246 0
1195 -0.01676084158534558 0.1142369225362556 0
1196 -0.004711191900465261 0.01249461977585429 0
1197 0.9587278318116428 0.02782649693192277 0
1198 0.5837895410944367 0.8644485548368732 0
1199 -0.1426759771481796 -0.6119186090261218 0
1200 1.427746573549741 -0.2619196414184238 0
1201 1.340386975722813 -3.242162508602138 0
1202 0.5876092201948964 0.06506189455741219 0
1203 0.2756282020561072 -0.2915184629785534 0
1204 1.001707095238853 0.0875108652187729 0
1205 0.1734750388957747 0.3521556184726974 0
1206 0.9470534005739556 0.01741584605172168 0
1207 0.9377150675201601 0.01714840845372155 0
1208 0.100151970426123 0.06816652847181606 0
1209 1.674754762571576 -1.099281941052852 0
1210 0.4092594567551601 -0.2897942885249763 0
1211 0.06529538219617165 -0.1979670301337571 0
1212 0.8765966622848576 -0.03361500830369824 0
1213 0.06334636124005999 0.1388396701693151 0
1214 0.8146136313312253 0.0441076321132351 0
1215 0.6895344996365322 -0.1913936902830646 0
1216 0.04482581959832099 -0.05591618467985529 0
1217 0.8862360536249991 -0.09294215575429754 0
1218 1.589990843717834 0.3692800315942603 0
1219 2.186892835639788 1.126033920989426 0
1220 -0.4221694000139696 -0.4617984392756803 0
1221 0.9913175254766785 -0.02218774947355972 0
1222 -0.3526893637507129 0.3138216191882323 0
1223 0.03395549930077935 -0.03743748419005989 0
1224 0.04243623093390225 -0.04276600932031473 0
1225 0.09269576589237488 0.05142177428594798 0
1226 0.763815063570312 -0.04769026461204792 0
1227 2.027226253911585 2.956766820238359 0
1228 -0.07102990563662209 -0.009098050474206433 0
1229 0.4876526490852616 0.1592613776937274 0
1230 0.1912426559791893 0.06524224737403711 0
1231 0.5841301110113198 0.1298958203954454 0
1232 -0.4116446099688385 0.4685681115221531 0
1233 0.2702292987157853 -0.07820735722096508 0
1234 0.7238540934519136 0.04970409426243427 0
1235 0.7157780285901607 0.0503275184395222 0
$EndNodes
$Elements
2275
1 15 2 0 1 1
2 15 2 0 2 2
3 15 2 0 3 3
4 15 2 0 4 4
5 15 2 0 5 5
6 15 2 0 6 6
7 15 2 0 7 7
8 15 2 0 8 8
9 15 2 0 9 9
10 15 2 0 10 10
11 15 2 0 11 11
12 15 2 0 12 12
13 15 2 0 13 13
14 15 2 0 14 14
15 15 2 0 15 15
16 15 2 0 16 16
17 15 2 0 17 17
18 15 2 0 18 18
19 15 2 0 19 19
20 15 2 0 20 20
21 15 2 0 21 21
22 15 2 0 22 22
23 15 2 0 23 23
24 15 2 0 24 24
25 15 2 0 25 25
26 15 2 0 26 26
27 15 2 0 27 27
28 15 2 0 28 28
29 15 2 0 29 29
30 15 2 0 30 30
31 15 2 0 31 31
32 15 2 0 32 32
33 15 2 0 33 33
34 15 2 0 34 34
35 15 2 0 35 35
36 15 2 0 36 36
37 15 2 0 37 37
38 15 2 0 38 38
39 15 2 0 39 39
40 15 2 0 40 40
41 15 2 0 41 41
42 15 2 0 42 42
43 15 2 0 43 43
44 15 2 0 44 44
45 15 2 0 45 45
46 15 2 0 46 46
47 15 2 0 47 47
48 15 2 0 48 48
49 15 2 0 49 49
50 15 2 0 50 50
51 15 2 0 51 51
52 15 2 0 52 52
53 15 2 0 53 53
54 15 2 0 54 54
55 15 2 0 55 55
56 15 2 0 56 56
57 15 2 0 57 57
58 15 2 0 58 58
59 15 2 0 59 59
60 15 2 0 60 60
61 15 2 0 61 61
62 15 2 0 62 62
63 15 2 0 63 63
64 15 2 0 64 64
65 15 2 0 65 65
66 15 2 0 66 66
67 15 2 0 67 67
68 15 2 0 68 68
69 15 2 0 69 69
70 15 2 0 70 70
71 15 2 0 71 71
72 15 2 0 72 72
73 15 2 0 73 73
74 15 2 0 74 74
75 15 2 0 75 75
76 15 2 0 76 76
77 15 2 0 77 77
78 15 2 0 78 78
79 15 2 0 79 79
80 15 2 0 80 80
81 15 2 0 81 81
82 15 2 0 82 82
83 15 2 0 83 83
84 15 2 0 84 84
85 15 2 0 85 85
86 15 2 0 86 86
87 15 2 0 87 87
88 15 2 0 88 88
89 15 2 0 89 89
90 15 2 0 90 90
91 15 2 0 91 91
92 15 2 0 92 92
93 15 2 0 93 93
94 15 2 0 94 94
95 15 2 0 95 95
96 15 2 0 96 96
97 15 2 0 97 97
98 15 2 0 98 98
99 15 2 0 99 99
100 15 2 0 100 100
101 15 2 0 101 101
102 15 2 0 102 102
103 15 2 0 103 103
104 15 2 0 104 104
105 15 2 0 105 105
106 15 2 0 106 106
107 15 2 0 107 107
108 15 2 0 108 108
109 15 2 0 109 109
110 15 2 0 110 110
111 15 2 0 111 111
112 15 2 0 112 112
113 15 2 0 113 113
114 15 2 0 114 114
115 15 2 0 115 115
116 15 2 0 116 116
117 15 2 0 117 117
118 15 2 0 118 118
119 15 2 0 119 119
120 15 2 0 120 120
121 15 2 0 121 121
122 15 2 0 122 122
123 15 2 0 123 123
124 15 2 0 124 124
125 15 2 0 125 125
126 15 2 0 126 126
127 15 2 0 127 127
128 15 2 0 128 128
129 15 2 0 129 129
130 15 2 0 130 130
131 15 2 0 131 131
132 15 2 0 132 132
133 15 2 0 133 133
134 15 2 0 134 134
135 15 2 0 135 135
136 15 2 0 136 136
137 15 2 0 137 137
138 15 2 0 138 138
139 15 2 0 139 139
140 15 2 0 140 140
141 15 2 0 141 141
142 15 2 0 142 142
143 15 2 0 143 143
144 15 2 0 144 144
145 15 2 0 145 145
146 15 2 0 146 146
147 15 2 0 147 147
148 15 2 0 148 148
149 15 2 0 149 149
150 15 2 0 150 150
151 15 2 0 151 151
152 15 2 0 152 152
153 15 2 0 153 153
154 15 2 0 154 154
155 15 2 0 155 155
156 15 2 0 156 156
157 15 2 0 157 157
158 15 2 0 158 158
159 15 2 0 159 159
160 15 2 0 160 160
161 15 2 0 161 161
162 15 2 0 162 162
163 15 2 0 163 163
164 15 2 0 164 164
165 15 2 0 165 165
166 15 2 0 166 166
167 15 2 0 167 167
168 15 2 0 168 168
169 15 2 0 169 169
170 15 2 0 170 170
171 15 2 0 171 171
172 15 2 0 172 172
173 15 2 0 173 173
174 15 2 0 174 174
175 15 2 0 175 175
176 15 2 0 176 176
177 15 2 0 177 177
178 15 2 0 178 178
179 15 2 0 179 179
180 15 2 0 180 180
181 15 2 0 181 181
182 15 2 0 182 182
183 15 2 0 183 183
184 15 2 0 184 184
185 15 2 0 185 185
186 15 2 0 186 186
187 15 2 0 187 187
188 15 2 0 188 188
189 15 2 0 189 189
190 15 2 0 190 190
191 15 2 0 191 191
192 15 2 0 192 192
193 15 2 0 193 193
194 15 2 0 194 194
195 15 2 0 195 195
196 15 2 0 196 196
197 15 2 0 197 197
198 15 2 0 198 198
199 15 2 0 199 199
200 15 2 0 200 200
201 15 2 0 201 201
202 1 2 0 1 1 202
203 1 2 0 1 202 203
204 1 2 0 1 203 204
205 1 2 0 1 204 205
206 1 2 0 1 205 206
207 1 2 0 1 206 207
208 1 2 0 1 207 208
209 1 2 0 1 208 209
210 1 2 0 1 209 210
211 1 2 0 1 210 211
212 1 2 0 1 211 212
213 1 2 0 1 212 213
214 1 2 0 1 213 214
215 1 2 0 1 214 215
216 1 2 0 1 215 216
217 1 2 0 1 216 217
218 1 2 0 1 217 218
219 1 2 0 1 218 219
220 1 2 0 1 219 220
221 1 2 0 1 220 221
222 1 2 0 1 221 222
223 1 2 0 1 222 223
224 1 2 0 1 223 224
225 1 2 0 1 224 225
226 1 2 0 1 225 226
227 1 2 0 1 226 227
228 1 2 0 1 227 228
229 1 2 0 1 228 229
230 1 2 0 1 229 230
231 1 2 0 1 230 231
232 1 2 0 1 231 232
233 1 2 0 1 232 233
234 1 2 0 1 233 234
235 1 2 0 1 234 235
236 1 2 0 1 235 236
237 1 2 0 1 236 237
238 1 2 0 1 237 238
239 1 2 0 1 238 239
240 1 2 0 1 239 240
241 1 2 0 1 240 241
242 1 2 0 1 241 242
243 1 2 0 1 242 243
244 1 2 0 1 243 244
245 1 2 0 1 244 245
246 1 2 0 1 245 246
247 1 2 0 1 246 247
248 1 2 0 1 247 248
249 1 2 0 1 248 249
250 1 2 0 1 249 250
251 1 2 0 1 250 251
252 1 2 0 1 251 252
253 1 2 0 1 252 253
254 1 2 0 1 253 254
255 1 2 0 1 254 255
256 1 2 0 1 255 256
257 1 2 0 1 256 257
258 1 2 0 1 257 258
259 1 2 0 1 258 259
260 1 2 0 1 259 260
261 1 2 0 1 260 261
262 1 2 0 1 261 262
263 1 2 0 1 262 263
264 1 2 0 1 263 264
265 1 2 0 1 264 265
266 1 2 0 1 265 266
267 1 2 0 1 266 267
268 1 2 0 1 267 268
269 1 2 0 1 268 269
270 1 2 0 1 269 270
271 1 2 0 1 270 271
272 1 2 0 1 271 272
273 1 2 0 1 272 273
274 1 2 0 1 273 274
275 1 2 0 1 274 275
276 1 2 0 1 275 276
277 1 2 0 1 276 277
278 1 2 0 1 277 278
279 1 2 0 1 278 279
280 1 2 0 1 279 280
281 1 2 0 1 280 281
282 1 2 0 1 281 282
283 1 2 0 1 282 283
284 1 2 0 1 283 284
285 1 2 0 1 284 285
286 1 2 0 1 285 286
287 1 2 0 1 286 287
288 1 2 0 1 287 288
289 1 2 0 1 288 289
290 1 2 0 1 289 290
291 1 2 0 1 290 291
292 1 2 0 1 291 292
293 1 2 0 1 292 293
294 1 2 0 1 293 294
295 1 2 0 1 294 295
296 1 2 0 1 295 296
297 1 2 0 1 296 297
298 1 2 0 1 297 298
299 1 2 0 1 298 299
300 1 2 0 1 299 300
301 1 2 0 1 300 301
302 1 2 0 1 301 302
303 1 2 0 1 302 303
304 1 2 0 1 303 304
305 1 2 0 1 304 305
306 1 2 0 1 305 306
307 1 2 0 1 306 307
308 1 2 0 1 307 308
309 1 2 0 1 308 309
310 1 2 0 1 309 310
311 1 2 0 1 310 311
312 1 2 0 1 311 312
313 1 2 0 1 312 313
314 1 2 0 1 313 314
315 1 2 0 1 314 315
316 1 2 0 1 315 316
317 1 2 0 1 316 317
318 1 2 0 1 317 318
319 1 2 0 1 318 319
320 1 2 0 1 319 320
321 1 2 0 1 320 321
322 1 2 0 1 321 322
323 1 2 0 1 322 323
324 1 2 0 1 323 324
325 1 2 0 1 324 325
326 1 2 0 1 325 326
327 1 2 0 1 326 327
328 1 2 0 1 327 328
329 1 2 0 1 328 329
330 1 2 0 1 329 330
331 1 2 0 1 330 331
332 1 2 0 1 331 332
333 1 2 0 1 332 333
334 1 2 0 1 333 334
335 1 2 0 1 334 335
336 1 2 0 1 335 336
337 1 2 0 1 336 337
338 1 2 0 1 337 338
339 1 2 0 1 338 339
340 1 2 0 1 339 340
341 1 2 0 1 340 341
342 1 2 0 1 341 342
343 1 2 0 1 342 343
344 1 2 0 1 343 344
345 1 2 0 1 344 345
346 1 2 0 1 345 346
347 1 2 0 1 346 347
348 1 2 0 1 347 348
349 1 2 0 1 348 349
350 1 2 0 1 349 350
351 1 2 0 1 350 351
352 1 2 0 1 351 352
353 1 2 0 1 352 353
354 1 2 0 1 353 150
355 1 2 0 2 150 354
356 1 2 0 2 354 355
357 1 2 0 2 355 356
358 1 2 0 2 356 357
359 1 2 0 2 357 358
360 1 2 0 2 358 359
361 1 2 0 2 359 360
362 1 2 0 2 360 361
363 1 2 0 2 361 362
364 1 2 0 2 362 363
365 1 2 0 2 363 364
366 1 2 0 2 364 365
367 1 2 0 2 365 366
368 1 2 0 2 366 367
369 1 2 0 2 367 368
370 1 2 0 2 368 369
371 1 2 0 2 369 370
372 1 2 0 2 370 371
373 1 2 0 2 371 372
374 1 2 0 2 372 373
375 1 2 0 2 373 374
376 1 2 0 2 374 375
377 1 2 0 2 375 376
378 1 2 0 2 376 377
379 1 2 0 2 377 378
380 1 2 0 2 378 379
381 1 2 0 2 379 380
382 1 2 0 2 380 381
383 1 2 0 2 381 382
384 1 2 0 2 382 383
385 1 2 0 2 383 384
386 1 2 0 2 384 385
387 1 2 0 2 385 386
388 1 2 0 2 386 387
389 1 2 0 2 387 388
390 1 2 0 2 388 389
391 1 2 0 2 389 390
392 1 2 0 2 390 391
393 1 2 0 2 391 392
394 1 2 0 2 392 393
395 1 2 0 2 393 394
396 1 2 0 2 394 395
397 1 2 0 2 395 396
398 1 2 0 2 396 397
399 1 2 0 2 397 398
400 1 2 0 2 398 399
401 1 2 0 2 399 400
402 1 2 0 2 400 401
403 1 2 0 2 401 402
404 1 2 0 2 402 403
405 1 2 0 2 403 404
406 1 2 0 2 404 1
407 1 2 0 3 201 405
408 1 2 0 3 405 406
409 1 2 0 3 406 407
410 1 2 0 3 407 408
411 1 2 0 3 408 409
412 1 2 0 3 409 410
413 1 2 0 3 410 411
414 1 2 0 3 411 412
415 1 2 0 3 412 413
416 1 2 0 3 413 414
417 1 2 0 3 414 415
418 1 2 0 3 415 416
419 1 2 0 3 416 417
420 1 2 0 3 417 418
421 1 2 0 3 418 419
422 1 2 0 3 419 420
423 1 2 0 3 420 421
424 1 2 0 3 421 422
425 1 2 0 3 422 423
426 1 2 0 3 423 424
427 1 2 0 3 424 425
428 1 2 0 3 425 426
429 1 2 0 3 426 201
430 2 2 0 1 807 1063 925
431 2 2 0 1 757 795 772
432 2 2 0 1 554 574 573
433 2 2 0 1 451 517 454
434 2 2 0 1 512 806 563
435 2 2 0 1 447 856 855
436 2 2 0 1 943 944 764
437 2 2 0 1 854 856 650
438 2 2 0 1 740 943 764
439 2 2 0 1 650 856 710
440 2 2 0 1 575 582 581
441 2 2 0 1 574 1141 575
442 2 2 0 1 858 860 859
443 2 2 0 1 690 886 885
444 2 2 0 1 293 997 292
445 2 2 0 1 413 544 433
446 2 2 0 1 577 1036 1008
447 2 2 0 1 672 685 667
448 2 2 0 1 777 912 909
449 2 2 0 1 702 856 447
450 2 2 0 1 709 835 445
451 2 2 0 1 716 773 523
452 2 2 0 1 539 565 564
453 2 2 0 1 675 706 683
454 2 2 0 1 600 1211 599
455 2 2 0 1 753 1010 1009
456 2 2 0 1 679 693 672
457 2 2 0 1 1008 1036 703
458 2 2 0 1 1 1073 783
459 2 2 0 1 549 1090 550
460 2 2 0 1 747 940 775
461 2 2 0 1 788 1071 930
462 2 2 0 1 660 703 658
463 2 2 0 1 423 559 540
464 2 2 0 1 575 1155 582
465 2 2 0 1 761 777 755
466 2 2 0 1 447 857 702
467 2 2 0 1 574 575 573
468 2 2 0 1 1069 1070 607
469 2 2 0 1 1070 1223 607
470 2 2 0 1 862 885 884
471 2 2 0 1 443 541 532
472 2 2 0 1 433 543 535
473 2 2 0 1 431 1094 726
474 2 2 0 1 690 885 681
475 2 2 0 1 506 1136 604
476 2 2 0 1 1020 1023 1022
477 2 2 0 1 948 1159 958
478 2 2 0 1 440 443 442
479 2 2 0 1 434 566 550
480 2 2 0 1 595 981 641
481 2 2 0 1 664 829 660
482 2 2 0 1 901 907 781
483 2 2 0 1 554 708 574
484 2 2 0 1 710 1006 650
485 2 2 0 1 917 918 743
486 2 2 0 1 1036 1143 698
487 2 2 0 1 658 698 656
488 2 2 0 1 797 862 671
489 2 2 0 1 811 925 845
490 2 2 0 1 791 1212 875
491 2 2 0 1 296 998 295
492 2 2 0 1 761 912 777
493 2 2 0 1 1068 1069 826
494 2 2 0 1 461 888 887
495 2 2 0 1 632 1138 883
496 2 2 0 1 424 559 423
497 2 2 0 1 707 712 711
498 2 2 0 1 308 925 307
499 2 2 0 1 866 1046 829
500 2 2 0 1 582 1158 581
501 2 2 0 1 645 695 643
502 2 2 0 1 787 912 761
503 2 2 0 1 294 998 609
504 2 2 0 1 718 1204 715
505 2 2 0 1 713 782 689
506 2 2 0 1 534 542 535
507 2 2 0 1 812 822 802
508 2 2 0 1 510 820 814
509 2 2 0 1 681 697 676
510 2 2 0 1 508 560 533
511 2 2 0 1 595 641 634
512 2 2 0 1 671 877 797
513 2 2 0 1 768 1111 496
514 2 2 0 1 625 905 623
515 2 2 0 1 519 1218 520
516 2 2 0 1 963 1060 752
517 2 2 0 1 677 681 676
518 2 2 0 1 752 1060 731
519 2 2 0 1 658 1036 698
520 2 2 0 1 774 1153 523
521 2 2 0 1 715 1204 721
522 2 2 0 1 753 1027 1011
523 2 2 0 1 539 1002 565
524 2 2 0 1 445 834 709
525 2 2 0 1 474 567 470
526 2 2 0 1 1081 1082 492
527 2 2 0 1 745 1102 781
528 2 2 0 1 517 597 454
529 2 2 0 1 534 569 542
530 2 2 0 1 648 702 645
531 2 2 0 1 651 710 648
532 2 2 0 1 413 1166 544
533 2 2 0 1 444 451 450
534 2 2 0 1 1008 1046 579
535 2 2 0 1 440 1053 443
536 2 2 0 1 527 539 427
537 2 2 0 1 1141 1155 575
538 2 2 0 1 673 679 672
539 2 2 0 1 599 602 598
540 2 2 0 1 600 620 618
541 2 2 0 1 459 1040 460
542 2 2 0 1 748 1103 795
543 2 2 0 1 603 604 602
544 2 2 0 1 401 1179 493
545 2 2 0 1 735 935 934
546 2 2 0 1 1018 1082 1014
547 2 2 0 1 313 846 511
548 2 2 0 1 703 1036 658
549 2 2 0 1 476 952 944
550 2 2 0 1 463 1199 514
551 2 2 0 1 451 454 453
552 2 2 0 1 1005 1038 455
553 2 2 0 1 753 1011 965
554 2 2 0 1 443 1209 442
555 2 2 0 1 659 660 658
556 2 2 0 1 454 597 458
557 2 2 0 1 469 868 471
558 2 2 0 1 682 793 690
559 2 2 0 1 593 1194 599
560 2 2 0 1 314 1225 846
561 2 2 0 1 656 1000 655
562 2 2 0 1 437 547 546
563 2 2 0 1 552 1125 553
564 2 2 0 1 730 1152 729
565 2 2 0 1 435 559 424
566 2 2 0 1 806 1173 817
567 2 2 0 1 495 1171 1030
568 2 2 0 1 965 1010 753
569 2 2 0 1 457 1040 459
570 2 2 0 1 657 658 656
571 2 2 0 1 688 793 682
572 2 2 0 1 465 1220 467
573 2 2 0 1 910 911 777
574 2 2 0 1 523 1153 779
575 2 2 0 1 621 623 619
576 2 2 0 1 873 968 872
577 2 2 0 1 795 1044 772
578 2 2 0 1 685 874 687
579 2 2 0 1 826 1069 607
580 2 2 0 1 573 597 572
581 2 2 0 1 721 783 713
582 2 2 0 1 629 709 627
583 2 2 0 1 533 571 430
584 2 2 0 1 440 442 435
585 2 2 0 1 788 930 929
586 2 2 0 1 682 690 681
587 2 2 0 1 759 1015 729
588 2 2 0 1 849 852 851
589 2 2 0 1 883 1138 828
590 2 2 0 1 427 538 527
591 2 2 0 1 599 605 603
592 2 2 0 1 996 997 609
593 2 2 0 1 1019 1107 726
594 2 2 0 1 581 1158 586
595 2 2 0 1 551 1200 552
596 2 2 0 1 921 1080 765
597 2 2 0 1 662 664 660
598 2 2 0 1 439 440 435
599 2 2 0 1 633 700 629
600 2 2 0 1 776 943 740
601 2 2 0 1 619 704 617
602 2 2 0 1 635 638 633
603 2 2 0 1 470 567 503
604 2 2 0 1 765 940 747
605 2 2 0 1 496 781 768
606 2 2 0 1 860 973 859
607 2 2 0 1 703 1046 1008
608 2 2 0 1 576 1155 1141
609 2 2 0 1 445 1051 834
610 2 2 0 1 436 536 406
611 2 2 0 1 644 645 643
612 2 2 0 1 734 1130 975
613 2 2 0 1 630 1078 827
614 2 2 0 1 456 1113 457
615 2 2 0 1 707 773 712
616 2 2 0 1 1030 1171 1122
617 2 2 0 1 535 542 433
618 2 2 0 1 430 534 533
619 2 2 0 1 460 1199 463
620 2 2 0 1 714 773 716
621 2 2 0 1 757 761 755
622 2 2 0 1 669 672 667
623 2 2 0 1 552 553 551
624 2 2 0 1 444 1109 451
625 2 2 0 1 585 852 848
626 2 2 0 1 672 968 685
627 2 2 0 1 1086 1179 722
628 2 2 0 1 953 956 498
629 2 2 0 1 512 1173 806
630 2 2 0 1 416 437 415
631 2 2 0 1 488 1184 491
632 2 2 0 1 539 1083 427
633 2 2 0 1 646 648 645
634 2 2 0 1 520 1153 521
635 2 2 0 1 566 570 550
636 2 2 0 1 532 1032 443
637 2 2 0 1 427 1083 421
638 2 2 0 1 1107 1214 725
639 2 2 0 1 407 436 406
640 2 2 0 1 425 435 424
641 2 2 0 1 710 856 648
642 2 2 0 1 681 885 797
643 2 2 0 1 413 433 412
644 2 2 0 1 419 434 418
645 2 2 0 1 634 636 595
646 2 2 0 1 800 1072 966
647 2 2 0 1 501 1096 502
648 2 2 0 1 649 651 648
649 2 2 0 1 474 989 567
650 2 2 0 1 531 995 536
651 2 2 0 1 775 940 938
652 2 2 0 1 451 1034 517
653 2 2 0 1 481 1170 483
654 2 2 0 1 1039 1143 578
655 2 2 0 1 536 995 405
656 2 2 0 1 1024 1139 1021
657 2 2 0 1 781 1102 768
658 2 2 0 1 643 1161 642
659 2 2 0 1 516 907 901
660 2 2 0 1 826 1088 1068
661 2 2 0 1 930 933 762
662 2 2 0 1 201 438 426
663 2 2 0 1 454 1113 456
664 2 2 0 1 684 688 682
665 2 2 0 1 422 427 421
666 2 2 0 1 410 430 409
667 2 2 0 1 613 616 612
668 2 2 0 1 417 1090 549
669 2 2 0 1 502 1218 519
670 2 2 0 1 429 1129 866
671 2 2 0 1 642 1161 640
672 2 2 0 1 750 921 765
673 2 2 0 1 609 997 293
674 2 2 0 1 655 1000 652
675 2 2 0 1 927 1203 594
676 2 2 0 1 914 1149 743
677 2 2 0 1 491 794 488
678 2 2 0 1 488 794 490
679 2 2 0 1 875 1212 876
680 2 2 0 1 728 730 729
681 2 2 0 1 553 1125 554
682 2 2 0 1 599 1211 605
683 2 2 0 1 835 1126 445
684 2 2 0 1 520 1218 779
685 2 2 0 1 648 856 702
686 2 2 0 1 487 1184 488
687 2 2 0 1 731 1152 730
688 2 2 0 1 599 1194 600
689 2 2 0 1 429 866 829
690 2 2 0 1 911 985 478
691 2 2 0 1 1082 1178 492
692 2 2 0 1 944 990 476
693 2 2 0 1 958 1159 1074
694 2 2 0 1 652 851 651
695 2 2 0 1 717 727 718
696 2 2 0 1 488 1198 487
697 2 2 0 1 769 787 761
698 2 2 0 1 935 941 937
699 2 2 0 1 719 1162 1087
700 2 2 0 1 437 548 547
701 2 2 0 1 564 1083 539
702 2 2 0 1 743 915 914
703 2 2 0 1 611 831 825
704 2 2 0 1 871 967 556
705 2 2 0 1 976 1154 477
706 2 2 0 1 580 597 573
707 2 2 0 1 406 536 405
708 2 2 0 1 789 988 870
709 2 2 0 1 638 701 633
710 2 2 0 1 520 521 519
711 2 2 0 1 550 1090 434
712 2 2 0 1 458 1113 454
713 2 2 0 1 971 994 920
714 2 2 0 1 608 611 610
715 2 2 0 1 689 792 688
716 2 2 0 1 430 571 537
717 2 2 0 1 680 706 675
718 2 2 0 1 608 612 611
719 2 2 0 1 925 1063 844
720 2 2 0 1 695 973 696
721 2 2 0 1 947 949 758
722 2 2 0 1 621 625 623
723 2 2 0 1 491 784 766
724 2 2 0 1 732 1167 731
725 2 2 0 1 799 930 769
726 2 2 0 1 443 1053 541
727 2 2 0 1 956 1029 498
728 2 2 0 1 599 603 602
729 2 2 0 1 787 1071 912
730 2 2 0 1 899 905 625
731 2 2 0 1 818 890 810
732 2 2 0 1 775 937 776
733 2 2 0 1 680 1172 708
734 2 2 0 1 675 677 676
735 2 2 0 1 575 581 580
736 2 2 0 1 633 701 700
737 2 2 0 1 783 1176 1
738 2 2 0 1 1019 1094 1020
739 2 2 0 1 560 571 533
740 2 2 0 1 794 1096 490
741 2 2 0 1 626 1124 625
742 2 2 0 1 790 988 789
743 2 2 0 1 796 1038 1005
744 2 2 0 1 442 1209 444
745 2 2 0 1 463 1220 465
746 2 2 0 1 543 558 535
747 2 2 0 1 441 1190 529
748 2 2 0 1 781 906 745
749 2 2 0 1 618 1108 600
750 2 2 0 1 544 545 543
751 2 2 0 1 567 1122 503
752 2 2 0 1 731 1167 752
753 2 2 0 1 437 1148 415
754 2 2 0 1 823 932 771
755 2 2 0 1 685 968 873
756 2 2 0 1 1001 1002 527
757 2 2 0 1 735 960 941
758 2 2 0 1 749 1103 748
759 2 2 0 1 563 804 772
760 2 2 0 1 1025 1094 431
761 2 2 0 1 736 1167 732
762 2 2 0 1 707 774 773
763 2 2 0 1 604 1136 467
764 2 2 0 1 551 553 448
765 2 2 0 1 873 874 685
766 2 2 0 1 763 769 761
767 2 2 0 1 807 925 308
768 2 2 0 1 799 1077 472
769 2 2 0 1 567 989 545
770 2 2 0 1 472 969 799
771 2 2 0 1 808 844 842
772 2 2 0 1 779 1218 524
773 2 2 0 1 637 927 594
774 2 2 0 1 460 463 462
775 2 2 0 1 451 453 450
776 2 2 0 1 479 1174 480
777 2 2 0 1 564 565 434
778 2 2 0 1 639 828 638
779 2 2 0 1 959 1080 920
780 2 2 0 1 606 825 821
781 2 2 0 1 425 439 435
782 2 2 0 1 627 1124 626
783 2 2 0 1 829 865 429
784 2 2 0 1 698 796 699
785 2 2 0 1 735 941 935
786 2 2 0 1 419 564 434
787 2 2 0 1 729 1128 728
788 2 2 0 1 480 1174 481
789 2 2 0 1 979 1202 1098
790 2 2 0 1 695 696 643
791 2 2 0 1 751 1181 750
792 2 2 0 1 580 1047 458
793 2 2 0 1 467 1136 468
794 2 2 0 1 422 1201 427
795 2 2 0 1 430 1168 409
796 2 2 0 1 508 568 560
797 2 2 0 1 730 732 731
798 2 2 0 1 628 629 627
799 2 2 0 1 774 1200 1153
800 2 2 0 1 724 1140 723
801 2 2 0 1 679 1217 1131
802 2 2 0 1 506 861 824
803 2 2 0 1 521 1153 522
804 2 2 0 1 876 1212 790
805 2 2 0 1 438 439 426
806 2 2 0 1 712 713 689
807 2 2 0 1 930 1071 787
808 2 2 0 1 845 1065 811
809 2 2 0 1 403 1179 402
810 2 2 0 1 827 1078 835
811 2 2 0 1 490 1096 501
812 2 2 0 1 483 1198 484
813 2 2 0 1 829 1046 660
814 2 2 0 1 911 1075 777
815 2 2 0 1 554 573 572
816 2 2 0 1 546 547 545
817 2 2 0 1 786 798 785
818 2 2 0 1 527 1002 539
819 2 2 0 1 586 1210 589
820 2 2 0 1 631 633 629
821 2 2 0 1 779 1153 520
822 2 2 0 1 716 931 717
823 2 2 0 1 454 456 453
824 2 2 0 1 381 1027 380
825 2 2 0 1 677 682 681
826 2 2 0 1 469 471 470
827 2 2 0 1 545 1163 543
828 2 2 0 1 548 1122 547
829 2 2 0 1 950 956 954
830 2 2 0 1 549 550 548
831 2 2 0 1 416 549 437
832 2 2 0 1 457 459 456
833 2 2 0 1 889 1137 923
834 2 2 0 1 528 1033 436
835 2 2 0 1 1020 1022 760
836 2 2 0 1 813 844 808
837 2 2 0 1 623 1157 619
838 2 2 0 1 796 1143 1039
839 2 2 0 1 634 635 633
840 2 2 0 1 444 450 449
841 2 2 0 1 720 1207 1085
842 2 2 0 1 869 1101 692
843 2 2 0 1 433 542 412
844 2 2 0 1 989 1163 545
845 2 2 0 1 824 1144 506
846 2 2 0 1 590 1203 592
847 2 2 0 1 679 789 693
848 2 2 0 1 688 1221 793
849 2 2 0 1 946 947 758
850 2 2 0 1 805 812 802
851 2 2 0 1 541 1053 441
852 2 2 0 1 737 1146 736
853 2 2 0 1 589 1210 590
854 2 2 0 1 748 1189 747
855 2 2 0 1 669 673 672
856 2 2 0 1 461 999 888
857 2 2 0 1 775 938 937
858 2 2 0 1 547 567 545
859 2 2 0 1 1044 1205 563
860 2 2 0 1 1019 1214 1107
861 2 2 0 1 676 1217 675
862 2 2 0 1 496 1111 780
863 2 2 0 1 437 549 548
864 2 2 0 1 618 619 617
865 2 2 0 1 434 1090 418
866 2 2 0 1 502 519 505
867 2 2 0 1 738 1146 737
868 2 2 0 1 439 1095 440
869 2 2 0 1 471 1232 475
870 2 2 0 1 481 483 482
871 2 2 0 1 979 1099 497
872 2 2 0 1 797 885 862
873 2 2 0 1 769 930 787
874 2 2 0 1 529 1076 441
875 2 2 0 1 781 907 906
876 2 2 0 1 848 852 849
877 2 2 0 1 878 1106 582
878 2 2 0 1 507 998 296
879 2 2 0 1 815 818 810
880 2 2 0 1 765 959 940
881 2 2 0 1 542 569 411
882 2 2 0 1 636 1160 594
883 2 2 0 1 975 1130 939
884 2 2 0 1 523 779 716
885 2 2 0 1 467 468 465
886 2 2 0 1 522 1200 551
887 2 2 0 1 792 1221 688
888 2 2 0 1 261 1116 260
889 2 2 0 1 407 1037 436
890 2 2 0 1 962 964 963
891 2 2 0 1 652 1000 851
892 2 2 0 1 743 918 915
893 2 2 0 1 868 1222 471
894 2 2 0 1 466 1183 1002
895 2 2 0 1 536 1033 530
896 2 2 0 1 612 830 611
897 2 2 0 1 902 1233 1051
898 2 2 0 1 748 751 750
899 2 2 0 1 553 1034 448
900 2 2 0 1 525 1033 528
901 2 2 0 1 593 599 598
902 2 2 0 1 458 597 580
903 2 2 0 1 563 1205 512
904 2 2 0 1 522 551 532
905 2 2 0 1 782 792 689
906 2 2 0 1 433 544 543
907 2 2 0 1 514 1220 463
908 2 2 0 1 870 1151 789
909 2 2 0 1 881 882 701
910 2 2 0 1 657 659 658
911 2 2 0 1 659 662 660
912 2 2 0 1 896 1221 678
913 2 2 0 1 746 748 747
914 2 2 0 1 1053 1095 441
915 2 2 0 1 484 1198 485
916 2 2 0 1 1018 1214 1082
917 2 2 0 1 751 757 755
918 2 2 0 1 937 941 776
919 2 2 0 1 468 1136 469
920 2 2 0 1 467 1220 604
921 2 2 0 1 645 1147 695
922 2 2 0 1 1098 1202 499
923 2 2 0 1 792 1188 894
924 2 2 0 1 924 1228 1067
925 2 2 0 1 620 621 619
926 2 2 0 1 636 1105 595
927 2 2 0 1 964 1010 965
928 2 2 0 1 750 1189 748
929 2 2 0 1 592 1203 593
930 2 2 0 1 655 657 656
931 2 2 0 1 595 1059 981
932 2 2 0 1 747 1229 746
933 2 2 0 1 755 1181 751
934 2 2 0 1 1023 1025 1021
935 2 2 0 1 894 1221 792
936 2 2 0 1 775 1229 747
937 2 2 0 1 635 639 638
938 2 2 0 1 201 995 438
939 2 2 0 1 717 718 715
940 2 2 0 1 1066 1196 811
941 2 2 0 1 984 1235 964
942 2 2 0 1 954 956 953
943 2 2 0 1 845 925 844
944 2 2 0 1 698 699 656
945 2 2 0 1 696 1119 838
946 2 2 0 1 893 1182 1055
947 2 2 0 1 410 569 430
948 2 2 0 1 561 1174 512
949 2 2 0 1 1012 1060 965
950 2 2 0 1 675 1217 673
951 2 2 0 1 550 1030 548
952 2 2 0 1 1015 1123 729
953 2 2 0 1 770 785 769
954 2 2 0 1 563 805 804
955 2 2 0 1 681 797 697
956 2 2 0 1 602 604 514
957 2 2 0 1 726 1094 1019
958 2 2 0 1 812 1213 842
959 2 2 0 1 831 832 825
960 2 2 0 1 642 644 643
961 2 2 0 1 665 974 664
962 2 2 0 1 662 665 664
963 2 2 0 1 732 737 736
964 2 2 0 1 240 1038 239
965 2 2 0 1 604 861 506
966 2 2 0 1 1017 1020 760
967 2 2 0 1 851 852 651
968 2 2 0 1 436 1033 536
969 2 2 0 1 728 1128 724
970 2 2 0 1 814 817 510
971 2 2 0 1 965 1060 963
972 2 2 0 1 939 1154 976
973 2 2 0 1 949 956 950
974 2 2 0 1 758 1146 946
975 2 2 0 1 1087 1193 720
976 2 2 0 1 708 1172 574
977 2 2 0 1 460 462 459
978 2 2 0 1 1013 1016 1015
979 2 2 0 1 565 566 434
980 2 2 0 1 1013 1015 759
981 2 2 0 1 914 915 913
982 2 2 0 1 512 1205 561
983 2 2 0 1 997 1132 292
984 2 2 0 1 644 646 645
985 2 2 0 1 1011 1178 1013
986 2 2 0 1 802 992 801
987 2 2 0 1 497 1074 979
988 2 2 0 1 540 1201 423
989 2 2 0 1 430 569 534
990 2 2 0 1 641 642 640
991 2 2 0 1 785 799 769
992 2 2 0 1 635 641 640
993 2 2 0 1 608 613 612
994 2 2 0 1 1167 1185 752
995 2 2 0 1 821 824 606
996 2 2 0 1 740 1231 739
997 2 2 0 1 1097 1205 562
998 2 2 0 1 739 1231 738
999 2 2 0 1 646 649 648
1000 2 2 0 1 546 1148 437
1001 2 2 0 1 1068 1088 816
1002 2 2 0 1 946 1231 764
1003 2 2 0 1 872 967 871
1004 2 2 0 1 475 1232 479
1005 2 2 0 1 593 1203 927
1006 2 2 0 1 1013 1082 1016
1007 2 2 0 1 478 913 911
1008 2 2 0 1 828 1138 638
1009 2 2 0 1 495 570 464
1010 2 2 0 1 649 652 651
1011 2 2 0 1 697 877 876
1012 2 2 0 1 1021 1139 1023
1013 2 2 0 1 600 927 620
1014 2 2 0 1 739 741 740
1015 2 2 0 1 729 1152 759
1016 2 2 0 1 1145 1185 1167
1017 2 2 0 1 365 1098 364
1018 2 2 0 1 610 1211 608
1019 2 2 0 1 558 1163 494
1020 2 2 0 1 737 739 738
1021 2 2 0 1 451 1109 1034
1022 2 2 0 1 1012 1013 759
1023 2 2 0 1 773 774 523
1024 2 2 0 1 741 1175 740
1025 2 2 0 1 464 570 504
1026 2 2 0 1 954 961 950
1027 2 2 0 1 576 1215 895
1028 2 2 0 1 962 963 752
1029 2 2 0 1 912 1071 513
1030 2 2 0 1 1084 1087 720
1031 2 2 0 1 1105 1210 595
1032 2 2 0 1 463 465 464
1033 2 2 0 1 598 602 515
1034 2 2 0 1 1157 1182 892
1035 2 2 0 1 1087 1139 719
1036 2 2 0 1 575 580 573
1037 2 2 0 1 687 1104 685
1038 2 2 0 1 544 546 545
1039 2 2 0 1 1064 1164 511
1040 2 2 0 1 927 1194 593
1041 2 2 0 1 832 833 821
1042 2 2 0 1 799 933 930
1043 2 2 0 1 797 877 697
1044 2 2 0 1 708 1125 557
1045 2 2 0 1 680 708 706
1046 2 2 0 1 898 899 625
1047 2 2 0 1 502 505 501
1048 2 2 0 1 1101 1226 692
1049 2 2 0 1 980 1221 896
1050 2 2 0 1 666 839 668
1051 2 2 0 1 494 1003 558
1052 2 2 0 1 830 1216 831
1053 2 2 0 1 543 1163 558
1054 2 2 0 1 640 838 639
1055 2 2 0 1 941 1079 943
1056 2 2 0 1 842 993 841
1057 2 2 0 1 685 1104 667
1058 2 2 0 1 604 1220 514
1059 2 2 0 1 767 921 750
1060 2 2 0 1 757 763 761
1061 2 2 0 1 827 836 630
1062 2 2 0 1 822 992 802
1063 2 2 0 1 956 1159 1029
1064 2 2 0 1 766 794 491
1065 2 2 0 1 427 1201 538
1066 2 2 0 1 947 1074 949
1067 2 2 0 1 945 979 947
1068 2 2 0 1 258 1120 257
1069 2 2 0 1 693 968 672
1070 2 2 0 1 666 1089 839
1071 2 2 0 1 438 1095 439
1072 2 2 0 1 522 532 521
1073 2 2 0 1 831 1069 832
1074 2 2 0 1 831 1070 1069
1075 2 2 0 1 479 480 475
1076 2 2 0 1 715 721 713
1077 2 2 0 1 461 1132 999
1078 2 2 0 1 613 1137 616
1079 2 2 0 1 679 790 789
1080 2 2 0 1 510 868 820
1081 2 2 0 1 515 1199 1040
1082 2 2 0 1 481 482 480
1083 2 2 0 1 1179 1197 493
1084 2 2 0 1 660 1046 703
1085 2 2 0 1 722 1176 1086
1086 2 2 0 1 1063 1064 844
1087 2 2 0 1 414 1166 413
1088 2 2 0 1 598 601 592
1089 2 2 0 1 832 1069 1068
1090 2 2 0 1 509 558 486
1091 2 2 0 1 554 572 553
1092 2 2 0 1 764 1231 740
1093 2 2 0 1 431 1041 1025
1094 2 2 0 1 683 684 682
1095 2 2 0 1 707 1187 774
1096 2 2 0 1 1 1188 1073
1097 2 2 0 1 717 766 727
1098 2 2 0 1 1074 1159 949
1099 2 2 0 1 444 449 442
1100 2 2 0 1 485 1198 488
1101 2 2 0 1 529 1190 531
1102 2 2 0 1 994 1154 920
1103 2 2 0 1 838 903 639
1104 2 2 0 1 974 1104 687
1105 2 2 0 1 426 439 425
1106 2 2 0 1 960 1079 941
1107 2 2 0 1 420 564 419
1108 2 2 0 1 771 1072 823
1109 2 2 0 1 547 1122 567
1110 2 2 0 1 617 1137 613
1111 2 2 0 1 436 1037 528
1112 2 2 0 1 945 947 946
1113 2 2 0 1 624 1182 893
1114 2 2 0 1 846 1225 803
1115 2 2 0 1 616 840 612
1116 2 2 0 1 586 589 581
1117 2 2 0 1 603 861 604
1118 2 2 0 1 779 931 716
1119 2 2 0 1 417 549 416
1120 2 2 0 1 415 1148 414
1121 2 2 0 1 572 597 517
1122 2 2 0 1 720 1085 1084
1123 2 2 0 1 661 1101 869
1124 2 2 0 1 611 825 610
1125 2 2 0 1 412 542 411
1126 2 2 0 1 667 1104 665
1127 2 2 0 1 558 1003 486
1128 2 2 0 1 578 1143 1035
1129 2 2 0 1 409 1168 408
1130 2 2 0 1 423 1201 422
1131 2 2 0 1 535 558 509
1132 2 2 0 1 418 1090 417
1133 2 2 0 1 1030 1122 548
1134 2 2 0 1 796 1005 699
1135 2 2 0 1 766 931 794
1136 2 2 0 1 962 1185 961
1137 2 2 0 1 763 770 769
1138 2 2 0 1 408 1037 407
1139 2 2 0 1 380 1027 753
1140 2 2 0 1 471 475 474
1141 2 2 0 1 582 895 878
1142 2 2 0 1 684 689 688
1143 2 2 0 1 840 997 996
1144 2 2 0 1 524 1218 1096
1145 2 2 0 1 621 637 626
1146 2 2 0 1 405 995 201
1147 2 2 0 1 411 569 410
1148 2 2 0 1 483 484 482
1149 2 2 0 1 701 1180 700
1150 2 2 0 1 814 815 810
1151 2 2 0 1 609 998 996
1152 2 2 0 1 746 1229 741
1153 2 2 0 1 534 535 509
1154 2 2 0 1 500 560 489
1155 2 2 0 1 704 923 617
1156 2 2 0 1 673 1217 679
1157 2 2 0 1 621 626 625
1158 2 2 0 1 303 1088 302
1159 2 2 0 1 831 1216 1070
1160 2 2 0 1 1115 1116 446
1161 2 2 0 1 949 950 758
1162 2 2 0 1 1013 1178 1082
1163 2 2 0 1 865 867 429
1164 2 2 0 1 832 1068 833
1165 2 2 0 1 538 1201 540
1166 2 2 0 1 626 628 627
1167 2 2 0 1 570 1030 550
1168 2 2 0 1 808 1213 806
1169 2 2 0 1 1175 1229 775
1170 2 2 0 1 810 1195 809
1171 2 2 0 1 774 1187 552
1172 2 2 0 1 376 432 375
1173 2 2 0 1 231 429 230
1174 2 2 0 1 770 786 785
1175 2 2 0 1 391 431 390
1176 2 2 0 1 216 428 215
1177 2 2 0 1 765 1189 750
1178 2 2 0 1 635 640 639
1179 2 2 0 1 421 1083 420
1180 2 2 0 1 1011 1013 1012
1181 2 2 0 1 400 1206 399
1182 2 2 0 1 962 984 964
1183 2 2 0 1 700 827 629
1184 2 2 0 1 727 728 724
1185 2 2 0 1 1148 1166 414
1186 2 2 0 1 521 1076 519
1187 2 2 0 1 674 675 673
1188 2 2 0 1 592 601 596
1189 2 2 0 1 1016 1019 1017
1190 2 2 0 1 798 1072 800
1191 2 2 0 1 759 1152 1060
1192 2 2 0 1 705 706 557
1193 2 2 0 1 964 965 963
1194 2 2 0 1 628 631 629
1195 2 2 0 1 299 1223 298
1196 2 2 0 1 447 1031 857
1197 2 2 0 1 838 1119 1118
1198 2 2 0 1 1055 1182 905
1199 2 2 0 1 857 1031 647
1200 2 2 0 1 446 1116 261
1201 2 2 0 1 562 1044 795
1202 2 2 0 1 1065 1066 811
1203 2 2 0 1 377 982 376
1204 2 2 0 1 631 634 633
1205 2 2 0 1 809 1195 808
1206 2 2 0 1 944 1202 945
1207 2 2 0 1 1168 1227 408
1208 2 2 0 1 1106 1158 582
1209 2 2 0 1 634 641 635
1210 2 2 0 1 1045 1115 446
1211 2 2 0 1 230 867 229
1212 2 2 0 1 453 527 450
1213 2 2 0 1 555 1056 874
1214 2 2 0 1 469 470 468
1215 2 2 0 1 557 707 705
1216 2 2 0 1 888 999 616
1217 2 2 0 1 541 1076 521
1218 2 2 0 1 742 918 917
1219 2 2 0 1 825 832 821
1220 2 2 0 1 666 667 665
1221 2 2 0 1 806 809 808
1222 2 2 0 1 1067 1228 833
1223 2 2 0 1 943 990 944
1224 2 2 0 1 525 526 500
1225 2 2 0 1 785 1077 799
1226 2 2 0 1 1002 1183 565
1227 2 2 0 1 375 983 374
1228 2 2 0 1 504 570 566
1229 2 2 0 1 217 870 216
1230 2 2 0 1 442 559 435
1231 2 2 0 1 450 538 449
1232 2 2 0 1 1040 1112 601
1233 2 2 0 1 215 987 214
1234 2 2 0 1 1046 1057 579
1235 2 2 0 1 371 498 370
1236 2 2 0 1 919 1080 918
1237 2 2 0 1 241 455 240
1238 2 2 0 1 713 783 782
1239 2 2 0 1 1025 1041 1021
1240 2 2 0 1 519 529 505
1241 2 2 0 1 378 754 377
1242 2 2 0 1 590 592 589
1243 2 2 0 1 490 501 500
1244 2 2 0 1 816 1196 1066
1245 2 2 0 1 818 924 890
1246 2 2 0 1 718 724 723
1247 2 2 0 1 455 1038 240
1248 2 2 0 1 939 976 975
1249 2 2 0 1 967 968 693
1250 2 2 0 1 234 579 233
1251 2 2 0 1 638 1138 701
1252 2 2 0 1 809 814 810
1253 2 2 0 1 471 474 470
1254 2 2 0 1 229 863 228
1255 2 2 0 1 591 1055 905
1256 2 2 0 1 772 1044 563
1257 2 2 0 1 555 874 873
1258 2 2 0 1 428 988 987
1259 2 2 0 1 1060 1152 731
1260 2 2 0 1 242 1004 241
1261 2 2 0 1 594 1105 636
1262 2 2 0 1 593 598 592
1263 2 2 0 1 207 518 206
1264 2 2 0 1 284 452 283
1265 2 2 0 1 476 1134 952
1266 2 2 0 1 1051 1233 834
1267 2 2 0 1 566 1183 504
1268 2 2 0 1 859 973 695
1269 2 2 0 1 220 556 219
1270 2 2 0 1 463 464 462
1271 2 2 0 1 554 1125 708
1272 2 2 0 1 790 1054 876
1273 2 2 0 1 507 1224 1216
1274 2 2 0 1 235 1008 234
1275 2 2 0 1 372 953 371
1276 2 2 0 1 379 1009 378
1277 2 2 0 1 668 669 667
1278 2 2 0 1 370 1029 369
1279 2 2 0 1 238 578 237
1280 2 2 0 1 243 853 242
1281 2 2 0 1 955 984 962
1282 2 2 0 1 291 461 290
1283 2 2 0 1 772 804 770
1284 2 2 0 1 850 1005 1004
1285 2 2 0 1 760 1140 1128
1286 2 2 0 1 367 497 366
1287 2 2 0 1 252 1031 251
1288 2 2 0 1 440 1095 1053
1289 2 2 0 1 707 711 705
1290 2 2 0 1 251 447 250
1291 2 2 0 1 244 653 243
1292 2 2 0 1 221 871 220
1293 2 2 0 1 488 490 489
1294 2 2 0 1 268 587 267
1295 2 2 0 1 1019 1020 1017
1296 2 2 0 1 245 848 244
1297 2 2 0 1 250 855 249
1298 2 2 0 1 246 585 245
1299 2 2 0 1 248 650 247
1300 2 2 0 1 249 854 248
1301 2 2 0 1 237 1035 236
1302 2 2 0 1 208 884 207
1303 2 2 0 1 253 647 252
1304 2 2 0 1 256 583 255
1305 2 2 0 1 709 834 627
1306 2 2 0 1 572 1034 553
1307 2 2 0 1 613 618 617
1308 2 2 0 1 501 525 500
1309 2 2 0 1 254 858 253
1310 2 2 0 1 255 860 254
1311 2 2 0 1 392 1041 391
1312 2 2 0 1 374 957 373
1313 2 2 0 1 210 671 209
1314 2 2 0 1 909 910 777
1315 2 2 0 1 262 446 261
1316 2 2 0 1 228 661 227
1317 2 2 0 1 850 1004 853
1318 2 2 0 1 629 827 709
1319 2 2 0 1 368 958 367
1320 2 2 0 1 259 584 258
1321 2 2 0 1 510 1222 868
1322 2 2 0 1 269 1042 268
1323 2 2 0 1 236 577 235
1324 2 2 0 1 227 869 226
1325 2 2 0 1 273 445 272
1326 2 2 0 1 766 784 727
1327 2 2 0 1 263 1045 262
1328 2 2 0 1 211 879 210
1329 2 2 0 1 267 882 266
1330 2 2 0 1 589 1047 581
1331 2 2 0 1 226 692 225
1332 2 2 0 1 537 1168 430
1333 2 2 0 1 783 1073 782
1334 2 2 0 1 647 859 857
1335 2 2 0 1 218 694 217
1336 2 2 0 1 618 620 619
1337 2 2 0 1 528 537 526
1338 2 2 0 1 222 686 221
1339 2 2 0 1 560 568 489
1340 2 2 0 1 206 1043 205
1341 2 2 0 1 213 875 212
1342 2 2 0 1 380 753 379
1343 2 2 0 1 214 791 213
1344 2 2 0 1 264 883 263
1345 2 2 0 1 373 951 372
1346 2 2 0 1 285 1048 284
1347 2 2 0 1 983 984 955
1348 2 2 0 1 212 670 211
1349 2 2 0 1 274 1051 273
1350 2 2 0 1 711 712 689
1351 2 2 0 1 283 891 282
1352 2 2 0 1 209 862 208
1353 2 2 0 1 1100 1183 466
1354 2 2 0 1 484 508 486
1355 2 2 0 1 279 591 278
1356 2 2 0 1 1092 1093 588
1357 2 2 0 1 508 533 509
1358 2 2 0 1 266 881 265
1359 2 2 0 1 369 948 368
1360 2 2 0 1 485 568 484
1361 2 2 0 1 524 931 779
1362 2 2 0 1 864 865 664
1363 2 2 0 1 265 632 264
1364 2 2 0 1 280 1055 279
1365 2 2 0 1 478 914 913
1366 2 2 0 1 225 1056 224
1367 2 2 0 1 861 1186 606
1368 2 2 0 1 490 500 489
1369 2 2 0 1 290 887 289
1370 2 2 0 1 270 630 269
1371 2 2 0 1 654 655 652
1372 2 2 0 1 591 905 899
1373 2 2 0 1 620 637 621
1374 2 2 0 1 532 541 521
1375 2 2 0 1 816 1088 303
1376 2 2 0 1 223 1058 222
1377 2 2 0 1 278 900 277
1378 2 2 0 1 806 1213 805
1379 2 2 0 1 275 902 274
1380 2 2 0 1 819 824 821
1381 2 2 0 1 389 726 388
1382 2 2 0 1 281 893 280
1383 2 2 0 1 588 1158 1106
1384 2 2 0 1 1067 1068 816
1385 2 2 0 1 957 983 955
1386 2 2 0 1 828 1045 883
1387 2 2 0 1 863 867 865
1388 2 2 0 1 204 896 203
1389 2 2 0 1 526 560 500
1390 2 2 0 1 458 1047 596
1391 2 2 0 1 203 678 202
1392 2 2 0 1 205 691 204
1393 2 2 0 1 745 746 741
1394 2 2 0 1 612 996 830
1395 2 2 0 1 224 555 223
1396 2 2 0 1 563 806 805
1397 2 2 0 1 277 897 276
1398 2 2 0 1 355 733 354
1399 2 2 0 1 694 1151 870
1400 2 2 0 1 944 945 764
1401 2 2 0 1 233 1057 232
1402 2 2 0 1 776 1175 775
1403 2 2 0 1 765 1080 959
1404 2 2 0 1 384 1081 383
1405 2 2 0 1 276 622 275
1406 2 2 0 1 538 540 449
1407 2 2 0 1 844 1064 842
1408 2 2 0 1 401 493 400
1409 2 2 0 1 383 492 382
1410 2 2 0 1 941 943 776
1411 2 2 0 1 385 1014 384
1412 2 2 0 1 289 615 288
1413 2 2 0 1 282 624 281
1414 2 2 0 1 945 1202 979
1415 2 2 0 1 304 1196 816
1416 2 2 0 1 529 530 505
1417 2 2 0 1 801 1072 798
1418 2 2 0 1 684 711 689
1419 2 2 0 1 1116 1118 1117
1420 2 2 0 1 701 1138 881
1421 2 2 0 1 271 1078 270
1422 2 2 0 1 1040 1199 460
1423 2 2 0 1 529 531 530
1424 2 2 0 1 286 922 285
1425 2 2 0 1 821 1228 819
1426 2 2 0 1 744 971 920
1427 2 2 0 1 747 1189 765
1428 2 2 0 1 1016 1017 1015
1429 2 2 0 1 923 1137 617
1430 2 2 0 1 459 466 456
1431 2 2 0 1 955 962 961
1432 2 2 0 1 585 1006 852
1433 2 2 0 1 484 486 482
1434 2 2 0 1 951 957 955
1435 2 2 0 1 525 528 526
1436 2 2 0 1 789 1151 693
1437 2 2 0 1 337 926 336
1438 2 2 0 1 992 1061 473
1439 2 2 0 1 798 1077 785
1440 2 2 0 1 1095 1190 441
1441 2 2 0 1 336 756 335
1442 2 2 0 1 876 1054 697
1443 2 2 0 1 651 852 710
1444 2 2 0 1 354 978 150
1445 2 2 0 1 533 534 509
1446 2 2 0 1 488 489 485
1447 2 2 0 1 345 742 344
1448 2 2 0 1 722 1179 403
1449 2 2 0 1 587 1042 836
1450 2 2 0 1 770 804 786
1451 2 2 0 1 288 916 287
1452 2 2 0 1 819 1228 818
1453 2 2 0 1 408 1227 1037
1454 2 2 0 1 356 934 355
1455 2 2 0 1 480 494 475
1456 2 2 0 1 338 778 337
1457 2 2 0 1 359 942 358
1458 2 2 0 1 489 568 485
1459 2 2 0 1 863 865 864
1460 2 2 0 1 531 536 530
1461 2 2 0 1 335 908 334
1462 2 2 0 1 499 1202 1133
1463 2 2 0 1 527 538 450
1464 2 2 0 1 882 1180 701
1465 2 2 0 1 777 1075 755
1466 2 2 0 1 864 1101 661
1467 2 2 0 1 946 1146 738
1468 2 2 0 1 623 1182 1157
1469 2 2 0 1 849 850 653
1470 2 2 0 1 842 1213 808
1471 2 2 0 1 441 1076 541
1472 2 2 0 1 895 1155 576
1473 2 2 0 1 1062 1208 803
1474 2 2 0 1 973 1121 696
1475 2 2 0 1 1035 1143 1036
1476 2 2 0 1 449 559 442
1477 2 2 0 1 508 509 486
1478 2 2 0 1 697 1054 676
1479 2 2 0 1 951 955 954
1480 2 2 0 1 478 1150 914
1481 2 2 0 1 610 825 606
1482 2 2 0 1 625 1124 898
1483 2 2 0 1 388 1107 387
1484 2 2 0 1 287 614 286
1485 2 2 0 1 728 780 730
1486 2 2 0 1 465 495 464
1487 2 2 0 1 334 928 333
1488 2 2 0 1 257 1127 256
1489 2 2 0 1 358 960 357
1490 2 2 0 1 945 946 764
1491 2 2 0 1 393 1021 392
1492 2 2 0 1 846 993 511
1493 2 2 0 1 496 901 781
1494 2 2 0 1 517 1034 572
1495 2 2 0 1 239 1039 238
1496 2 2 0 1 561 1097 516
1497 2 2 0 1 331 788 330
1498 2 2 0 1 836 1042 630
1499 2 2 0 1 850 853 653
1500 2 2 0 1 528 1227 537
1501 2 2 0 1 712 714 713
1502 2 2 0 1 744 920 919
1503 2 2 0 1 582 1155 895
1504 2 2 0 1 294 609 293
1505 2 2 0 1 752 1185 962
1506 2 2 0 1 330 929 329
1507 2 2 0 1 537 571 526
1508 2 2 0 1 999 1132 997
1509 2 2 0 1 348 971 347
1510 2 2 0 1 800 1077 798
1511 2 2 0 1 830 831 611
1512 2 2 0 1 386 1018 385
1513 2 2 0 1 344 917 343
1514 2 2 0 1 583 973 860
1515 2 2 0 1 150 977 353
1516 2 2 0 1 738 1231 946
1517 2 2 0 1 346 970 345
1518 2 2 0 1 584 1120 258
1519 2 2 0 1 272 1126 271
1520 2 2 0 1 333 513 332
1521 2 2 0 1 840 996 612
1522 2 2 0 1 671 879 877
1523 2 2 0 1 352 975 351
1524 2 2 0 1 817 1135 510
1525 2 2 0 1 310 1110 309
1526 2 2 0 1 686 873 872
1527 2 2 0 1 357 735 356
1528 2 2 0 1 605 1186 603
1529 2 2 0 1 892 1182 624
1530 2 2 0 1 778 985 911
1531 2 2 0 1 329 762 328
1532 2 2 0 1 699 1000 656
1533 2 2 0 1 812 842 841
1534 2 2 0 1 323 966 322
1535 2 2 0 1 322 771 321
1536 2 2 0 1 332 1114 331
1537 2 2 0 1 232 1129 231
1538 2 2 0 1 901 1191 516
1539 2 2 0 1 877 879 670
1540 2 2 0 1 581 1047 580
1541 2 2 0 1 778 911 910
1542 2 2 0 1 364 499 363
1543 2 2 0 1 328 933 327
1544 2 2 0 1 448 1032 551
1545 2 2 0 1 938 1130 936
1546 2 2 0 1 260 1117 259
1547 2 2 0 1 583 1121 973
1548 2 2 0 1 686 1058 873
1549 2 2 0 1 300 607 299
1550 2 2 0 1 305 1196 304
1551 2 2 0 1 936 978 733
1552 2 2 0 1 939 1130 938
1553 2 2 0 1 664 865 829
1554 2 2 0 1 886 1043 518
1555 2 2 0 1 812 841 822
1556 2 2 0 1 546 1166 1148
1557 2 2 0 1 810 890 813
1558 2 2 0 1 937 938 936
1559 2 2 0 1 398 720 397
1560 2 2 0 1 742 919 918
1561 2 2 0 1 938 940 939
1562 2 2 0 1 324 800 323
1563 2 2 0 1 614 923 922
1564 2 2 0 1 693 1151 1028
1565 2 2 0 1 828 1115 1045
1566 2 2 0 1 827 835 709
1567 2 2 0 1 780 904 496
1568 2 2 0 1 876 877 670
1569 2 2 0 1 561 1205 1097
1570 2 2 0 1 306 811 305
1571 2 2 0 1 838 1161 696
1572 2 2 0 1 468 1171 465
1573 2 2 0 1 316 803 315
1574 2 2 0 1 873 1058 555
1575 2 2 0 1 706 708 557
1576 2 2 0 1 907 1103 749
1577 2 2 0 1 343 743 342
1578 2 2 0 1 506 1142 1136
1579 2 2 0 1 292 1132 291
1580 2 2 0 1 967 1028 556
1581 2 2 0 1 608 1108 613
1582 2 2 0 1 366 1099 365
1583 2 2 0 1 913 915 767
1584 2 2 0 1 1097 1103 907
1585 2 2 0 1 923 986 922
1586 2 2 0 1 1011 1012 965
1587 2 2 0 1 677 683 682
1588 2 2 0 1 691 1043 886
1589 2 2 0 1 616 1137 888
1590 2 2 0 1 347 744 346
1591 2 2 0 1 899 900 591
1592 2 2 0 1 1122 1171 503
1593 2 2 0 1 339 985 338
1594 2 2 0 1 740 1175 776
1595 2 2 0 1 387 725 386
1596 2 2 0 1 885 886 518
1597 2 2 0 1 394 1024 393
1598 2 2 0 1 321 932 320
1599 2 2 0 1 793 980 690
1600 2 2 0 1 364 1098 499
1601 2 2 0 1 309 807 308
1602 2 2 0 1 669 674 673
1603 2 2 0 1 767 1181 1075
1604 2 2 0 1 353 734 352
1605 2 2 0 1 815 819 818
1606 2 2 0 1 1109 1209 448
1607 2 2 0 1 1118 1119 584
1608 2 2 0 1 247 1165 246
1609 2 2 0 1 360 991 359
1610 2 2 0 1 935 936 733
1611 2 2 0 1 376 982 432
1612 2 2 0 1 202 894 1
1613 2 2 0 1 484 568 508
1614 2 2 0 1 714 715 713
1615 2 2 0 1 664 974 864
1616 2 2 0 1 897 900 899
1617 2 2 0 1 429 867 230
1618 2 2 0 1 457 1112 1040
1619 2 2 0 1 540 559 449
1620 2 2 0 1 382 1091 381
1621 2 2 0 1 972 992 473
1622 2 2 0 1 655 663 657
1623 2 2 0 1 219 1177 218
1624 2 2 0 1 732 768 737
1625 2 2 0 1 866 1057 1046
1626 2 2 0 1 662 666 665
1627 2 2 0 1 841 1208 822
1628 2 2 0 1 349 994 348
1629 2 2 0 1 479 1222 1135
1630 2 2 0 1 642 981 644
1631 2 2 0 1 311 843 310
1632 2 2 0 1 587 1180 882
1633 2 2 0 1 396 1162 395
1634 2 2 0 1 432 983 375
1635 2 2 0 1 698 1143 796
1636 2 2 0 1 317 1062 316
1637 2 2 0 1 351 976 350
1638 2 2 0 1 886 980 691
1639 2 2 0 1 216 870 428
1640 2 2 0 1 683 705 684
1641 2 2 0 1 428 987 215
1642 2 2 0 1 1096 1218 502
1643 2 2 0 1 620 927 637
1644 2 2 0 1 592 596 589
1645 2 2 0 1 470 503 468
1646 2 2 0 1 649 654 652
1647 2 2 0 1 464 504 462
1648 2 2 0 1 1119 1120 584
1649 2 2 0 1 596 1047 589
1650 2 2 0 1 452 1048 986
1651 2 2 0 1 801 992 823
1652 2 2 0 1 1197 1206 493
1653 2 2 0 1 727 784 728
1654 2 2 0 1 666 668 667
1655 2 2 0 1 897 899 898
1656 2 2 0 1 453 1001 527
1657 2 2 0 1 750 1181 767
1658 2 2 0 1 1037 1227 528
1659 2 2 0 1 397 1193 396
1660 2 2 0 1 739 745 741
1661 2 2 0 1 993 1064 511
1662 2 2 0 1 803 1208 846
1663 2 2 0 1 395 719 394
1664 2 2 0 1 889 923 614
1665 2 2 0 1 959 1154 939
1666 2 2 0 1 481 1174 561
1667 2 2 0 1 940 959 939
1668 2 2 0 1 674 680 675
1669 2 2 0 1 754 982 377
1670 2 2 0 1 552 1200 774
1671 2 2 0 1 746 749 748
1672 2 2 0 1 890 1065 845
1673 2 2 0 1 657 1007 659
1674 2 2 0 1 1082 1214 1016
1675 2 2 0 1 665 1104 974
1676 2 2 0 1 920 1154 959
1677 2 2 0 1 452 1156 891
1678 2 2 0 1 728 784 780
1679 2 2 0 1 519 1076 529
1680 2 2 0 1 399 1207 398
1681 2 2 0 1 588 1106 1092
1682 2 2 0 1 590 1210 1105
1683 2 2 0 1 391 1041 431
1684 2 2 0 1 229 867 863
1685 2 2 0 1 654 878 655
1686 2 2 0 1 363 1133 362
1687 2 2 0 1 668 837 669
1688 2 2 0 1 340 478 339
1689 2 2 0 1 804 805 802
1690 2 2 0 1 562 1103 1097
1691 2 2 0 1 918 1080 921
1692 2 2 0 1 794 931 524
1693 2 2 0 1 318 1061 317
1694 2 2 0 1 616 999 840
1695 2 2 0 1 1084 1085 1050
1696 2 2 0 1 872 968 967
1697 2 2 0 1 849 851 850
1698 2 2 0 1 702 1147 645
1699 2 2 0 1 889 916 615
1700 2 2 0 1 741 1229 1175
1701 2 2 0 1 302 826 301
1702 2 2 0 1 298 1224 297
1703 2 2 0 1 745 906 746
1704 2 2 0 1 361 476 360
1705 2 2 0 1 362 1134 361
1706 2 2 0 1 551 1032 532
1707 2 2 0 1 493 1206 400
1708 2 2 0 1 742 970 919
1709 2 2 0 1 241 1004 455
1710 2 2 0 1 456 1001 453
1711 2 2 0 1 466 1002 1001
1712 2 2 0 1 501 1219 525
1713 2 2 0 1 315 1225 314
1714 2 2 0 1 596 1112 458
1715 2 2 0 1 751 795 757
1716 2 2 0 1 313 511 312
1717 2 2 0 1 760 1123 1017
1718 2 2 0 1 231 1129 429
1719 2 2 0 1 942 991 990
1720 2 2 0 1 350 477 349
1721 2 2 0 1 955 961 954
1722 2 2 0 1 1135 1173 479
1723 2 2 0 1 799 969 933
1724 2 2 0 1 950 1145 758
1725 2 2 0 1 786 801 798
1726 2 2 0 1 979 1074 947
1727 2 2 0 1 495 1030 570
1728 2 2 0 1 371 953 498
1729 2 2 0 1 818 1228 924
1730 2 2 0 1 903 1116 1115
1731 2 2 0 1 378 1009 754
1732 2 2 0 1 325 1230 324
1733 2 2 0 1 327 969 326
1734 2 2 0 1 498 1029 370
1735 2 2 0 1 482 1003 480
1736 2 2 0 1 1216 1224 1070
1737 2 2 0 1 1022 1140 760
1738 2 2 0 1 796 1039 1038
1739 2 2 0 1 693 1028 967
1740 2 2 0 1 374 983 957
1741 2 2 0 1 234 1008 579
1742 2 2 0 1 631 636 634
1743 2 2 0 1 614 916 889
1744 2 2 0 1 639 1115 828
1745 2 2 0 1 320 972 319
1746 2 2 0 1 342 1149 341
1747 2 2 0 1 304 816 303
1748 2 2 0 1 622 1233 902
1749 2 2 0 1 986 1048 922
1750 2 2 0 1 717 931 766
1751 2 2 0 1 824 861 606
1752 2 2 0 1 853 1004 242
1753 2 2 0 1 694 870 217
1754 2 2 0 1 811 1196 305
1755 2 2 0 1 718 727 724
1756 2 2 0 1 837 1172 674
1757 2 2 0 1 836 1180 587
1758 2 2 0 1 565 1183 566
1759 2 2 0 1 786 802 801
1760 2 2 0 1 531 1190 995
1761 2 2 0 1 207 884 518
1762 2 2 0 1 503 1171 468
1763 2 2 0 1 763 772 770
1764 2 2 0 1 214 987 791
1765 2 2 0 1 228 863 661
1766 2 2 0 1 1066 1067 816
1767 2 2 0 1 220 871 556
1768 2 2 0 1 915 921 767
1769 2 2 0 1 913 1075 911
1770 2 2 0 1 579 1057 233
1771 2 2 0 1 1116 1117 260
1772 2 2 0 1 807 1110 1063
1773 2 2 0 1 880 1061 992
1774 2 2 0 1 1038 1039 239
1775 2 2 0 1 888 889 615
1776 2 2 0 1 381 1091 1027
1777 2 2 0 1 813 890 845
1778 2 2 0 1 756 926 910
1779 2 2 0 1 996 998 830
1780 2 2 0 1 515 601 598
1781 2 2 0 1 653 853 243
1782 2 2 0 1 795 1103 562
1783 2 2 0 1 341 1150 340
1784 2 2 0 1 518 1043 206
1785 2 2 0 1 578 1035 237
1786 2 2 0 1 251 1031 447
1787 2 2 0 1 1092 1106 654
1788 2 2 0 1 910 926 778
1789 2 2 0 1 447 855 250
1790 2 2 0 1 244 848 653
1791 2 2 0 1 452 891 283
1792 2 2 0 1 297 507 296
1793 2 2 0 1 990 1079 942
1794 2 2 0 1 683 706 705
1795 2 2 0 1 585 848 245
1796 2 2 0 1 249 855 854
1797 2 2 0 1 647 1031 252
1798 2 2 0 1 248 854 650
1799 2 2 0 1 705 711 684
1800 2 2 0 1 312 1164 311
1801 2 2 0 1 516 1191 1170
1802 2 2 0 1 577 1008 235
1803 2 2 0 1 284 1048 452
1804 2 2 0 1 253 858 647
1805 2 2 0 1 1133 1202 952
1806 2 2 0 1 583 860 255
1807 2 2 0 1 1063 1110 843
1808 2 2 0 1 919 970 744
1809 2 2 0 1 254 860 858
1810 2 2 0 1 998 1216 830
1811 2 2 0 1 367 958 497
1812 2 2 0 1 302 1088 826
1813 2 2 0 1 1016 1214 1019
1814 2 2 0 1 637 1052 626
1815 2 2 0 1 587 882 267
1816 2 2 0 1 753 1009 379
1817 2 2 0 1 1026 1084 1049
1818 2 2 0 1 268 1042 587
1819 2 2 0 1 951 953 372
1820 2 2 0 1 236 1035 577
1821 2 2 0 1 448 1209 1032
1822 2 2 0 1 461 887 290
1823 2 2 0 1 686 871 221
1824 2 2 0 1 491 904 784
1825 2 2 0 1 605 1211 610
1826 2 2 0 1 613 1108 618
1827 2 2 0 1 695 1147 859
1828 2 2 0 1 661 869 227
1829 2 2 0 1 524 1096 794
1830 2 2 0 1 369 1029 948
1831 2 2 0 1 210 879 671
1832 2 2 0 1 262 1045 446
1833 2 2 0 1 607 1223 299
1834 2 2 0 1 404 722 403
1835 2 2 0 1 813 845 844
1836 2 2 0 1 491 1184 904
1837 2 2 0 1 912 928 908
1838 2 2 0 1 1020 1025 1023
1839 2 2 0 1 1170 1191 483
1840 2 2 0 1 226 869 692
1841 2 2 0 1 475 989 474
1842 2 2 0 1 420 1083 564
1843 2 2 0 1 373 957 951
1844 2 2 0 1 862 884 208
1845 2 2 0 1 756 910 909
1846 2 2 0 1 238 1039 578
1847 2 2 0 1 859 1147 857
1848 2 2 0 1 1017 1123 1015
1849 2 2 0 1 671 862 209
1850 2 2 0 1 499 1133 363
1851 2 2 0 1 273 1051 445
1852 2 2 0 1 670 879 211
1853 2 2 0 1 743 1149 342
1854 2 2 0 1 266 882 881
1855 2 2 0 1 948 958 368
1856 2 2 0 1 883 1045 263
1857 2 2 0 1 544 1166 546
1858 2 2 0 1 712 773 714
1859 2 2 0 1 791 875 213
1860 2 2 0 1 1000 1192 851
1861 2 2 0 1 432 984 983
1862 2 2 0 1 935 937 936
1863 2 2 0 1 212 875 670
1864 2 2 0 1 513 928 912
1865 2 2 0 1 512 1174 1173
1866 2 2 0 1 920 1080 919
1867 2 2 0 1 909 912 908
1868 2 2 0 1 630 1042 269
1869 2 2 0 1 526 571 560
1870 2 2 0 1 780 1111 730
1871 2 2 0 1 256 1127 583
1872 2 2 0 1 692 1056 225
1873 2 2 0 1 1120 1127 257
1874 2 2 0 1 823 992 972
1875 2 2 0 1 716 717 715
1876 2 2 0 1 674 1172 680
1877 2 2 0 1 632 883 264
1878 2 2 0 1 1145 1167 736
1879 2 2 0 1 696 1161 643
1880 2 2 0 1 222 1058 686
1881 2 2 0 1 265 881 632
1882 2 2 0 1 279 1055 591
1883 2 2 0 1 1020 1094 1025
1884 2 2 0 1 486 1003 482
1885 2 2 0 1 594 1052 637
1886 2 2 0 1 699 1192 1000
1887 2 2 0 1 556 1177 219
1888 2 2 0 1 838 1118 903
1889 2 2 0 1 679 1131 790
1890 2 2 0 1 591 900 278
1891 2 2 0 1 444 1209 1109
1892 2 2 0 1 246 1165 585
1893 2 2 0 1 650 1165 247
1894 2 2 0 1 480 1003 494
1895 2 2 0 1 669 837 674
1896 2 2 0 1 981 1059 588
1897 2 2 0 1 995 1190 438
1898 2 2 0 1 974 1101 864
1899 2 2 0 1 205 1043 691
1900 2 2 0 1 1153 1200 522
1901 2 2 0 1 977 978 936
1902 2 2 0 1 1057 1129 232
1903 2 2 0 1 1091 1178 1027
1904 2 2 0 1 723 1050 847
1905 2 2 0 1 902 1051 274
1906 2 2 0 1 878 895 663
1907 2 2 0 1 259 1117 584
1908 2 2 0 1 619 1157 704
1909 2 2 0 1 530 1219 505
1910 2 2 0 1 1004 1005 455
1911 2 2 0 1 494 989 475
1912 2 2 0 1 1023 1139 1026
1913 2 2 0 1 924 1065 890
1914 2 2 0 1 654 1106 878
1915 2 2 0 1 445 1126 272
1916 2 2 0 1 848 849 653
1917 2 2 0 1 815 820 819
1918 2 2 0 1 784 904 780
1919 2 2 0 1 626 1052 628
1920 2 2 0 1 270 1078 630
1921 2 2 0 1 893 1055 280
1922 2 2 0 1 282 891 624
1923 2 2 0 1 855 856 854
1924 2 2 0 1 497 1099 366
1925 2 2 0 1 224 1056 555
1926 2 2 0 1 289 887 615
1927 2 2 0 1 1026 1087 1084
1928 2 2 0 1 525 1219 1033
1929 2 2 0 1 462 1100 459
1930 2 2 0 1 842 1064 993
1931 2 2 0 1 858 859 647
1932 2 2 0 1 788 1114 1071
1933 2 2 0 1 1035 1036 577
1934 2 2 0 1 466 1001 456
1935 2 2 0 1 515 1040 601
1936 2 2 0 1 277 900 897
1937 2 2 0 1 1108 1211 600
1938 2 2 0 1 990 991 476
1939 2 2 0 1 555 1058 223
1940 2 2 0 1 1056 1226 874
1941 2 2 0 1 218 1177 694
1942 2 2 0 1 516 1170 561
1943 2 2 0 1 805 1213 812
1944 2 2 0 1 655 878 663
1945 2 2 0 1 203 896 678
1946 2 2 0 1 691 896 204
1947 2 2 0 1 857 1147 702
1948 2 2 0 1 863 864 661
1949 2 2 0 1 1071 1114 513
1950 2 2 0 1 291 1132 461
1951 2 2 0 1 700 836 827
1952 2 2 0 1 622 902 275
1953 2 2 0 1 922 1048 285
1954 2 2 0 1 793 1221 980
1955 2 2 0 1 1173 1174 479
1956 2 2 0 1 686 872 871
1957 2 2 0 1 624 893 281
1958 2 2 0 1 276 897 622
1959 2 2 0 1 640 1161 838
1960 2 2 0 1 906 907 749
1961 2 2 0 1 843 1064 1063
1962 2 2 0 1 786 804 802
1963 2 2 0 1 365 1099 1098
1964 2 2 0 1 1009 1010 754
1965 2 2 0 1 319 473 318
1966 2 2 0 1 1021 1041 392
1967 2 2 0 1 271 1126 1078
1968 2 2 0 1 1026 1049 1022
1969 2 2 0 1 809 817 814
1970 2 2 0 1 936 1130 977
1971 2 2 0 1 951 954 953
1972 2 2 0 1 326 472 325
1973 2 2 0 1 459 1100 466
1974 2 2 0 1 1028 1151 694
1975 2 2 0 1 383 1081 492
1976 2 2 0 1 1014 1081 384
1977 2 2 0 1 1026 1139 1087
1978 2 2 0 1 903 1118 1116
1979 2 2 0 1 884 885 518
1980 2 2 0 1 986 1156 452
1981 2 2 0 1 958 1074 497
1982 2 2 0 1 733 978 354
1983 2 2 0 1 767 1075 913
1984 2 2 0 1 875 876 670
1985 2 2 0 1 615 916 288
1986 2 2 0 1 1117 1118 584
1987 2 2 0 1 646 1092 649
1988 2 2 0 1 355 934 733
1989 2 2 0 1 839 1169 668
1990 2 2 0 1 1075 1181 755
1991 2 2 0 1 949 1159 956
1992 2 2 0 1 746 906 749
1993 2 2 0 1 868 1142 820
1994 2 2 0 1 516 1097 907
1995 2 2 0 1 726 1107 388
1996 2 2 0 1 507 1216 998
1997 2 2 0 1 1029 1159 948
1998 2 2 0 1 644 1093 646
1999 2 2 0 1 1136 1142 469
2000 2 2 0 1 690 980 886
2001 2 2 0 1 704 986 923
2002 2 2 0 1 492 1091 382
2003 2 2 0 1 659 1089 662
2004 2 2 0 1 808 1195 813
2005 2 2 0 1 336 926 756
2006 2 2 0 1 852 1006 710
2007 2 2 0 1 469 1142 868
2008 2 2 0 1 778 926 337
2009 2 2 0 1 942 1079 960
2010 2 2 0 1 585 1165 1006
2011 2 2 0 1 1006 1165 650
2012 2 2 0 1 496 1184 901
2013 2 2 0 1 918 921 915
2014 2 2 0 1 756 908 335
2015 2 2 0 1 614 922 286
2016 2 2 0 1 561 1170 481
2017 2 2 0 1 737 1102 739
2018 2 2 0 1 691 980 896
2019 2 2 0 1 894 1188 1
2020 2 2 0 1 1049 1050 723
2021 2 2 0 1 385 1018 1014
2022 2 2 0 1 287 916 614
2023 2 2 0 1 603 1186 861
2024 2 2 0 1 465 1171 495
2025 2 2 0 1 880 1208 1062
2026 2 2 0 1 891 892 624
2027 2 2 0 1 880 992 822
2028 2 2 0 1 663 1007 657
2029 2 2 0 1 897 898 622
2030 2 2 0 1 934 935 733
2031 2 2 0 1 1028 1177 556
2032 2 2 0 1 942 960 358
2033 2 2 0 1 537 1227 1168
2034 2 2 0 1 730 1111 732
2035 2 2 0 1 1145 1146 758
2036 2 2 0 1 888 1137 889
2037 2 2 0 1 438 1190 1095
2038 2 2 0 1 891 1156 892
2039 2 2 0 1 908 928 334
2040 2 2 0 1 742 917 344
2041 2 2 0 1 823 1072 801
2042 2 2 0 1 150 978 977
2043 2 2 0 1 723 1204 718
2044 2 2 0 1 345 970 742
2045 2 2 0 1 837 1169 1141
2046 2 2 0 1 847 1176 721
2047 2 2 0 1 898 1233 622
2048 2 2 0 1 1014 1082 1081
2049 2 2 0 1 735 934 356
2050 2 2 0 1 903 1115 639
2051 2 2 0 1 1049 1084 1050
2052 2 2 0 1 952 1202 944
2053 2 2 0 1 694 1177 1028
2054 2 2 0 1 477 1154 994
2055 2 2 0 1 714 716 715
2056 2 2 0 1 788 929 330
2057 2 2 0 1 687 1226 1101
2058 2 2 0 1 704 1157 1156
2059 2 2 0 1 1059 1158 588
2060 2 2 0 1 1032 1209 443
2061 2 2 0 1 333 928 513
2062 2 2 0 1 331 1114 788
2063 2 2 0 1 505 1219 501
2064 2 2 0 1 678 894 202
2065 2 2 0 1 723 1140 1049
2066 2 2 0 1 504 1100 462
2067 2 2 0 1 813 1195 810
2068 2 2 0 1 357 960 735
2069 2 2 0 1 583 1127 1121
2070 2 2 0 1 887 888 615
2071 2 2 0 1 839 1089 1007
2072 2 2 0 1 988 1212 987
2073 2 2 0 1 760 1128 1123
2074 2 2 0 1 506 1144 1142
2075 2 2 0 1 329 929 762
2076 2 2 0 1 513 1114 332
2077 2 2 0 1 1049 1140 1022
2078 2 2 0 1 756 909 908
2079 2 2 0 1 977 1130 734
2080 2 2 0 1 943 1079 990
2081 2 2 0 1 850 1192 1005
2082 2 2 0 1 595 1210 1059
2083 2 2 0 1 601 1112 596
2084 2 2 0 1 338 985 778
2085 2 2 0 1 719 1139 1024
2086 2 2 0 1 322 966 771
2087 2 2 0 1 981 1093 644
2088 2 2 0 1 359 991 942
2089 2 2 0 1 1050 1086 847
2090 2 2 0 1 762 933 328
2091 2 2 0 1 790 1131 1054
2092 2 2 0 1 387 1107 725
2093 2 2 0 1 343 917 743
2094 2 2 0 1 1007 1089 659
2095 2 2 0 1 393 1024 1021
2096 2 2 0 1 768 1102 737
2097 2 2 0 1 1125 1187 557
2098 2 2 0 1 950 1185 1145
2099 2 2 0 1 347 971 744
2100 2 2 0 1 1135 1222 510
2101 2 2 0 1 800 966 323
2102 2 2 0 1 725 1018 386
2103 2 2 0 1 1191 1198 483
2104 2 2 0 1 881 1138 632
2105 2 2 0 1 494 1163 989
2106 2 2 0 1 744 970 346
2107 2 2 0 1 819 1144 824
2108 2 2 0 1 353 977 734
2109 2 2 0 1 309 1110 807
2110 2 2 0 1 904 1184 496
2111 2 2 0 1 734 975 352
2112 2 2 0 1 771 932 321
2113 2 2 0 1 1033 1219 530
2114 2 2 0 1 1156 1157 892
2115 2 2 0 1 1034 1109 448
2116 2 2 0 1 1142 1144 820
2117 2 2 0 1 1128 1140 724
2118 2 2 0 1 874 1226 687
2119 2 2 0 1 843 1164 1064
2120 2 2 0 1 348 994 971
2121 2 2 0 1 843 1110 310
2122 2 2 0 1 929 930 762
2123 2 2 0 1 608 1211 1108
2124 2 2 0 1 1121 1127 1120
2125 2 2 0 1 594 1203 1105
2126 2 2 0 1 606 1186 610
2127 2 2 0 1 800 1230 1077
2128 2 2 0 1 905 1182 623
2129 2 2 0 1 457 1113 1112
2130 2 2 0 1 1206 1207 399
2131 2 2 0 1 479 1232 1222
2132 2 2 0 1 975 976 351
2133 2 2 0 1 557 1187 707
2134 2 2 0 1 398 1207 720
2135 2 2 0 1 649 1092 654
2136 2 2 0 1 628 1160 631
2137 2 2 0 1 803 1225 315
2138 2 2 0 1 662 1089 666
2139 2 2 0 1 720 1193 397
2140 2 2 0 1 687 1101 974
2141 2 2 0 1 725 1214 1018
2142 2 2 0 1 739 1102 745
2143 2 2 0 1 316 1062 803
2144 2 2 0 1 1119 1121 1120
2145 2 2 0 1 833 1068 1067
2146 2 2 0 1 1112 1113 458
2147 2 2 0 1 782 1073 792
2148 2 2 0 1 732 1111 768
2149 2 2 0 1 1023 1026 1022
2150 2 2 0 1 396 1193 1162
2151 2 2 0 1 840 999 997
2152 2 2 0 1 594 1160 1052
2153 2 2 0 1 839 1215 576
2154 2 2 0 1 966 1072 771
2155 2 2 0 1 759 1060 1012
2156 2 2 0 1 834 1124 627
2157 2 2 0 1 1223 1224 298
2158 2 2 0 1 1141 1172 837
2159 2 2 0 1 1086 1197 1179
2160 2 2 0 1 1054 1131 676
2161 2 2 0 1 1124 1233 898
2162 2 2 0 1 719 1024 394
2163 2 2 0 1 1085 1206 1197
2164 2 2 0 1 704 1156 986
2165 2 2 0 1 851 1192 850
2166 2 2 0 1 395 1162 719
2167 2 2 0 1 492 1178 1091
2168 2 2 0 1 504 1183 1100
2169 2 2 0 1 895 1215 663
2170 2 2 0 1 600 1194 927
2171 2 2 0 1 1141 1169 576
2172 2 2 0 1 361 1134 476
2173 2 2 0 1 721 1176 783
2174 2 2 0 1 478 985 339
2175 2 2 0 1 820 1144 819
2176 2 2 0 1 790 1212 988
2177 2 2 0 1 514 1199 602
2178 2 2 0 1 340 1150 478
2179 2 2 0 1 631 1160 636
2180 2 2 0 1 933 969 327
2181 2 2 0 1 311 1164 843
2182 2 2 0 1 324 1230 800
2183 2 2 0 1 696 1121 1119
2184 2 2 0 1 961 1185 950
2185 2 2 0 1 1105 1203 590
2186 2 2 0 1 476 991 360
2187 2 2 0 1 646 1093 1092
2188 2 2 0 1 1098 1099 979
2189 2 2 0 1 1027 1178 1011
2190 2 2 0 1 668 1169 837
2191 2 2 0 1 1061 1062 317
2192 2 2 0 1 477 994 349
2193 2 2 0 1 932 972 320
2194 2 2 0 1 982 1235 432
2195 2 2 0 1 700 1180 836
2196 2 2 0 1 602 1199 515
2197 2 2 0 1 901 1184 487
2198 2 2 0 1 350 976 477
2199 2 2 0 1 987 1212 791
2200 2 2 0 1 692 1226 1056
2201 2 2 0 1 817 1173 1135
2202 2 2 0 1 487 1191 901
2203 2 2 0 1 754 1234 982
2204 2 2 0 1 1086 1176 847
2205 2 2 0 1 834 1233 1124
2206 2 2 0 1 511 1164 312
2207 2 2 0 1 1073 1188 792
2208 2 2 0 1 1123 1128 729
2209 2 2 0 1 1077 1230 472
2210 2 2 0 1 610 1186 605
2211 2 2 0 1 432 1235 984
2212 2 2 0 1 678 1221 894
2213 2 2 0 1 297 1224 507
2214 2 2 0 1 562 1205 1044
2215 2 2 0 1 1052 1160 628
2216 2 2 0 1 487 1198 1191
2217 2 2 0 1 1133 1134 362
2218 2 2 0 1 1005 1192 699
2219 2 2 0 1 841 993 846
2220 2 2 0 1 924 1066 1065
2221 2 2 0 1 1010 1234 754
2222 2 2 0 1 822 1208 880
2223 2 2 0 1 964 1234 1010
2224 2 2 0 1 588 1093 981
2225 2 2 0 1 1085 1197 1050
2226 2 2 0 1 1007 1215 839
2227 2 2 0 1 866 1129 1057
2228 2 2 0 1 1050 1197 1086
2229 2 2 0 1 473 1061 318
2230 2 2 0 1 721 1204 847
2231 2 2 0 1 1131 1217 676
2232 2 2 0 1 586 1158 1059
2233 2 2 0 1 576 1169 839
2234 2 2 0 1 846 1208 841
2235 2 2 0 1 472 1230 325
2236 2 2 0 1 326 969 472
2237 2 2 0 1 736 1146 1145
2238 2 2 0 1 319 972 473
2239 2 2 0 1 1149 1150 341
2240 2 2 0 1 847 1204 723
2241 2 2 0 1 833 1228 821
2242 2 2 0 1 663 1215 1007
2243 2 2 0 1 1085 1207 1206
2244 2 2 0 1 1059 1210 586
2245 2 2 0 1 1078 1126 835
2246 2 2 0 1 1234 1235 982
2247 2 2 0 1 552 1187 1125
2248 2 2 0 1 574 1172 1141
2249 2 2 0 1 924 1067 1066
2250 2 2 0 1 880 1062 1061
2251 2 2 0 1 1222 1232 471
2252 2 2 0 1 1070 1224 1223
2253 2 2 0 1 964 1235 1234
2254 2 2 0 1 952 1134 1133
2255 2 2 0 1 914 1150 1149
2256 2 2 0 1 1162 1193 1087
2257 2 2 0 1 823 972 932
2258 2 2 0 1 1 722 404
2259 2 2 0 1 1 1176 722
2260 2 2 0 1 295 998 294
2261 2 2 0 1 301 607 300
2262 2 2 0 1 301 826 607
2263 2 2 0 1 307 925 306
2264 2 2 0 1 306 925 811
2265 2 2 0 1 314 846 313
2266 2 2 0 1 390 726 389
2267 2 2 0 1 431 726 390
2268 2 2 0 1 402 1179 401
2269 2 2 0 1 870 988 428
2270 2 2 0 1 641 981 642
2271 2 2 0 1 675 683 677
2272 2 2 0 1 748 795 751
2273 2 2 0 1 757 772 763
2274 2 2 0 1 806 817 809
2275 2 2 0 1 814 820 815
$EndElements
