$MeshFormat
2.2 0 8
$EndMeshFormat
$Nodes
2773
1 0 0 0
2 0 63.5 0
3 7.874 63.5 0
4 22.25 57.57847 0
5 55.8766 24.051 0
6 64.83803 20.32 0
7 68.14964999999999 20.762 0
8 185.039 52.322 0
9 185.039 0 0
10 64.83803 0 0
11 0 8.835727359982579 0
12 0 17.67145471995559 0
13 0 26.50718207992768 0
14 0 35.34290943992265 0
15 0 44.17863679995132 0
16 0 53.01436415997359 0
17 0 61.85005694957947 0
18 0 62.20835287247895 0
19 0 62.50693522681656 0
20 0 62.7556880748327 0
21 0 62.96330198529432 0
22 0 63.13602164462206 0
23 0 63.28022778320248 0
24 0 63.4002206493296 0
25 0 2.945242453327342 0
26 0 5.89048490665534 0
27 0 11.78096981330737 0
28 0 14.72621226663185 0
29 0 20.61669717328013 0
30 0 23.56193962660345 0
31 0 29.45242453325358 0
32 0 32.39766698658236 0
33 0 38.28815189326554 0
34 0 41.23339434660843 0
35 0 47.12387925329236 0
36 0 50.0691217066334 0
37 0 55.95961129696618 0
38 0 58.90482378967761 0
39 0 61.96966871537326 0
40 0 62.08909111018828 0
41 0 62.30800664826263 0
42 0 62.40753249205245 0
43 0 62.58992840817458 0
44 0 62.67284627271817 0
45 0 62.8249565304822 0
46 0 62.89415007800854 0
47 0 63.02091595878669 0
48 0 63.0784871356102 0
49 0 63.18409213073212 0
50 0 63.23218314052858 0
51 0 63.32028071507957 0
52 0 63.3602705619052 0
53 0 63.43349121051706 0
54 0 63.46671269219812 0
55 2.624287096650853 63.5 0
56 5.249787089197957 63.5 0
57 15.6430829995097 61.95614841618826 0
58 10.5811964392622 63.31885516704577 0
59 13.07168565894388 62.82399307144067 0
60 18.07107029606558 60.75618153573457 0
61 20.19331682624193 59.33972873951393 0
62 28.97531999998818 50.87297600001179 0
63 35.70063999995609 44.16748200004378 0
64 42.4259599999583 37.46198800004157 0
65 49.15127999997777 30.75649400002217 0
66 24.49143849471272 55.34363918486181 0
67 26.73373447037748 53.10795341659439 0
68 31.21709333331225 48.63781133335436 0
69 33.4588666666391 46.40264666669416 0
70 37.9424133332839 41.93231733338262 0
71 40.1841866666155 39.69715266671768 0
72 44.66773333329721 35.22682333336935 0
73 46.90950666664043 32.99165866669283 0
74 51.39628559345299 28.51810660179955 0
75 53.62984066463855 26.29113597014122 0
76 58.43484183390693 22.06429331855273 0
77 61.62501996543257 20.73623746904055 0
78 65.95456147423347 20.36944923832641 0
79 67.06949117292965 20.51868948848483 0
80 77.14113846152546 23.1896923076888 0
81 86.13262692304427 25.6173846153758 0
82 95.12411538456459 28.04507692306321 0
83 104.1156038460798 30.47276923074925 0
84 113.1070923075879 32.90046153843334 0
85 122.0985807691026 35.32815384611924 0
86 131.0900692306341 37.75584615380967 0
87 140.0815576921829 40.18353846150477 0
88 149.0730461537527 42.61123076920555 0
89 158.0645346153117 45.0389230769034 0
90 167.0560230768712 47.46661538460137 0
91 176.0475115384408 49.89430769230209 0
92 71.14775718858949 21.57148574760562 0
93 74.14342053143271 22.3803116594627 0
94 80.13830128203574 23.99892307691889 0
95 83.13546410254118 24.80815384614766 0
96 89.12978974355065 26.42661538460483 0
97 92.12695256405821 27.23584615383418 0
98 98.12127820506674 28.8543076922911 0
99 101.1184410255729 29.66353846152008 0
100 107.1127666665854 31.28199999997805 0
101 110.1099294870884 32.09123076920618 0
102 116.1042551280967 33.70969230766303 0
103 119.1014179486007 34.51892307689143 0
104 125.0957435896018 36.13738461534635 0
105 128.0929064101118 36.94661538457633 0
106 134.08723205115 38.56507692304128 0
107 137.0843948716666 39.37430769227306 0
108 143.0787205127045 40.99276923073793 0
109 146.0758833332274 41.80199999997141 0
110 152.0702089742724 43.42046153843816 0
111 155.0673717947923 44.22969230767086 0
112 161.0616974358313 45.848153846136 0
113 164.0588602563514 46.65738461536871 0
114 170.0531858973941 48.27584615383487 0
115 173.0503487179169 49.08507692306834 0
116 179.044674358957 50.70353846153377 0
117 182.0418371794787 51.51276923076696 0
118 185.039 52.222 0
119 185.039 52.102 0
120 185.039 51.95800000000001 0
121 185.039 51.7852 0
122 185.039 51.57784 0
123 185.039 51.329008 0
124 185.039 51.03040960000001 0
125 185.039 50.67209152 0
126 185.039 42.22674293335147 0
127 185.039 33.78139434671576 0
128 185.039 25.33604576007241 0
129 185.039 16.89069717338069 0
130 185.039 8.445348586693477 0
131 185.039 52.28866666666406 0
132 185.039 52.25533333332822 0
133 185.039 52.18199999999248 0
134 185.039 52.14199999999258 0
135 185.039 52.05399999999283 0
136 185.039 52.00599999999297 0
137 185.039 51.9003999999933 0
138 185.039 51.84279999999341 0
139 185.039 51.71607999999397 0
140 185.039 51.64695999999418 0
141 185.039 51.49489599999455 0
142 185.039 51.41195199999479 0
143 185.039 51.2294751999952 0
144 185.039 51.12994239999555 0
145 185.039 50.91097023999632 0
146 185.039 50.79153087999669 0
147 185.039 47.85697532444904 0
148 185.039 45.04185912889821 0
149 185.039 39.41162673780713 0
150 185.039 36.59651054226203 0
151 185.039 30.96627815116744 0
152 185.039 28.15116195562485 0
153 185.039 22.52092956450797 0
154 185.039 19.70581336894401 0
155 185.039 14.07558097782074 0
156 185.039 11.26046478225482 0
157 185.039 5.630232391130747 0
158 185.039 2.815116195563355 0
159 175.7927715384726 0 0
160 166.5465430769602 0 0
161 157.3003146154487 0 0
162 148.0540861539461 0 0
163 138.8078576924311 0 0
164 129.5616292309247 0 0
165 120.3154007693862 0 0
166 111.06917230782 0 0
167 101.8229438462548 0 0
168 92.57671538469309 0 0
169 83.33048692312686 0 0
170 74.08425846156622 0 0
171 181.9569238461665 0 0
172 178.8748476923249 0 0
173 172.7106953846327 0 0
174 169.6286192307926 0 0
175 163.4644669231271 0 0
176 160.3823907692928 0 0
177 154.2182384616057 0 0
178 151.1361623077752 0 0
179 144.9720100001077 0 0
180 141.8899338462694 0 0
181 135.7257815385931 0 0
182 132.6437053847555 0 0
183 126.479553077088 0 0
184 123.3974769232413 0 0
185 117.2333246155308 0 0
186 114.1512484616754 0 0
187 107.9870961539635 0 0
188 104.9050200001095 0 0
189 98.74086769240137 0 0
190 95.65879153854654 0 0
191 89.49463923083589 0 0
192 86.41256307698139 0 0
193 80.24841076927331 0 0
194 77.16633461541977 0 0
195 71.00218230771081 0 0
196 67.92010615385541 0 0
197 55.57545428573235 0 0
198 46.31287857147301 0 0
199 37.05030285721504 0 0
200 27.7877271429331 0 0
201 18.52515142862241 0 0
202 9.262575714310493 0 0
203 61.75050476190864 0 0
204 58.66297952381957 0 0
205 52.48792904764798 0 0
206 49.40040380955993 0 0
207 43.22535333338467 0 0
208 40.13782809530111 0 0
209 33.96277761912743 0 0
210 30.87525238103367 0 0
211 24.70020190482916 0 0
212 21.61267666672578 0 0
213 15.4376261905164 0 0
214 12.35010095241408 0 0
215 6.175050476202514 0 0
216 3.087525238100646 0 0
217 15.60673009164308 61.86755951641981 0
218 15.56119463277764 61.75572135397048 0
219 15.5046448491977 61.6190572963875 0
220 15.43662982448436 61.45412570605065 0
221 15.35596279374595 61.25785293693625 0
222 15.25902172170652 61.02183886144741 0
223 15.14270928438916 60.73869338437992 0
224 15.0038624237354 60.40060438730581 0
225 28.90471377891102 50.8021610189329 0
226 28.81998631361844 50.71718304163823 0
227 28.71831335526733 50.61520946888462 0
228 28.596305805246 50.4928411815803 0
229 28.44989674522041 50.34599923681511 0
230 28.27420587318971 50.16978890309689 0
231 28.06337682675285 49.95833650263501 0
232 27.81038197102863 49.70459362208076 0
233 35.63003377887893 44.09666701896489 0
234 35.54530631358634 44.01168904167022 0
235 35.44363335523524 43.90971546891662 0
236 35.32162580521391 43.7873471816123 0
237 35.17521674518832 43.6405052368471 0
238 34.99952587315762 43.46429490312888 0
239 34.78869682672076 43.25284250266701 0
240 34.53570197099654 42.99909962211276 0
241 42.35535377888115 37.39117301896268 0
242 42.27062631358856 37.30619504166801 0
243 42.16895335523746 37.2042214689144 0
244 42.04694580521613 37.08185318161009 0
245 41.90053674519054 36.93501123684489 0
246 41.72484587315983 36.75880090312667 0
247 41.51401682672297 36.5473485026648 0
248 41.26102197099875 36.29360562211055 0
249 49.08067377890061 30.68567901894327 0
250 48.99594631360802 30.60070104164861 0
251 48.89427335525692 30.498727468895 0
252 48.77226580523559 30.37635918159068 0
253 48.62585674521 30.22951723682549 0
254 48.45016587317929 30.05330690310726 0
255 48.23933682674244 29.84185450264539 0
256 47.98634197101822 29.58811162209114 0
257 77.16720495091256 23.09314937355568 0
258 77.1984847381771 22.97729785259594 0
259 77.23602048289455 22.83827602744425 0
260 77.28106337655547 22.67144983726222 0
261 77.33511484894858 22.47125840904379 0
262 77.39997661582031 22.23102869518166 0
263 77.47781073606639 21.94275303854712 0
264 77.57121168036169 21.59682225058566 0
265 86.15869341243138 25.52084168124268 0
266 86.18997319969591 25.40499016028294 0
267 86.22750894441336 25.26596833513125 0
268 86.27255183807428 25.09914214494922 0
269 86.32660331046739 24.89895071673079 0
270 86.39146507733912 24.65872100286866 0
271 86.4692991975852 24.37044534623412 0
272 86.5627001418805 24.02451455827266 0
273 95.15018187395169 27.94853398893009 0
274 95.18146166121623 27.83268246797035 0
275 95.21899740593368 27.69366064281866 0
276 95.2640402995946 27.52683445263663 0
277 95.31809177198771 27.3266430244182 0
278 95.38295353885944 27.08641331055607 0
279 95.46078765910552 26.79813765392153 0
280 95.55418860340082 26.45220686596007 0
281 104.1416703354669 30.37622629661614 0
282 104.1729501227315 30.26037477565639 0
283 104.2104858674489 30.1213529505047 0
284 104.2555287611098 29.95452676032267 0
285 104.309580233503 29.75433533210424 0
286 104.3744420003747 29.51410561824212 0
287 104.4522761206208 29.22582996160757 0
288 104.5456770649161 28.87989917364612 0
289 113.133158796975 32.80391860430022 0
290 113.1644385842395 32.68806708334048 0
291 113.201974328957 32.54904525818879 0
292 113.2470172226179 32.38221906800676 0
293 113.301068695011 32.18202763978832 0
294 113.3659304618827 31.9417979259262 0
295 113.4437645821288 31.65352226929166 0
296 113.5371655264241 31.3075914813302 0
297 122.1246472584897 35.23161091198612 0
298 122.1559270457542 35.11575939102637 0
299 122.1934627904717 34.97673756587469 0
300 122.2385056841326 34.80991137569266 0
301 122.2925571565257 34.60971994747422 0
302 122.3574189233974 34.3694902336121 0
303 122.4352530436435 34.08121457697755 0
304 122.5286539879388 33.7352837890161 0
305 131.1161357200212 37.65930321967655 0
306 131.1474155072858 37.54345169871681 0
307 131.1849512520032 37.40442987356512 0
308 131.2299941456641 37.23760368338309 0
309 131.2840456180572 37.03741225516465 0
310 131.348907384929 36.79718254130253 0
311 131.4267415051751 36.50890688466799 0
312 131.5201424494704 36.16297609670654 0
313 140.10762418157 40.08699552737165 0
314 140.1389039688345 39.9711440064119 0
315 140.176439713552 39.83212218126022 0
316 140.2214826072129 39.66529599107819 0
317 140.275534079606 39.46510456285975 0
318 140.3403958464777 39.22487484899763 0
319 140.4182299667238 38.93659919236308 0
320 140.5116309110191 38.59066840440163 0
321 149.0991126431398 42.51468783507243 0
322 149.1303924304044 42.39883631411269 0
323 149.1679281751218 42.259814488961 0
324 149.2129710687827 42.09298829877897 0
325 149.2670225411758 41.89279687056053 0
326 149.3318843080476 41.65256715669841 0
327 149.4097184282937 41.36429150006386 0
328 149.503119372589 41.01836071210241 0
329 158.0906011046989 44.94238014277028 0
330 158.1218808919634 44.82652862181054 0
331 158.1594166366808 44.68750679665885 0
332 158.2044595303418 44.52068060647682 0
333 158.2585110027348 44.32048917825838 0
334 158.3233727696066 44.08025946439626 0
335 158.4012068898527 43.79198380776172 0
336 158.494607834148 43.44605301980027 0
337 167.0820895662583 47.37007245046825 0
338 167.1133693535228 47.25422092950851 0
339 167.1509050982402 47.11519910435682 0
340 167.1959479919012 46.94837291417479 0
341 167.2499994642943 46.74818148595635 0
342 167.314861231166 46.50795177209423 0
343 167.3926953514121 46.21967611545968 0
344 167.4860962957074 45.87374532749823 0
345 176.0735780278279 49.79776475816897 0
346 176.1048578150924 49.68191323720923 0
347 176.1423935598099 49.54289141205754 0
348 176.1874364534708 49.37606522187551 0
349 176.2414879258639 49.17587379365708 0
350 176.3063496927357 48.93564407979495 0
351 176.3841838129817 48.64736842316041 0
352 176.477584757277 48.30143763519896 0
353 7.870533974715059 63.40125540349726 0
354 7.853235525187213 63.28348115035369 0
355 7.839902240007111 63.13783826043703 0
356 7.822328858143849 62.96495632978796 0
357 7.801337631016925 62.75607817908516 0
358 7.776489872053634 62.5080746913337 0
359 7.746718616168653 62.20849865178534 0
360 7.711523468660956 61.84980562478056 0
361 22.18222278266801 57.50616836419441 0
362 22.11136810577719 57.41029889888109 0
363 22.01882328229197 57.29717593980114 0
364 21.90964353709915 57.16220627574188 0
365 21.77766862189661 56.99945923145286 0
366 21.62051091556557 56.80579101458671 0
367 21.43089795271612 56.57246809938297 0
368 21.20219359269823 56.29341682013729 0
369 55.87065971346546 23.92928782623203 0
370 55.77999321685427 23.86175472354115 0
371 55.69104454793848 23.7705872210135 0
372 55.60527024300878 23.65535971668404 0
373 55.48103521906669 23.4817108666925 0
374 55.35387397027647 23.28668760612147 0
375 55.16970467690382 23.00523819562968 0
376 54.94854133346891 22.66765790623241 0
377 64.7580202405575 20.23134759259738 0
378 64.778400227539 20.1198800684853 0
379 64.78851352914846 19.98832123729493 0
380 64.78241460741634 19.84106518931263 0
381 64.7636395814082 19.62116768142906 0
382 64.72994824756516 19.38258578645899 0
383 64.67638016565283 19.0437807678108 0
384 64.61519210866764 18.63973017836694 0
385 68.17099492226002 20.66305319506012 0
386 68.19766748025377 20.54657625839944 0
387 68.22609809264516 20.40515553943358 0
388 68.25850212848528 20.23497797558406 0
389 68.29785401621335 20.02965659527096 0
390 68.34620574464284 19.78527906212566 0
391 68.40490868195916 19.49292619978711 0
392 68.47446700249245 19.14213880002584 0
393 8.143449147323762 22.25804800718796 0
394 177.3712043906792 21.68286490468236 0
395 152.0151380852536 8.196898219289171 0
396 38.18885767784459 26.61838445256484 0
397 134.4880500295277 8.719048684807738 0
398 156.1217788700003 34.45091035097818 0
399 23.71678687922384 41.37067177880176 0
400 23.80225256553059 7.864889437435093 0
401 114.9467577477158 7.131391866284475 0
402 66.55761815652467 15.87391918297762 0
403 62.69827537091429 14.75404406925808 0
404 138.194301848873 29.50670567660959 0
405 14.54639861557567 52.97976771881755 0
406 40.82835075684199 7.872377184999988 0
407 102.0981602535409 19.89615107804149 0
408 7.850856239177689 38.75185037689532 0
409 120.2743226833009 24.42814260249587 0
410 87.11884217814455 8.435351051119085 0
411 171.5374906948289 8.244276713876642 0
412 71.58785695518078 15.05623131733359 0
413 66.84034108436711 11.69117110731418 0
414 61.08624189229379 9.863478498642728 0
415 173.3449933633733 38.19277664729947 0
416 78.93052242090577 13.04696408399688 0
417 73.01088633402671 8.527262729064994 0
418 56.99822568486432 14.94207073166247 0
419 55.17479528246906 8.367630042512337 0
420 48.82540387552015 14.25164485973996 0
421 39.89861361582464 17.10264487424492 0
422 32.50074851246721 12.52959013147228 0
423 25.25916952158655 17.49474764119162 0
424 16.09565439971723 15.25594318917602 0
425 18.31596348461058 23.95927859932626 0
426 27.41553123192831 26.21522391804583 0
427 12.65920178955336 30.83438700210347 0
428 164.9790001555171 36.73743955886354 0
429 162.7886734861131 28.01824472341159 0
430 153.8772697571785 25.51837859528823 0
431 160.3056014861762 19.66942246157896 0
432 171.0669577594121 29.31906837079491 0
433 161.9043084838498 7.29443128124546 0
434 147.1911552976357 31.89936860493418 0
435 144.8833786160903 23.02141773960936 0
436 135.9617544874864 20.23363072360176 0
437 143.3791439397779 13.87268661882499 0
438 127.1468959398197 16.05125919943777 0
439 129.2710118994816 26.6863330146446 0
440 111.2277876433464 22.35395901446699 0
441 93.06674605752609 16.12256714547741 0
442 100.6976169672909 10.48738165840226 0
443 7.5564592819051 48.10320536801575 0
444 14.97365090553417 44.57750595159187 0
445 7.266879670906366 12.89560115898819 0
446 31.48267565852294 34.20897160162463 0
447 168.9433403108594 21.72436433711844 0
448 108.6355589684756 13.49897454506512 0
449 151.7958021271691 17.04054810471237 0
450 21.52247174530596 32.29000422003084 0
451 178.4637389846412 13.0040171466363 0
452 118.2510713175318 15.81290438499238 0
453 124.7250065242588 7.345234663351656 0
454 79.29499926355402 6.001915572836192 0
455 13.54187842195314 7.030386786680581 0
456 20.62673298932597 49.10804804673774 0
457 178.6933177082198 31.05270311159975 0
458 166.0765683303478 14.38390479774761 0
459 59.81246769441033 17.7439768294253 0
460 8.963857526358906 55.26961364093586 0
461 32.65258411193026 19.9921182035039 0
462 143.3488551801873 6.157726704584379 0
463 85.2137106345609 16.65323807840596 0
464 15.70083606870952 37.25910160541471 0
465 107.4344099675114 6.223549613950371 0
466 45.96798327890544 22.04291833628701 0
467 67.65419956673276 5.290407987136144 0
468 5.449496144613311 30.85719941199595 0
469 179.0634513297527 5.958245215408943 0
470 6.298756752631748 6.165886934484197 0
471 157.3596252748526 13.00967023276727 0
472 179.718779165774 38.71101093483308 0
473 94.57770059190764 6.493581839303017 0
474 60.67745790185148 4.474210608052859 0
475 172.6302374665299 16.07816926311064 0
476 32.40618916687178 5.203387045725465 0
477 49.34337655440731 6.098330417450457 0
478 2.570793598915402 61.84968355307726 0
479 5.141747019440971 61.84977997445068 0
480 5.141570791007657 58.90464975159636 0
481 2.570848691563488 55.95965779003495 0
482 2.570870943551878 58.90482788312559 0
483 179.3313898381847 49.09165559679832 0
484 182.1851949190923 49.88187355839769 0
485 182.1851949190923 44.25164116730063 0
486 179.3313898381847 46.2765394012498 0
487 182.1851949190923 47.06675736284873 0
488 71.5069019867512 19.95989517991342 0
489 74.53897077751385 20.77820378499494 0
490 75.57676010530139 19.41662527283497 0
491 73.58230853024108 17.23642829508428 0
492 70.55015915449248 16.41772826539381 0
493 69.5123696421561 17.77934483805646 0
494 72.54459378507664 18.59793882131297 0
495 135.4705196681669 16.39543671067042 0
496 134.9792848488473 12.55724269773908 0
497 132.0409986662917 11.16311885635108 0
498 129.5939473030557 13.60718902789442 0
499 130.0851821223753 17.44538304082576 0
500 133.0234683049309 18.83950688221376 0
501 132.5322334856113 15.00131286928242 0
502 138.4342176382503 18.1133160220095 0
503 140.9066807890141 15.99300132041724 0
504 140.4154459696945 12.1548073074859 0
505 137.4517479996111 10.43692799614682 0
506 137.9429828189307 14.27512200907816 0
507 124.8560381876468 18.8435536671238 0
508 122.5651804354739 21.63584813480983 0
509 123.2732190886945 25.18087273987878 0
510 126.272115494088 25.93360287726169 0
511 128.5629732462609 23.14130840957566 0
512 127.8549345930403 19.59628380450671 0
513 125.5640768408674 22.38857827219274 0
514 13.44491931558607 17.58997812851333 0
515 10.79418423145492 19.92401306785064 0
516 11.5342872597527 22.82512487123406 0
517 14.92512537218164 23.39220173528016 0
518 17.5758604563128 21.05816679594285 0
519 16.83575742801501 18.15705499255943 0
520 14.18502234388386 20.49108993189675 0
521 68.23436442274337 15.60135656109628 0
522 69.91111068896208 15.32879393921493 0
523 70.00535166490955 13.93454458066045 0
524 68.42284637463834 12.81285784398731 0
525 66.74610010841963 13.08542046586866 0
526 66.65185913247215 14.47966982442314 0
527 68.32860539869084 14.2071072025418 0
528 131.5012594288165 24.53543225096366 0
529 133.7315069581515 22.38453148728271 0
530 130.7932207755959 20.99040764589471 0
531 13.15272949011361 14.46916251244674 0
532 10.20980458050999 13.68238183571746 0
533 7.559069496378831 16.01641677505478 0
534 7.851259321851297 19.13723239112137 0
535 10.50199440598245 16.80319745178405 0
536 17.88802956343072 43.5085612273285 0
537 20.80240822132728 42.43961650306512 0
538 21.04480327571907 40.00014838767274 0
539 18.37281967221429 38.62962499654373 0
540 15.45844101431774 39.6985697208071 0
541 15.21604595992595 42.13803783619948 0
542 18.13042461782251 41.06909311193611 0
543 9.64870002806696 25.1168276721598 0
544 11.15395090881016 27.97560733713163 0
545 14.5447890212391 28.54268420117773 0
546 16.43037625292484 26.250981400252 0
547 13.0395381404959 25.68390453620589 0
548 16.85801160013143 46.08768664997383 0
549 18.7423722947287 47.59786734835578 0
550 21.65675095262526 46.52892262409241 0
551 22.68676891592455 43.94979720144708 0
552 19.77239025802799 45.01874192571045 0
553 149.1364733700951 10.08882768580111 0
554 146.2578086549365 11.98075715231305 0
555 146.1846966689083 14.92864044745411 0
556 148.9902493980387 15.98459427608324 0
557 151.8689141131972 14.09266480957131 0
558 151.9420260992254 11.14478151443024 0
559 149.0633613840669 13.03671098094217 0
560 173.1683733031678 26.77366721542406 0
561 175.2697888469235 24.22826606005321 0
562 174.5619163640726 21.69669804882772 0
563 171.752628337466 21.71053119297308 0
564 169.6512127937103 24.25593234834393 0
565 170.3590852765612 26.78750035956942 0
566 172.4605008203168 24.24209920419857 0
567 183.265593055258 41.05483226717867 0
568 181.492186110516 39.88292160100588 0
569 178.6383810296084 41.90781983495503 0
570 177.5579828934427 45.104628735077 0
571 180.4117879743504 43.07973050112783 0
572 26.30541647232354 38.98343838640938 0
573 28.89404606542324 36.596204994017 0
574 28.16260768745061 33.56931580776003 0
575 24.84253971637828 32.92966001389544 0
576 22.25391012327858 35.31689340628781 0
577 22.98534850125121 38.34378259254478 0
578 25.57397809435091 35.95654920015239 0
579 149.1263771168982 7.51717438105424 0
580 146.2376161485427 6.83745054281931 0
581 143.3589514333842 8.729380009331248 0
582 143.3690476865811 11.30103331407812 0
583 146.2477124017396 9.409103847566175 0
584 63.00427495631823 10.47270936819988 0
585 64.92230802034267 11.08194023775703 0
586 67.11162724515566 9.557583400588165 0
587 67.38291340594421 7.423995693862155 0
588 65.46488034191977 6.814764824305005 0
589 63.27556111710678 8.339121661473866 0
590 65.19359418113122 8.948352531031013 0
591 34.59774886253916 26.48399760772517 0
592 31.00664004723374 26.3496107628855 0
593 28.77124604079318 28.87980647923876 0
594 30.12696084965806 31.5443890404317 0
595 33.71806966496349 31.67877588527136 0
596 35.95346367140404 29.14858016891811 0
597 32.36235485609861 29.01419332407844 0
598 173.609077742348 29.89694661772986 0
599 176.1511977252839 30.4748248646648 0
600 178.2526132690396 27.92942370929395 0
601 177.8119088298594 24.80614430698816 0
602 175.7104932861037 27.35154546235901 0
603 124.1816210657237 15.97180759462264 0
604 121.2163461916278 15.89235598980751 0
605 118.9254884394549 18.68465045749354 0
606 119.5999055613779 21.5563965299947 0
607 121.8907633135508 18.76410206230867 0
608 25.45117806972086 28.24015068537417 0
609 23.48682490751341 30.2650774527025 0
610 26.80689287858574 30.90473324656709 0
611 176.9105429266043 33.43272762349965 0
612 175.1277681449888 35.81275213539956 0
613 175.4695886308402 38.36552140981067 0
614 177.5941838983071 38.53826617232188 0
615 179.3769586799226 36.15824166042196 0
616 179.0351381940712 33.60547238601086 0
617 177.2523634124557 35.98549689791076 0
618 171.8263029607325 32.27697112962976 0
619 172.5856481620529 35.23487388846461 0
620 174.3684229436684 32.85484937656472 0
621 81.65996233998537 11.50975973970428 0
622 84.38940225906495 9.972555395411684 0
623 84.5108945399477 7.624205891691454 0
624 81.90294690175087 6.813060732263823 0
625 79.17350698267127 8.350265076556422 0
626 79.05201470178852 10.69861458027665 0
627 81.7814546208681 9.161410235984052 0
628 89.10147680460506 10.99775641590519 0
629 91.08411143106558 13.5601617806913 0
630 93.57039756898661 12.91290537675261 0
631 94.07404908044712 9.703243608027815 0
632 92.09141445398662 7.140838243241706 0
633 89.60512831606557 7.788094647180396 0
634 91.58776294252607 10.3505000119665 0
635 116.0481956043212 10.02522937252044 0
636 117.1496334609265 12.91906687875641 0
637 120.4090497197741 12.99034781111214 0
638 122.5670281220165 10.1677912372319 0
639 121.4655902654112 7.273953730995929 0
640 118.2061740065635 7.202672798640202 0
641 119.3076118631688 10.09651030487617 0
642 36.34343315587314 24.4096290362112 0
643 34.4980086339017 22.20087361985755 0
644 30.90689981859628 22.06648677501788 0
645 29.16121552526229 24.14085534653186 0
646 32.75232434056772 24.27524219137153 0
647 46.15971950262743 12.12522230149331 0
648 43.49403512973471 9.998799743246646 0
649 40.51843837650288 10.94913308141497 0
650 40.20852599616376 14.02588897782995 0
651 42.87421036905648 16.1523115360766 0
652 45.84980712228832 15.20197819790828 0
653 43.1841227493956 13.07555563966162 0
654 174.3891904946746 41.56233030993263 0
655 175.4333876259758 44.93188397256579 0
656 176.5137857621415 41.73507507244383 0
657 29.60124986348834 10.97468990012655 0
658 26.70175121450947 9.419789668780822 0
659 24.28789155088258 11.0748421720206 0
660 24.77353053623456 14.28479490660611 0
661 27.67302918521343 15.83969513795184 0
662 30.08688884884032 14.18464263471206 0
663 27.18739019986145 12.62974240336633 0
664 109.4996351934326 16.45063603486574 0
665 110.3637114183895 19.40229752466636 0
666 113.5688822014082 20.17360747130878 0
667 115.90997675947 17.99325592815058 0
668 115.0459005345131 15.04159443834996 0
669 111.8407297514944 14.27028449170754 0
670 112.7048059764513 17.22194598150816 0
671 126.3395994679661 13.1492510207424 0
672 125.5323029961124 10.24724284204703 0
673 123.3743245938701 13.06979941592727 0
674 81.02491849212414 14.24905541546658 0
675 83.11931456334253 15.45114674693627 0
676 85.84875448242211 13.91394240264367 0
677 86.48379833028334 11.17464672688138 0
678 83.75435841120373 12.71185107117397 0
679 101.0727259269456 6.991587772268174 0
680 101.4478348866002 3.495793886134087 0
681 99.40786276147243 2.164527279767672 0
682 96.99278167669003 4.329054559535344 0
683 96.6176727170354 7.824848445669431 0
684 98.65764484216317 9.156115052035846 0
685 99.03275380181778 5.660321165901759 0
686 102.9432146340311 9.06610431025163 0
687 105.1888123007713 7.644826962101001 0
688 105.5639212604259 4.149033075966914 0
689 103.6934325533404 2.074516537983457 0
690 103.3183235936857 5.570310424117542 0
691 95.61036969411437 14.24417198311903 0
692 98.15399333070265 12.36577682076064 0
693 96.11402120557486 11.03451021439423 0
694 87.83138910888263 16.47634776742978 0
695 90.44906758320435 16.29945745645359 0
696 88.46643295674383 13.73705209166749 0
697 19.58192651977381 33.9463700151588 0
698 17.64138129424166 35.60273581028675 0
699 20.31336489774644 36.97325920141576 0
700 22.04321885322787 5.243259624956729 0
701 20.28418514092514 2.621629812478365 0
702 16.86406042639932 2.34346226222686 0
703 15.20296942417623 4.686924524453721 0
704 16.96200313647896 7.308554336932085 0
705 20.38212785100477 7.58672188718359 0
706 18.62309413870205 4.965092074705225 0
707 74.03541211042244 14.38647557288802 0
708 76.48296726566412 13.71671982844245 0
709 76.95731039194608 11.54039696568625 0
710 74.9840983629864 10.03382984737562 0
711 72.53654320774473 10.70358559182119 0
712 72.06220008146276 12.87990845457739 0
713 74.50975523670441 12.21015271013182 0
714 9.88643905979529 49.72872615161635 0
715 12.21641883768548 51.35424693521695 0
716 14.68881604556184 50.17901379640899 0
717 14.831233475548 47.37825987400043 0
718 12.50125369765781 45.75273909039983 0
719 10.02885648978146 46.92797222920779 0
720 12.35883626767165 48.55349301280839 0
721 112.8430248213024 9.253919425878022 0
722 110.739291894889 11.37644698547157 0
723 113.9444626779078 12.14775693211399 0
724 70.95403791747351 9.581898855148054 0
725 68.89718950092031 10.63653498123112 0
726 70.47969479119152 11.75822171790425 0
727 78.02431526054305 18.7468695283894 0
728 78.47741884072441 15.89691680619314 0
729 76.02986368548274 16.56667255063871 0
730 21.23338651025947 10.32857402134873 0
731 18.66452045498835 12.79225860526238 0
732 19.15015944034033 16.00221133984789 0
733 22.20466448096344 16.74847949051975 0
734 21.71902549561145 13.53852675593424 0
735 140.4239941046121 27.34494303094285 0
736 142.6536863603512 25.18318038527611 0
737 141.9095039065557 22.09215540094016 0
738 138.9356291970211 21.16289306227096 0
739 136.7059369412819 23.3246557079377 0
740 137.4501193950775 26.41568069227365 0
741 139.6798116508166 24.2539180466069 0
742 38.0524833420504 9.42478150049075 0
743 35.2766159272588 10.97718581598151 0
744 34.96670354691969 14.05394171239649 0
745 37.43265858137217 15.57829329332071 0
746 37.74257096171128 12.50153739690573 0
747 167.7676645581358 37.22255192167552 0
748 170.5563289607546 37.70766428448749 0
749 169.0376385581137 31.79185876681779 0
750 167.0083193568154 34.26464916284066 0
751 169.7969837594341 34.74976152565264 0
752 40.23696720661403 33.06853189892865 0
753 39.21291244222931 29.84345817574675 0
754 34.74212442934821 34.90384960845326 0
755 38.00157320017348 35.59872761528191 0
756 36.97751843578876 32.3736538921 0
757 125.5258168084493 34.54451455824625 0
758 128.5229796289599 35.35374532747639 0
759 130.7704322661408 33.00409506935256 0
760 130.0207220828111 29.84521404199858 0
761 127.0235592623006 29.03598327276844 0
762 124.7761066251197 31.38563353089227 0
763 127.7732694456302 32.19486430012241 0
764 131.2337021944381 8.261110677655711 0
765 127.9793543593484 7.803172670503684 0
766 128.7866508312021 10.70518084919905 0
767 65.32861901177233 5.018342194108382 0
768 63.0030384568119 4.74627640108062 0
769 60.81371923199892 6.270633238249482 0
770 60.94998056214635 8.067055868446104 0
771 63.13929978695933 6.542699031277243 0
772 159.0741859651725 35.21308675360663 0
773 162.0265930603448 35.97526315623509 0
774 164.2488912657158 33.83104128037956 0
775 163.5187823759144 30.92464300189557 0
776 160.5663752807422 30.16246659926712 0
777 158.3440770753712 32.30668847512265 0
778 161.2964841705435 33.0688648777511 0
779 141.1932529984605 30.30425998605112 0
780 144.1922041480481 31.10181429549265 0
781 146.4218964037872 28.94005164982591 0
782 145.6526375099388 25.98073469471763 0
783 143.4229452541996 28.14249734038437 0
784 168.3075296683124 28.8854604883338 0
785 165.5481015772128 28.45185260587269 0
786 166.278210467014 31.35825088435667 0
787 14.39313708120783 9.772238920845727 0
788 15.24439574046253 12.51409105501087 0
789 17.81326179573365 10.05040647109723 0
790 10.14586871790461 61.37714897072441 0
791 12.57500932006401 60.89492509951627 0
792 12.9904276682059 58.69067306252492 0
793 10.97734908340421 56.97957019746654 0
794 8.546531929667157 57.46282301159013 0
795 8.129764323944228 59.65667559636411 0
796 10.56031385431539 59.17456003637665 0
797 170.4832591162306 46.68297609673181 0
798 173.4804219367538 47.49220686596539 0
799 171.3920276741514 40.75309954069905 0
800 169.4390619849294 43.31342243409865 0
801 172.4362248054526 44.12265320333221 0
802 156.9127218580495 37.44929124058554 0
803 157.7036648460987 40.44767213019291 0
804 160.656071941271 41.20984853282136 0
805 162.817536048394 38.97364404584245 0
806 159.8651289532218 38.21146764321399 0
807 143.5087937315424 39.39989917363523 0
808 146.5059565520657 40.20912994286882 0
809 148.7324646809379 37.97869667637967 0
810 147.9618099892868 34.93903264065693 0
811 144.9646471687635 34.12980187142333 0
812 142.7381390398913 36.36023513791248 0
813 145.7353018604146 37.16946590714608 0
814 121.0257664515136 27.53052299800261 0
815 121.7772102197262 30.63290339350936 0
816 124.0246628569071 28.28325313538552 0
817 165.8146988689138 39.7828748150751 0
818 166.6503975823106 42.82831007128667 0
819 168.6033632715326 40.26798717788708 0
820 133.7448622492713 33.94421929000755 0
821 135.9695820490721 31.72546248330858 0
822 135.2198718657425 28.56658145595459 0
823 132.245441882612 27.6264572352996 0
824 132.9951520659416 30.78533826265358 0
825 9.453638089302911 36.11269591863137 0
826 11.05641993942814 33.47354146036742 0
827 10.25596657457334 30.8419911387343 0
828 7.852731359593326 30.84959527536513 0
829 6.249949509468103 33.48874973362908 0
830 7.050402874322896 36.1203000552622 0
831 8.653184724448117 33.48114559699825 0
832 138.9667448695884 32.53469325254027 0
833 139.7391878903038 35.56268082847095 0
834 141.9656960191759 33.3322475619818 0
835 30.05215530435127 47.46942895542476 0
836 32.29392863767391 45.23426428876876 0
837 30.92939694040564 42.45629034100909 0
838 27.32309190981474 41.91348105990542 0
839 25.08131857649211 44.14864572656143 0
840 26.44585027376037 46.9266196743211 0
841 28.687623607083 44.6914550076651 0
842 20.63036549693591 21.80443494661472 0
843 22.94476750926123 19.64959129390317 0
844 19.89026246863812 18.9033231432313 0
845 168.2101922829164 2.748092237958881 0
846 169.8738414888727 5.496184475917762 0
847 172.9559176427102 5.496184475917762 0
848 174.3743445905914 2.748092237958881 0
849 171.2922684367514 2.74809223795888 0
850 144.3819670573195 19.9718406993479 0
851 143.8805554985487 16.92226365908645 0
852 141.4080923477849 19.0425783606787 0
853 155.5385891053836 2.732299406429723 0
854 153.7768635953186 5.464598812859447 0
855 155.311528218119 7.896075906607934 0
856 158.6079183509844 7.595253593926697 0
857 160.3696438610494 4.862954187496974 0
858 158.834979238249 2.431477093748487 0
859 157.073253728184 5.16377650017821 0
860 164.9991315459234 2.431477093748486 0
861 163.4517200148866 4.862954187496973 0
862 165.1153692208428 7.611046425455855 0
863 168.3264299578359 7.927661569666248 0
864 166.6627807518797 5.179569331707367 0
865 134.475689411947 25.47555647161865 0
866 151.7093392050594 38.82921059172767 0
867 153.9155590375298 36.64006047135292 0
868 153.1449043458788 33.60039643563017 0
869 150.1680298217572 32.74988252028218 0
870 150.9386845134083 35.78954655600492 0
871 156.8477376668233 26.35166730466268 0
872 159.8182055764682 27.18495601403713 0
873 161.9609828194675 25.23530396946738 0
874 161.1332921528218 22.45236321552317 0
875 158.1628242431769 21.61907450614872 0
876 156.0200470001777 23.56872655071847 0
877 158.9905149098225 24.40201526009293 0
878 25.13074409133143 5.243259624956729 0
879 26.45923561713226 2.621629812478365 0
880 23.37171037902851 2.621629812478365 0
881 166.8917847026106 23.82232446588283 0
882 164.8402290943619 25.92028459464721 0
883 167.5996571854615 26.35389247710831 0
884 43.50279530433858 34.05844095543741 0
885 45.7445686376784 31.82327628876428 0
886 44.72051387329368 28.59820256558238 0
887 41.45468577556913 27.60829350907361 0
888 42.47874053995386 30.8333672322555 0
889 161.4917706546678 44.25528378903292 0
890 164.4889334751876 45.06451455826558 0
891 163.6532347617908 42.01907930205402 0
892 96.07721745619769 17.3804284563321 0
893 99.08768885486928 18.6382897671868 0
894 101.6313124914576 16.75989460482841 0
895 101.1644647293742 13.62363813161534 0
896 98.62084109278595 15.50203329397372 0
897 115.7828845787164 29.01444185505209 0
898 118.0286036310087 26.72129222877398 0
899 117.2588110033161 23.73674807315291 0
900 114.2432993233312 23.04535354380995 0
901 111.9975802710389 25.33850317008806 0
902 112.7673728987315 28.32304732570913 0
903 115.0130919510238 26.02989769943102 0
904 5.233904159451793 40.56077918458065 0
905 2.616952079725896 42.36970799226599 0
906 2.518819760635033 45.48682632263947 0
907 5.037639521270067 46.7950158453276 0
908 7.654591600995963 44.98608703764227 0
909 7.752723920086826 41.8689687072688 0
910 5.135771840360929 43.67789751495413 0
911 97.73551248678083 24.26685493665388 0
912 99.91683637016087 22.08150300734768 0
913 93.89589357281767 19.56578038563829 0
914 94.72504108810924 23.00899362579919 0
915 96.90636497148925 20.82364169649299 0
916 147.1875197864499 21.02779452797703 0
917 149.4916609568095 19.0341713163447 0
918 146.6861082276791 17.97821748771558 0
919 102.9139991906659 22.89073377657636 0
920 103.729838127791 25.88531647511124 0
921 106.7730472577262 26.70458578725307 0
922 109.0004174505363 24.52927240086003 0
923 108.1845785134112 21.53468970232516 0
924 105.141369383476 20.71542039018332 0
925 105.9572083206011 23.7100030887182 0
926 89.55986296238727 24.8337453275018 0
927 92.55702578289404 25.64297609673094 0
928 90.8987307523109 18.75654961640916 0
929 88.73071544709569 21.39053208734091 0
930 91.72787826760248 22.19976285657005 0
931 161.9170553920899 2.431477093748487 0
932 98.5513514239059 27.26143763518875 0
933 101.548514244411 28.07066840441744 0
934 100.7326753072859 25.07608570588256 0
935 116.534328346929 32.11682225055883 0
936 119.5314911674339 32.92605301978747 0
937 118.7800473992213 29.82367262428072 0
938 154.6254394614524 28.49588918051821 0
939 155.3736091657264 31.47339976574819 0
940 157.5959073710973 29.32917788989266 0
941 134.5173052699866 36.97220686593823 0
942 137.5144680905029 37.78143763516994 0
943 136.7420250697875 34.75345005923925 0
944 152.5002821931086 41.82759148133503 0
945 155.4974450136283 42.63682225056765 0
946 154.7065020255791 39.63844136096028 0
947 107.5428398854187 29.68912994287415 0
948 110.5400027059214 30.49836071210217 0
949 109.7702100782288 27.5138165564811 0
950 140.3952534633008 7.011500697992165 0
951 137.4416517464142 7.865274691399952 0
952 140.4053497164977 9.583154002739034 0
953 149.4198601174833 29.7723719350522 0
954 151.6485649373309 27.64537526517021 0
955 150.8793060434824 24.68605831006194 0
956 147.8813423297863 23.85373802483565 0
957 148.6506012236348 26.81305497994392 0
958 149.3744367977152 2.732299406429723 0
959 150.6947874414844 5.464598812859447 0
960 152.4565129515449 2.732299406429723 0
961 131.2037694971257 2.906349561602579 0
962 132.8459097633267 5.812699123205158 0
963 135.9279859171622 5.812699123205159 0
964 137.3679218047966 2.90634956160258 0
965 134.2858456509587 2.90634956160258 0
966 112.3617007877853 2.377130622094825 0
967 113.6542292677506 4.754261244189649 0
968 116.736305421606 4.75426124418965 0
969 118.5258530954961 2.377130622094826 0
970 115.4437769416406 2.377130622094825 0
971 10.46751618235497 38.25426745306845 0
972 13.08417612553224 37.75668452924158 0
973 14.68695797565747 35.11753007097763 0
974 13.67307988260541 32.97595853654055 0
975 12.07029803248019 35.6151129948045 0
976 84.59327200813276 2.811783683706361 0
977 85.85605709313865 5.623567367412723 0
978 88.93813324699406 5.623567367412724 0
979 90.75742431584358 2.811783683706362 0
980 87.67534816198727 2.811783683706362 0
981 38.3096521570907 2.624125728333329 0
982 39.56900145696634 5.248251456666658 0
983 42.65652669505233 5.248251456666659 0
984 44.48470263326267 2.62412572833333 0
985 41.39717739517592 2.624125728333329 0
986 48.9980614351492 11.53387337897679 0
987 49.17071899477826 8.816101898213626 0
988 46.50503462188554 6.689679339966967 0
989 43.66669268936376 7.281028262483478 0
990 46.33237706225648 9.407450820730137 0
991 32.46922873060207 10.08752243622334 0
992 32.43770894873692 7.645454740974403 0
993 29.53821029975805 6.090554509628674 0
994 26.67023143264432 6.977721973531883 0
995 29.56973008162319 8.532622204877612 0
996 21.34915273371649 24.71126037223279 0
997 24.3823419828224 25.46324214513931 0
998 26.69674399514772 23.30839849242776 0
999 25.97795675836714 20.40157306680969 0
1000 23.66355474604181 22.55641671952124 0
1001 152.3967346416048 30.62288585040019 0
1002 73.36867704320655 5.684841819376663 0
1003 73.72646775238638 2.842420909688331 0
1004 71.94090549662174 1.763469329045381 0
1005 69.79755253167724 3.526938658090762 0
1006 69.4397618224974 6.369359567779093 0
1007 71.22532407826206 7.448311148422043 0
1008 71.58311478744189 4.605890238733712 0
1009 75.10559064386915 7.685480343655393 0
1010 77.20029495371158 6.843697958245793 0
1011 77.55808566289141 4.001277048557462 0
1012 75.82117206222883 2.000638524278731 0
1013 75.46338135304896 4.843059433967063 0
1014 2.422293223635455 16.07950353296645 0
1015 4.844586447270911 14.48755234597732 0
1016 4.844586447270911 11.54230989265298 0
1017 2.422293223635456 10.18901862631778 0
1018 2.422293223635455 13.13426107964247 0
1019 5.233904159451793 37.61553673123776 0
1020 2.616952079725896 36.47922308558021 0
1021 2.616952079725896 39.4244655389231 0
1022 14.85176506190254 57.92708342296216 0
1023 14.69859704071602 55.45329014264318 0
1024 12.68555158583675 53.74304969285699 0
1025 10.82470455609783 54.50633166689642 0
1026 12.83809864869088 56.21677853866589 0
1027 2.714483049107921 25.09080405568111 0
1028 5.428966098215842 23.67442603143453 0
1029 5.428966098215842 20.7291835781105 0
1030 2.714483049107921 19.20031914903305 0
1031 2.714483049107921 22.14556160235718 0
1032 2.518819760635033 51.37731122932097 0
1033 5.037639521270067 49.74025829866837 0
1034 2.518819760635033 48.4320687759805 0
1035 15.61362510813756 31.31959274141259 0
1036 18.56804842672176 31.80479848072171 0
1037 20.4536356584075 29.51309567979598 0
1038 19.38479957150904 26.73618713956112 0
1039 17.49921233982329 29.02788994048685 0
1040 12.59938601674867 42.63562076002635 0
1041 10.22512112796318 40.69373556846084 0
1042 10.12698880887232 43.81085389883431 0
1043 36.77747530433061 40.76393495544536 0
1044 39.01924863766468 38.52877028877795 0
1045 32.50035109601414 37.13901427512067 0
1046 33.51802653350534 40.06905694861671 0
1047 35.75979986683942 37.83389228194932 0
1048 106.4564260634974 15.63136672272391 0
1049 104.2772931585191 17.7637589003827 0
1050 107.3205022884543 18.58302821252453 0
1051 116.584393881393 20.86500200065174 0
1052 5.136776272743376 17.60836796204391 0
1053 55.30834828355682 5.578420028341558 0
1054 55.44190128464459 2.789210014170779 0
1055 53.49809504195733 2.032776805816819 0
1056 51.42073579818233 4.065553611633637 0
1057 51.28718279709457 6.854763625804417 0
1058 53.23098903978181 7.611196834158377 0
1059 53.36454204086957 4.821986819987597 0
1060 182.4830681302264 18.48808641714792 0
1061 179.9271362604528 20.08547566091514 0
1062 179.9271362604528 22.90059185647904 0
1063 182.4830681302264 24.11831880827572 0
1064 182.4830681302264 21.30320261271144 0
1065 157.4690016998404 18.7931310092901 0
1066 154.6324019135048 17.91683955700124 0
1067 152.4896246705055 19.86649160157099 0
1068 153.183447213842 22.69243509842961 0
1069 155.3262244568412 20.74278305385985 0
1070 29.91172150291444 39.52624766751304 0
1071 166.064094035965 21.03938371193862 0
1072 163.1848477610706 20.35440308675879 0
1073 164.0125384277162 23.137343840703 0
1074 23.02128264989353 49.30689657185208 0
1075 25.41583231046108 49.50574509696642 0
1076 24.05130061319281 46.72777114920675 0
1077 105.9895783014141 12.49511024951083 0
1078 103.3435976343525 11.49124595395655 0
1079 103.8104453964358 14.62750242716962 0
1080 17.07706348324248 59.04082539944483 0
1081 19.14079048835608 57.67147356615868 0
1082 18.98359526699071 55.18886711969738 0
1083 16.76499694128319 54.08431741925746 0
1084 16.91801343970634 56.55886713732627 0
1085 80.11871133176142 19.9489608598591 0
1086 82.66621098316116 18.30109946913253 0
1087 80.57181491194278 17.09900813766284 0
1088 127.949421662036 2.448411554450552 0
1089 126.3372140931474 4.896823108901104 0
1090 129.591561928237 5.354761116053131 0
1091 123.2551379393013 4.896823108901105 0
1092 121.7852693543437 2.448411554450552 0
1093 119.9957216804536 4.825542176545379 0
1094 150.1854835001459 21.86011481320332 0
1095 80.56837450086796 22.40605301981466 0
1096 83.56553732137422 23.21528378904366 0
1097 86.11303697277397 21.5674223983171 0
1098 85.66337380366743 19.11033023836153 0
1099 83.11587415226768 20.7581916290881 0
1100 7.245464813086945 25.12443180879063 0
1101 6.347480478850128 27.99081561039329 0
1102 8.750715693830143 27.98321147376246 0
1103 182.8472463282137 9.964904773341086 0
1104 180.6554926564275 11.4844609599887 0
1105 180.6554926564275 14.2995771555511 0
1106 182.8472463282137 15.5951371644659 0
1107 182.8472463282137 12.78002096890395 0
1108 81.98532436993591 2.000638524278731 0
1109 80.64016181674496 4.001277048557461 0
1110 83.24810945494178 4.812422207985092 0
1111 178.0995607866539 15.89696639931832 0
1112 177.7353825886666 18.78991565200034 0
1113 180.2913144584401 17.19252640823312 0
1114 47.32304456578444 2.032776805816819 0
1115 48.33321056009588 4.065553611633637 0
1116 50.41056980387174 2.032776805816818 0
1117 22.41798882061495 27.48816891246764 0
1118 23.4049230521417 54.09714242078511 0
1119 25.60765251158517 51.90086802143294 0
1120 20.81855319045006 51.50317097120426 0
1121 21.01037339157415 53.89829389567077 0
1122 23.21310285101761 51.70201949631859 0
1123 2.987952508786302 53.76611398696101 0
1124 5.975905017572604 54.51786381394844 0
1125 8.494724778207637 52.88081088329582 0
1126 8.025592030056369 50.49200812565579 0
1127 5.506772269421335 52.1290610563084 0
1128 146.4856758293598 2.052575568194793 0
1129 144.9172655047736 4.105151136389585 0
1130 147.806026473129 4.784874974624515 0
1131 141.8351893509352 4.105151136389586 0
1132 140.3215235216831 2.052575568194793 0
1133 138.8815876340487 4.958925129797374 0
1134 38.75877632383794 23.44647125979154 0
1135 39.32869496983129 20.27455806701823 0
1136 37.48327044785985 18.06580265066458 0
1137 35.06792727989505 19.02896042708424 0
1138 36.9133518018665 21.23771584343789 0
1139 109.8575848610505 2.074516537983457 0
1140 108.6459974142809 4.149033075966914 0
1141 109.9385258942462 6.526163698061739 0
1142 112.4426418209811 6.828777782173107 0
1143 111.1501133410157 4.451647160078282 0
1144 10.68900995019137 2.34346226222686 0
1145 12.11544418607226 4.686924524453721 0
1146 13.77653518829454 2.34346226222686 0
1147 38.02096356018525 6.982713805241814 0
1148 35.21357636352852 6.093050425483639 0
1149 35.24509614539365 8.535118120732577 0
1150 27.72364105170112 18.32720449529572 0
1151 30.18811258181569 19.15966134939981 0
1152 32.60197224544257 17.50460884616003 0
1153 32.5513603789549 15.01709948881615 0
1154 30.13750071532801 16.67215199205593 0
1155 30.86670182555888 3.46892469715031 0
1156 29.32721448424599 1.734462348575155 0
1157 27.99872295844515 4.356092161053519 0
1158 77.07880267282883 9.192047461966022 0
1159 93.24371045376461 2.164527279767672 0
1160 93.91070552283612 4.329054559535344 0
1161 96.32578660761851 2.164527279767672 0
1162 35.50226496043395 1.734462348575155 0
1163 33.95422706365287 3.46892469715031 0
1164 36.76161426030961 4.358588076908483 0
1165 107.8347929678328 8.648691257655287 0
1166 108.2351759681543 11.0738329013602 0
1167 110.3389088945677 8.951305341766654 0
1168 124.867345508196 2.448411554450552 0
1169 180.8085451388132 29.14715066109063 0
1170 182.9237725694066 27.24159821058152 0
1171 180.367840699633 26.02387125878483 0
1172 35.01731541340737 16.54145106974036 0
1173 176.882998135566 1.986081738469648 0
1174 177.9732247326594 3.972163476939295 0
1175 181.0553008865018 3.972163476939295 0
1176 183.0471504432509 1.986081738469648 0
1177 179.9650742894147 1.986081738469647 0
1178 3.632997429742207 32.35243608797152 0
1179 1.816498714871104 33.84767276394709 0
1180 4.433450794597 34.98398640960464 0
1181 1.816498714871103 27.95718785728377 0
1182 3.632997429742207 29.40719363463986 0
1183 4.530981763979024 26.5408098330372 0
1184 55.62654346647596 20.08324589554967 0
1185 56.3123839797354 17.51264013769357 0
1186 54.27395174841627 14.71192877435496 0
1187 51.54967781196821 14.48178681704746 0
1188 50.86383126197145 17.05236250891921 0
1189 52.90227388851611 19.85309118322617 0
1190 53.58811020745783 17.28250395656849 0
1191 57.14527748574397 8.866246194555801 0
1192 59.11575968901888 9.364862346599264 0
1193 58.843237028724 5.772017086206018 0
1194 57.00901615559653 7.069823564359178 0
1195 58.97949835887144 7.568439716402641 0
1196 181.0553008865018 6.787279672503788 0
1197 183.0471504432509 7.616314129598632 0
1198 183.0471504432509 4.801197934034348 0
1199 2.099585584210582 2.055295644828066 0
1200 4.199171168421165 4.110591289656131 0
1201 7.286696406524663 4.110591289656131 0
1202 8.274636060417578 2.055295644828066 0
1203 5.187110822311635 2.055295644828066 0
1204 10.35557180794656 52.11752890925638 0
1205 40.78189954486487 25.09322908047223 0
1206 43.37494141188516 23.56807370837962 0
1207 43.94486005787851 20.39616051560632 0
1208 41.92173683685158 18.74940269492562 0
1209 41.35181819085822 21.92131588769892 0
1210 2.099585584210582 7.945780551483119 0
1211 4.199171168421165 7.055833742983658 0
1212 2.099585584210582 5.000538098155626 0
1213 50.30414043352347 27.27672697119498 0
1214 52.61959879034107 24.96190408774554 0
1215 51.9497668373762 22.45013036972615 0
1216 48.95889687171773 22.24655754526996 0
1217 46.6407695096097 24.55798276488839 0
1218 47.31355574031396 27.07304719348976 0
1219 49.63167112254806 24.76164301035047 0
1220 11.45021217160421 8.985458244116449 0
1221 9.35854592125529 10.94052970155232 0
1222 12.30147083085891 11.72731037828159 0
1223 16.57317674015911 51.68919449479095 0
1224 18.59995486474254 50.39862127076434 0
1225 16.71559417014527 48.88844057238239 0
1226 58.97679002981177 2.982807072035239 0
1227 57.27612215777206 1.49140353601762 0
1228 57.14256915668429 4.280613550188398 0
1229 78.90324821608235 2.000638524278731 0
1230 65.89951427813754 18.79474621699638 0
1231 67.18841340177561 18.96805037549009 0
1232 67.83563672855144 18.05191420687868 0
1233 67.1966395128499 16.9628543637298 0
1234 65.90928951798998 16.79128015747309 0
1235 65.26098106082335 17.70856592815338 0
1236 66.54835378599324 17.88047348683816 0
1237 44.04772764258941 26.08313813698099 0
1238 65.77675318891092 1.763469329045381 0
1239 66.71547637782184 3.526938658090762 0
1240 68.85882934276633 1.763469329045381 0
1241 163.2950617660158 9.657589120079511 0
1242 164.6858150481818 12.02074695891356 0
1243 167.8968757851748 12.33736210312395 0
1244 169.7171832400019 10.2908194085003 0
1245 166.5061225030088 9.974204264289906 0
1246 62.06431526790099 2.982807072035239 0
1247 63.45117263395049 1.49140353601762 0
1248 60.36364739585989 1.49140353601762 0
1249 180.8085451388132 31.96226685663842 0
1250 182.9237725694066 32.87183060167709 0
1251 182.9237725694066 30.05671440613067 0
1252 12.84178107114046 40.19615264463395 0
1253 18.79177506586662 52.79374419523084 0
1254 160.3894140808507 9.199510931752728 0
1255 158.8745196778516 11.10459058226 0
1256 160.2652729600177 13.46774842109405 0
1257 163.1709206451827 13.92582660942083 0
1258 161.7801673630167 11.56266877058678 0
1259 176.1549895547038 11.41743700238308 0
1260 173.8462401247664 9.830856858129863 0
1261 171.9017396187292 10.85557423028797 0
1262 172.2659885426296 13.46687174669931 0
1263 174.574737972567 15.05345189095253 0
1264 176.5192384786041 14.02873451879442 0
1265 174.2104890486667 12.44215437454119 0
1266 46.92045681111035 19.44582717743799 0
1267 47.87293034331525 16.84873601858898 0
1268 44.89733359008341 17.7990693567573 0
1269 50.94186767783646 12.29030658733075 0
1270 53.05833148015276 10.32896831492155 0
1271 51.1145252374655 9.572535106567585 0
1272 28.4424282884817 21.23402992091378 0
1273 49.911361825215 19.64945568664325 0
1274 65.27117056132121 15.50062747840444 0
1275 63.98472296611775 15.12733577383126 0
1276 63.33640033842017 16.04471142304262 0
1277 63.97454776854986 17.3353232093573 0
1278 64.62285672714862 16.41799096814618 0
1279 162.2292571009 17.90758324030185 0
1280 164.1529127156239 16.14574401902473 0
1281 158.3416173452938 15.22958764237116 0
1282 159.3236094157349 17.44950505197507 0
1283 161.2472650304588 15.68766583069795 0
1284 143.4035996755215 2.052575568194793 0
1285 88.28105227798915 18.93343992738534 0
1286 105.5891953010927 10.06996860580592 0
1287 56.56456021688186 21.01712801840669 0
1288 58.18849112429296 19.38047176204311 0
1289 58.87438702456166 16.81000813017102 0
1290 57.93630635471299 15.87603943091674 0
1291 57.25046010411958 18.4466119788141 0
1292 174.0461442398035 7.482266214387409 0
1293 176.5547977847781 6.720255714898176 0
1294 175.4645711876848 4.734173976428528 0
1295 167.9877496506888 19.2775444906615 0
1296 167.0321589905183 16.83072464420456 0
1297 165.1085033757944 18.59256386548167 0
1298 106.7755087071948 2.074516537983456 0
1299 64.07896394206523 13.73308641527677 0
1300 65.45965251321617 12.71212876129548 0
1301 61.62358638516729 11.49366702218118 0
1302 62.16093087804079 13.12385554571962 0
1303 63.54161944919172 12.10289789173832 0
1304 168.2611247090752 14.94865961953529 0
1305 170.4456810878025 15.51341444132296 0
1306 170.0814321639022 12.90211692491163 0
1307 181.492186110516 37.06780540546064 0
1308 183.265593055258 35.42459987608819 0
1309 181.1503656246646 34.51503613104953 0
1310 153.7966338151199 9.801155557115203 0
1311 155.5781295449862 11.40541289494123 0
1312 157.0930239479853 9.500333244433966 0
1313 16.62750320118961 33.46116427584967 0
1314 1.816498714871103 30.90243031061063 0
1315 56.39041555073257 12.75059050194576 0
1316 55.78260541660082 10.55911027222905 0
1317 53.6661416142845 12.52044854463825 0
1318 45.49486862757409 4.656902534150149 0
1319 6.944172031481494 10.65236308415352 0
1320 6.621464392056621 8.40912500931886 0
1321 4.521878807846037 9.299071817818323 0
1322 155.5050175589581 14.3532961900823 0
1323 153.6504098430636 15.69692214739734 0
1324 156.4870096293993 16.5732135996862 0
1325 91.42441938491508 4.976310963474035 0
1326 32.41473972234429 1.734462348575155 0
1327 65.36541153726868 14.10637811984996 0
1328 59.72356982315063 11.55634257631597 0
1329 58.36089775400748 13.24920665398922 0
1330 58.89824224688098 14.87939517752767 0
1331 60.79825880889764 14.81671962339287 0
1332 60.26091431602413 13.18653109985442 0
1333 183.265593055258 38.23971607163408 0
1334 178.6636430996784 10.65542650289385 0
1335 178.8635472147156 8.306835859151397 0
1336 176.3548936697409 9.068846358640627 0
1337 69.16847566170885 8.502947274505104 0
1338 175.7908820826295 19.81463302415845 0
1339 174.2105597745797 17.94640114363455 0
1340 171.401271747973 17.96023428777991 0
1341 170.1723060294162 19.84229931244918 0
1342 172.9815940560228 19.82846616830381 0
1343 57.75308761987573 11.05772642427251 0
1344 61.7363394787463 15.75068832264715 0
1345 60.77440358657832 16.74733257603622 0
1346 61.41252215834394 18.03785521349295 0
1347 63.01260130326373 18.33215717703161 0
1348 62.37449097793428 17.04134978700038 0
1349 180.8553967714646 9.135870316246242 0
1350 153.7235218290917 12.74903885225627 0
1351 176.1550602806168 16.92168377147643 0
1352 11.12750453217934 6.742220169281786 0
1353 8.713130642405545 6.454053551882992 0
1354 9.035838281830419 8.697291626717654 0
1355 9.701070296298461 4.398757907054925 0
1356 68.87338393176157 16.69030667008436 0
1357 64.3898958228614 3.254872865063001 0
1358 169.2167153692457 17.39547946599223 0
1359 59.83632291672964 15.81336387678195 0
1360 5.558788724679363 56.71134213174673 0
1361 58.15226676931273 21.28232884988695 0
1362 61.37971812325683 19.94579363428722 0
1363 59.78891824152137 19.67515832991663 0
1364 68.16074875426938 20.73006117191309 0
1365 68.16583882040742 20.69628235708639 0
1366 67.08372706361284 20.42807410076399 0
1367 65.9374157900095 20.27918040586349 0
1368 64.69654118870913 20.2621219870366 0
1369 64.70819198756125 20.29069915609498 0
1370 65.92759291756005 20.33723989013532 0
1371 67.08982075070887 20.49140771017258 0
1372 67.09525604140792 20.46137949669993 0
1373 65.92705844963346 20.30817903970646 0
1374 68.18513212223083 20.62581161995849 0
1375 68.19196105379724 20.5860401775347 0
1376 67.09000770872245 20.31628238820663 0
1377 65.93347779143335 20.16953486316506 0
1378 64.75751476968556 20.15684706926533 0
1379 64.75024233838306 20.19388710405624 0
1380 65.93446891657642 20.24156721349323 0
1381 67.09141564231278 20.39111759085528 0
1382 67.09206446028894 20.35449652452938 0
1383 65.93246529078633 20.20575548523307 0
1384 68.2112872205843 20.50055236468625 0
1385 68.21847538335743 20.45286806599155 0
1386 67.10016224189894 20.18508691896749 0
1387 65.9250764285822 20.03784714055385 0
1388 64.77640749681485 20.03030685611492 0
1389 64.77190918751207 20.0738839305066 0
1390 65.92921824549562 20.12566285346212 0
1391 67.09781341304236 20.27270322294384 0
1392 67.09931443022887 20.2290228389085 0
1393 65.92638111380653 20.08176189719416 0
1394 68.23959717324203 20.34898998833956 0
1395 68.24831145309311 20.29163973228686 0
1396 67.11203679594526 20.02890672072477 0
1397 65.91583282054025 19.88192409907001 0
1398 64.78077339922972 19.89063123066975 0
1399 64.78196391916831 19.94016114221905 0
1400 65.92035331260485 19.98638876893785 0
1401 67.10675953207695 20.13336648526584 0
1402 67.10998162088241 20.08116446627828 0
1403 65.91707657450219 19.93447492556211 0
1404 68.27357743939308 20.16685866116036 0
1405 68.28464443643433 20.09819849081047 0
1406 67.12521114849605 19.84070161497479 0
1407 65.90932714097794 19.68810659580416 0
1408 64.7673209691694 19.70021215283513 0
1409 64.77319794616784 19.77408914026229 0
1410 65.91288713127685 19.81830443836516 0
1411 67.11666966038034 19.96597541024734 0
1412 67.11972958038454 19.90253385575411 0
1413 65.9126069118751 19.75325843759259 0
1414 68.31491791927463 19.94763805316673 0
1415 68.3284693502402 19.86552804891564 0
1416 67.14036259113411 19.60749516591597 0
1417 65.90584963598717 19.45374567678949 0
1418 64.74888873134468 19.46428821543526 0
1419 64.75618561932849 19.54259695843542 0
1420 65.9057812225448 19.61006730563363 0
1421 67.13040070503715 19.7634156796797 0
1422 67.13634986699017 19.68583423986801 0
1423 65.90369593454508 19.53228166281126 0
1424 68.36531020010769 19.68728877942318 0
1425 68.38290690828941 19.58938341129317 0
1426 67.16035728716125 19.32101509186649 0
1427 65.90460485021055 19.15738914059261 0
1428 64.69959880470016 19.15784819831333 0
1429 64.71496691522024 19.2722036081915 0
1430 65.90308377044937 19.35521797007319 0
1431 67.14756423717003 19.51238665701512 0
1432 67.15507423962543 19.41702488363441 0
1433 65.90298726979331 19.25622492233006 0
1434 68.42735729811362 19.37468645327076 0
1435 68.44962554970218 19.25752869020135 0
1436 64.63710759769684 18.77299663762743 0
1437 64.65873875623812 18.90822120808224 0
1438 65.90139857837715 19.03543962451337 0
1439 67.17001327648742 19.20467329320202 0
1440 67.18000772347401 19.08685235444497 0
1441 65.90018035392985 18.9148600675927 0
1442 7.889695052972723 63.46676424903533 0
1443 7.883981091819789 63.43404975793869 0
1444 5.2419597881107 63.39990330651897 0
1445 2.621923545834378 63.39967736128775 0
1446 2.623884669960304 63.46657203726686 0
1447 5.247293121574194 63.46660537338649 0
1448 5.242936774693295 63.43327330009215 0
1449 2.623063762923688 63.43314702919999 0
1450 7.867955541719494 63.36210422966587 0
1451 7.863287810177765 63.32289714417333 0
1452 5.23596025899452 63.28040288103848 0
1453 2.617007168370669 63.2797414943926 0
1454 2.620277257402558 63.35969751415766 0
1455 5.239930275957484 63.36015228708477 0
1456 5.237790367657122 63.32023777200532 0
1457 2.618597492994299 63.31977477952444 0
1458 7.851349604324573 63.23514542407149 0
1459 7.846187550261357 63.18659167793997 0
1460 5.226180089394133 63.13616197158533 0
1461 2.61248366856272 63.13573335586131 0
1462 2.615480503537576 63.23177305178885 0
1463 5.232733026184167 63.23235540303399 0
1464 5.229347331381098 63.18436813211355 0
1465 2.613999153071287 63.18380157448797 0
1466 7.834952498234493 63.07996219746116 0
1467 7.829444456501785 63.02241525981002 0
1468 5.214682796583697 62.96311399309382 0
1469 2.60694907251925 62.96265497527192 0
1470 2.610615822965986 63.07813032496216 0
1471 5.222347375033856 63.07851668281877 0
1472 5.218579567335212 63.02083645462895 0
1473 2.608748944513334 63.02037342567713 0
1474 7.816269529751694 62.89541361740502 0
1475 7.809612497838887 62.82585086288065 0
1476 5.201050955944195 62.75567209976957 0
1477 2.600230469761955 62.75551327760273 0
1478 2.604671972191211 62.89364755124586 0
1479 5.210176564779758 62.89400310800893 0
1480 5.205644377101169 62.82490078807427 0
1481 2.602452225209711 62.82457506083716 0
1482 7.794212124917849 62.67342513801002 0
1483 7.786145170115375 62.59083388239418 0
1484 5.184708499164014 62.50687252612813 0
1485 2.592145678422241 62.50666129253533 0
1486 2.59746423590134 62.6727012866391 0
1487 5.195679512664157 62.67290416667511 0
1488 5.190275564874082 62.58997801687609 0
1489 2.594785266905771 62.58976672009077 0
1490 7.768048775326331 62.40795331169433 0
1491 7.75812200922161 62.30813734938733 0
1492 5.165079393587358 62.20823998493371 0
1493 2.582479306321587 62.2080269734434 0
1494 2.588842782367423 62.40714055699185 0
1495 5.178219359447825 62.4073359058719 0
1496 5.171702744720664 62.30781079031674 0
1497 2.585679357057431 62.30759478923501 0
1498 7.736804428085908 62.08904196944492 0
1499 7.724712801740441 61.96958858905754 0
1500 2.578504143050195 62.08875743268496 0
1501 5.157301760762491 62.08895016537631 0
1502 5.149558760317477 61.9694781658313 0
1503 2.574702453696151 61.96930056916346 0
1504 35.67710459293037 44.14387700635082 0
1505 35.65356918590465 44.12027201265786 0
1506 33.3882604455563 46.3318316856209 0
1507 31.14648711223366 48.5669963522769 0
1508 28.92824918593674 50.82576601262586 0
1509 28.95178459296246 50.84937100631883 0
1510 31.19355792628605 48.61420633966188 0
1511 33.43533125961149 46.37904167300307 0
1512 33.41179585258389 46.35543667931199 0
1513 31.17002251925986 48.59060134596938 0
1514 35.60179129044807 44.06834102653334 0
1515 35.57354880201721 44.04001503410178 0
1516 33.30353298026371 46.24685370832623 0
1517 31.06175964694107 48.48201837498222 0
1518 28.8482288020493 50.74550903406978 0
1519 28.87647129048016 50.77383502650135 0
1520 31.1182446238028 48.53867035984534 0
1521 33.36001795712544 46.30350569318934 0
1522 33.33177546869457 46.27517970075779 0
1523 31.09000213537194 48.51034436741378 0
1524 35.51141532746931 43.97769785075236 0
1525 35.47752434135228 43.94370665983448 0
1526 33.20186002191261 46.14488013557262 0
1527 30.96008668858997 48.38004480222862 0
1528 28.75220434138437 50.64920065980249 0
1529 28.7860953275014 50.68319185072036 0
1530 31.02786866082404 48.44802718406436 0
1531 33.26964199414667 46.21286251740836 0
1532 33.23575100802965 46.17887132649048 0
1533 30.993977674707 48.41403599314648 0
1534 35.4029641718948 43.86892603981518 0
1535 35.36229498855435 43.82813661071373 0
1536 33.07985247189128 46.0225118482683 0
1537 30.83807913856864 48.2576765149243 0
1538 28.63697498858645 50.53363061068174 0
1539 28.67764417192689 50.57442003978318 0
1540 30.91941750524953 48.33925537312719 0
1541 33.16119083857217 46.10409070647119 0
1542 33.12052165523171 46.06330127736975 0
1543 30.87874832190908 48.29846594402574 0
1544 35.27282278520538 43.73839986669056 0
1545 35.22401976519685 43.68945255176884 0
1546 32.93344341186569 45.87566990350311 0
1547 30.69167007854305 48.11083457015911 0
1548 28.49869976522895 50.39494655173684 0
1549 28.54750278523747 50.44389386665857 0
1550 30.78927611856011 48.20872920000257 0
1551 33.03104945188274 45.97356453334658 0
1552 32.98224643187422 45.92461721842484 0
1553 30.74047309855158 48.15978188508083 0
1554 35.11665312117809 43.58176845894103 0
1555 35.05808949716785 43.52303168103496 0
1556 32.75775253983498 45.69945956978489 0
1557 30.51597920651234 47.93462423644088 0
1558 28.33276949719994 50.22852568100296 0
1559 28.39133312121018 50.28726245890903 0
1560 30.63310645453281 48.05209779225302 0
1561 32.87487978785545 45.81693312559703 0
1562 32.81631616384522 45.75819634769097 0
1563 30.57454283052258 47.99336101434696 0
1564 34.92924952434533 43.39381076964159 0
1565 34.85897317553304 43.3233266361543 0
1566 32.54692349339813 45.48800716932301 0
1567 30.30515016007549 47.72317183597901 0
1568 28.13365317556514 50.0288206361223 0
1569 28.20392952437742 50.0993047696096 0
1570 30.44570285770006 47.86414010295359 0
1571 32.6874761910227 45.62897543629759 0
1572 32.61719984221041 45.55849130281031 0
1573 30.37542650888778 47.7936559694663 0
1574 34.70436520814602 43.16826154248226 0
1575 34.62003358957128 43.08368058229751 0
1576 27.89471358960337 49.78917458226552 0
1577 27.97904520817811 49.87375554245026 0
1578 30.22081854150075 47.63859087579426 0
1579 32.46259187482339 45.40342620913826 0
1580 32.37826025624864 45.31884524895352 0
1581 30.13648692292601 47.55400991560951 0
1582 15.63075365124724 61.92675216296375 0
1583 15.61919697845651 61.89717261387496 0
1584 13.02598687185676 62.65236630158631 0
1585 10.54813592681354 63.14375732333367 0
1586 10.57143472075377 63.26085510966173 0
1587 13.05716680656099 62.76722162156698 0
1588 13.03952037581919 62.71028181068783 0
1589 10.56039745268026 63.20235324815379 0
1590 15.59183808431973 61.83086136356821 0
1591 15.57650632866414 61.79374157416387 0
1592 13.00077388649362 62.43634124037477 0
1593 10.47823991047828 62.93604740160273 0
1594 10.53412685182566 63.07039495438399 0
1595 13.00778277276677 62.580332306738 0
1596 12.99764693127806 62.50818714118548 0
1597 10.51192104814053 63.00040937991653 0
1598 15.5423206601472 61.71042187129436 0
1599 15.52339410941393 61.66492576315986 0
1600 12.95430763963781 62.20310352112921 0
1601 10.41814229296659 62.7058735529932 0
1602 10.46335946093011 62.85385273757109 0
1603 12.97856146869053 62.35600339640748 0
1604 12.9665386964242 62.27699042383545 0
1605 10.43965307821515 62.77697147156172 0
1606 15.48198058300157 61.56440892800065 0
1607 15.4593941681511 61.50961476843818 0
1608 12.89898391750796 62.00309846843604 0
1609 10.37631533046756 62.5036665109293 0
1610 10.40718239459484 62.63066739497555 0
1611 12.93022334580581 62.13043851946564 0
1612 12.91309010350975 62.06501967093499 0
1613 10.39254715876526 62.56491529919789 0
1614 15.40947125878376 61.38802625487499 0
1615 15.38266856453533 61.32283963819911 0
1616 12.83801412551287 61.78913277240132 0
1617 10.33095839360548 62.28618817681177 0
1618 10.36440544215855 62.43015956250497 0
1619 12.87536360934863 61.9318353623481 0
1620 12.85561260887187 61.86039671659214 0
1621 10.34874383884775 62.35771714330416 0
1622 15.32384572233065 61.17962552961733 0
1623 15.29155704212382 61.10104024504453 0
1624 12.76522358532467 61.53841406045878 0
1625 10.27867215534858 62.03205389625889 0
1626 10.31588696669567 62.20052639521044 0
1627 12.81126133007525 61.70554976594173 0
1628 12.78739199937215 61.62187418197033 0
1629 10.2980762923159 62.11587051486661 0
1630 15.2204423500981 60.92792227750659 0
1631 15.18170824023724 60.83359138638028 0
1632 12.6785389768971 61.24337142779821 0
1633 10.21743541723513 61.73199581603951 0
1634 10.25990568058274 61.93159831430491 0
1635 12.73468282888768 61.44042372107062 0
1636 12.70614130733909 61.34194993204162 0
1637 10.23921599448926 61.83159879664818 0
1638 15.09670157342702 60.62668044625513 0
1639 15.05046421750015 60.51402266472518 0
1640 10.1942533839203 61.61377074148277 0
1641 12.64336247725372 61.1275634079882 0
1642 12.60918263525772 61.01139227072867 0
1643 10.17013186831091 61.49554448469772 0
1644 61.57565638390579 20.69965489619297 0
1645 58.4518728438096 21.99920315464587 0
1646 55.93452792224787 23.90903276780667 0
1647 55.94926193286438 23.93546050688689 0
1648 58.47538962644174 22.02307713794318 0
1649 61.57157529327903 20.73466243959083 0
1650 61.5591577153202 20.72180376470104 0
1651 58.47257109851311 22.00573265194873 0
1652 61.55527468072945 20.64640781168409 0
1653 58.43626021036865 21.94134148505797 0
1654 55.81842365521311 23.87625965703392 0
1655 55.84919268088191 23.89830014919583 0
1656 58.45079881724772 21.97761749243064 0
1657 61.56258289178121 20.6840049495126 0
1658 61.55575321627751 20.66610615051338 0
1659 58.44535436369036 21.95866615627342 0
1660 61.5257359977423 20.5813910275705 0
1661 58.42038954424729 21.87005419238564 0
1662 55.72314388817877 23.79495754336199 0
1663 55.75364382681333 23.82472775071895 0
1664 58.43332580549541 21.91537595505844 0
1665 61.54121925175788 20.62480071181129 0
1666 61.53171815148485 20.60311390270286 0
1667 58.42803018545662 21.89128818957772 0
1668 61.50202200892164 20.50342976203449 0
1669 58.39232424207 21.79370771254307 0
1670 55.63517609752894 23.69262878894961 0
1671 55.6643793620607 23.73085952783208 0
1672 58.41525403658463 21.84430905755688 0
1673 61.51429804689842 20.55818868485779 0
1674 61.50711604465361 20.53227673927417 0
1675 58.40572732644574 21.81876555163527 0
1676 61.47396884032554 20.40228143504669 0
1677 58.35314849177193 21.69658208612378 0
1678 55.52700252800236 23.54269804323902 0
1679 55.56867602769998 23.60060877664677 0
1680 58.37733394001794 21.7627300536896 0
1681 61.49565842434926 20.46946316381322 0
1682 61.48622334735447 20.43566797515936 0
1683 58.36440360083811 21.73073344115459 0
1684 61.45259210151603 20.28635214722084 0
1685 58.3018893843827 21.59356512952197 0
1686 55.39374401403425 23.35790106655707 0
1687 55.43633312224578 23.42021049405686 0
1688 58.34666980125802 21.66031191465213 0
1689 61.4584805709715 20.36909079908456 0
1690 61.45237359608432 20.33122819382007 0
1691 58.32889094084439 21.62643052193989 0
1692 61.41951679943871 20.12082711962114 0
1693 58.22601377650157 21.44416953603078 0
1694 55.23051477825353 23.10238306275725 0
1695 55.2932997475224 23.19673956840386 0
1696 58.27560876258818 21.54773329952009 0
1697 61.44557066794513 20.23342931113612 0
1698 61.43279526863595 20.17728897624263 0
1699 58.25077814123175 21.49601420680782 0
1700 55.0225945633822 22.77874784878462 0
1701 55.09504054285153 22.89288672658474 0
1702 58.1969748165009 21.38859796612955 0
1703 61.40897280805304 20.05888086248088 0
1704 61.39345772581864 20.00193713220744 0
1705 58.17466535226082 21.33467672489397 0
1706 42.40242459293258 37.43838300634861 0
1707 42.37888918590686 37.41477801265565 0
1708 40.11358044554707 39.62633768563008 0
1709 37.87180711221301 41.86150235229749 0
1710 37.91887792626027 41.90871233968758 0
1711 40.16065125959269 39.67354767302182 0
1712 40.13711585256988 39.64994267932595 0
1713 37.89534251923664 41.88510734599254 0
1714 42.32711129045028 37.36284702653113 0
1715 42.29886880201942 37.33452103409957 0
1716 40.02885298025448 39.54135970833541 0
1717 37.78707964692042 41.77652437500282 0
1718 37.84356462378214 41.83317635986593 0
1719 40.08533795711621 39.59801169319852 0
1720 40.05709546868535 39.56968570076697 0
1721 37.81532213535128 41.80485036743437 0
1722 42.23673532747152 37.27220385075015 0
1723 42.20284434135449 37.23821265983227 0
1724 39.92718002190338 39.43938613558181 0
1725 37.68540668856932 41.67455080224921 0
1726 37.75318866080339 41.74253318408496 0
1727 39.99496199413746 39.50736851741755 0
1728 39.96107100802042 39.47337732649967 0
1729 37.71929767468636 41.70854199316707 0
1730 42.12828417189701 37.16343203981297 0
1731 42.08761498855657 37.12264261071152 0
1732 39.80517247188205 39.31701784827749 0
1733 37.56339913854799 41.5521825149449 0
1734 37.64473750522887 41.63376137314778 0
1735 39.88651083856293 39.39859670648037 0
1736 39.84584165522249 39.35780727737892 0
1737 37.60406832188843 41.59297194404633 0
1738 41.9981427852076 37.03290586668835 0
1739 41.94933976519906 36.98395855176663 0
1740 39.65876341185646 39.17017590351229 0
1741 37.4169900785224 41.4053405701797 0
1742 37.51459611853946 41.50323520002316 0
1743 39.75636945187352 39.26807053335575 0
1744 39.70756643186499 39.21912321843404 0
1745 37.46579309853092 41.45428788510144 0
1746 41.8419731211803 36.87627445893882 0
1747 41.78340949717006 36.81753768103275 0
1748 39.48307253982576 38.99396556979407 0
1749 37.24129920649169 41.22913023646148 0
1750 37.35842645451216 41.34660379227363 0
1751 39.60019978784623 39.11143912560621 0
1752 39.54163616383599 39.05270234770015 0
1753 37.29986283050192 41.28786701436756 0
1754 41.65456952434754 36.68831676963938 0
1755 41.58429317553526 36.61783263615209 0
1756 39.2722434933889 38.7825131693322 0
1757 37.03047016005483 41.01767783599961 0
1758 37.1710228576794 41.15864610297419 0
1759 39.41279619101348 38.92348143630679 0
1760 39.34251984220118 38.85299730281949 0
1761 37.10074650886712 41.0881619694869 0
1762 41.42968520814824 36.46276754248004 0
1763 41.34535358957349 36.3781865822953 0
1764 36.9461385414801 40.93309687581486 0
1765 39.18791187481416 38.69793220914745 0
1766 39.10358025623941 38.6133512489627 0
1767 36.86180692290536 40.84851591563012 0
1768 22.21754802462836 57.56375761030338 0
1769 22.19731831893563 57.53732772251718 0
1770 20.09417509422201 59.19641746434086 0
1771 17.98575539941936 60.60270991319943 0
1772 18.04252129192805 60.70549099505458 0
1773 20.1567624541731 59.29447740098112 0
1774 20.12544556403299 59.24555988050831 0
1775 18.01520208667973 60.6535313770159 0
1776 22.15705708324632 57.47590358001054 0
1777 22.13260358203534 57.44465650019936 0
1778 19.9975782224915 59.00094470338037 0
1779 17.85340820202941 60.43251139268427 0
1780 17.94779274970224 60.53942631564485 0
1781 20.05336463208771 59.13481749746987 0
1782 20.01965781723389 59.07021853438033 0
1783 17.90487273671144 60.48117738081067 0
1784 22.07930259942352 57.37420860529456 0
1785 22.04883743172697 57.3361837457176 0
1786 19.87954892651686 58.8019950504846 0
1787 17.72641599351682 60.23578275502093 0
1788 17.81384203590242 60.36007544682064 0
1789 19.95141716415554 58.93544778565303 0
1790 19.91492643982987 58.86672581655238 0
1791 17.76762849857079 60.29592699048433 0
1792 21.98178228704363 57.25271387752098 0
1793 21.94512373684983 57.20802758181156 0
1794 19.76993714184469 58.6332681914826 0
1795 17.62626867435587 60.05670974494724 0
1796 17.69324930860937 60.16870625563854 0
1797 19.83636193169863 58.74377133938204 0
1798 19.80115618479584 58.68788171252887 0
1799 17.65983527022226 60.11060483852002 0
1800 21.86507705767492 57.10871403147581 0
1801 21.82086116169651 57.05475495340519 0
1802 19.64912795257766 58.44702534816223 0
1803 17.51932786493504 59.86200749457596 0
1804 17.5929426147894 59.98945154926397 0
1805 19.72658012410141 58.5726747455345 0
1806 19.68671924424372 58.51027213561287 0
1807 17.55684610338621 59.92487969506984 0
1808 21.72455690187698 56.93592193144129 0
1809 21.67206436348919 56.87158210089324 0
1810 19.50755412888131 58.23006177128339 0
1811 17.39442408700805 59.63208939937901 0
1812 17.47936596226307 59.78349078463289 0
1813 19.59952087711744 58.37563027309736 0
1814 19.55263119670993 58.3031112003552 0
1815 17.43740685252304 59.70705568532766 0
1816 21.55589320747742 56.72882255165184 0
1817 21.49273640040249 56.65110182300082 0
1818 19.33991540866861 57.97395838724719 0
1819 17.24853420424362 59.36147806771962 0
1820 17.347269672672 59.5409968089335 0
1821 19.45017465575149 58.1456446338316 0
1822 19.39450116794802 58.06007171877413 0
1823 17.2982955930341 59.45094133846094 0
1824 21.35346224910725 56.48055696718059 0
1825 21.27747897505005 56.38740251422149 0
1826 17.19219500760747 59.25438327109315 0
1827 19.27302498355892 57.87370455308737 0
1828 19.20677041560087 57.77279344801546 0
1829 17.13473187814404 59.14772854930146 0
1830 53.56962450567871 26.2126392347468 0
1831 51.3302892584957 28.44203446577692 0
1832 49.10420918592633 30.70928401263624 0
1833 49.12774459295205 30.7328890063292 0
1834 51.37407458764384 28.49377681754125 0
1835 53.60845074770182 26.26535021136426 0
1836 53.58964514545988 26.23873823915143 0
1837 51.3516755400828 28.4682503109197 0
1838 53.49796089387936 26.11520435072366 0
1839 51.24947458808185 28.35178931759912 0
1840 49.02418880203889 30.62902703408016 0
1841 49.05243129046975 30.65735302651172 0
1842 51.30322882437721 28.41147909086213 0
1843 53.54369292374172 26.18108839741258 0
1844 53.52072547794574 26.14797588967334 0
1845 51.27647420293441 28.38138489429357 0
1846 53.41257208228182 25.99779707297438 0
1847 51.15206209053373 28.2439385161198 0
1848 48.92816434137396 30.53271865981287 0
1849 48.96205532749099 30.56670985073074 0
1850 51.2177691885527 28.31605509897028 0
1851 53.46887082261006 26.07763059052404 0
1852 53.44084932079844 26.03740571864816 0
1853 51.18518337448869 28.27989499249847 0
1854 53.31101296709488 25.85961812243633 0
1855 51.03741109961552 28.11559684900377 0
1856 48.81293498857603 30.41714861069212 0
1857 48.85360417191648 30.45793803979356 0
1858 51.11442985801499 28.20119141478239 0
1859 53.37882731533237 25.95232933569685 0
1860 53.34530442418152 25.90605132043852 0
1861 51.07610800858896 28.15834067678409 0
1862 53.1838521513123 25.69092800027493 0
1863 50.89999488630043 27.96025499557689 0
1864 48.67465976521853 30.27846455174722 0
1865 48.72346278522706 30.32741186666895 0
1866 50.99160793217681 28.06364777206008 0
1867 53.26990127359471 25.80379711618065 0
1868 53.22709400888257 25.74708274795573 0
1869 50.94576188494901 28.01207181129682 0
1870 53.03283784211751 25.49297830093496 0
1871 50.73545885531906 27.77267815091828 0
1872 48.50872949718953 30.11204368101334 0
1873 48.56729312119977 30.17078045891941 0
1874 50.84508321537641 27.89823786713509 0
1875 53.1346629664507 25.62380631119389 0
1876 53.08509394345155 25.55778848825202 0
1877 50.78978642338586 27.83632340663983 0
1878 52.84350320732165 25.2505328212018 0
1879 50.53897231881043 27.54668152720622 0
1880 48.30961317555473 29.91233863613268 0
1881 48.37988952436701 29.98282276961997 0
1882 50.66927991815633 27.6974920156469 0
1883 52.97083764292852 25.41118013635688 0
1884 52.90728436217381 25.33038824276354 0
1885 50.60353592238905 27.62239194280152 0
1886 48.07067358959296 29.67269258227589 0
1887 48.1550052081677 29.75727354246064 0
1888 50.46155524079218 27.45820044978544 0
1889 52.76921548405913 25.15325305388954 0
1890 52.69430012253656 25.05769457513905 0
1891 50.38311919059196 27.3679529632867 0
1892 77.14982729132116 23.15751132964443 0
1893 77.15851612111686 23.12533035160006 0
1894 74.16723798203309 22.28317789204204 0
1895 71.16980862545715 21.47381762401724 0
1896 71.15422779310217 21.53875339913973 0
1897 74.15183039714024 22.34815693319039 0
1898 74.15998109112189 22.31588260219628 0
1899 71.16115829975548 21.50594983507148 0
1900 77.17763154666741 23.05453219990244 0
1901 77.18805814242225 23.01591502624919 0
1902 74.19641769861774 22.16675305634366 0
1903 71.19514380921386 21.35656837705591 0
1904 71.17831799375058 21.43452542435815 0
1905 74.17702691332779 22.24435409573945 0
1906 74.18680123266375 22.20567295058371 0
1907 71.18644158485948 21.39561102805968 0
1908 77.21099665308292 22.93095724421205 0
1909 77.22350856798873 22.88461663582815 0
1910 74.23117586534497 22.02698641623674 0
1911 71.22619160716744 21.21531715693671 0
1912 71.20565629877017 21.30903105836267 0
1913 74.2079307376526 22.12028825207998 0
1914 74.21987089180733 22.07318017303914 0
1915 71.21550040098032 21.26251154439751 0
1916 77.25103478078152 22.78266729738358 0
1917 77.26604907866849 22.7270585673229 0
1918 74.27256954164524 21.85935953889731 0
1919 71.26369913402682 21.04693086172237 0
1920 71.23856598175546 21.15932528042808 0
1921 74.24495963361598 21.97108788901253 0
1922 74.25878790727047 21.91551323617969 0
1923 71.25109456607493 21.10318298410908 0
1924 77.29908053401984 22.60471936118941 0
1925 77.31709769148421 22.5379888851166 0
1926 74.32217462292856 21.6577746362942 0
1927 71.3092285271467 20.84405381506156 0
1928 71.27875147309386 20.97923393212372 0
1929 74.28912741133848 21.79209847858651 0
1930 74.30569266301259 21.72492238462877 0
1931 71.29414731360484 20.91159638012085 0
1932 77.35673543790583 22.39118183775641 0
1933 77.37835602686306 22.31110526646904 0
1934 74.38168967371308 21.4161870906513 0
1935 71.36352983003957 20.60127197150405 0
1936 71.32720379246724 20.76294529060624 0
1937 74.34201358850393 21.57728299562186 0
1938 74.36187305845613 21.49676570746042 0
1939 71.34555706001431 20.68209914022152 0
1940 77.425921322569 22.13493680963682 0
1941 77.4518660293177 22.03884492409197 0
1942 74.45328650485862 21.12597951426203 0
1943 71.42864464834793 20.30952490254161 0
1944 71.38496834826243 20.50408131352341 0
1945 74.40553548995287 21.31966153332288 0
1946 74.42940507391035 21.22293062651684 0
1947 71.40703374379791 20.40694046219441 0
1948 77.50894438416482 21.8274427758933 0
1949 77.54007803226325 21.71213251323948 0
1950 71.45450018643358 20.19250462509617 0
1951 74.48196875868639 21.0098831285839 0
1952 74.51046808696955 20.89395171748259 0
1953 71.48104905454345 20.07611143012323 0
1954 113.1157811373836 32.86828056038897 0
1955 113.1244699671793 32.83609958234459 0
1956 110.1359959764723 31.99468783507219 0
1957 107.1388331559696 31.18545706584417 0
1958 104.1329815056712 30.40840727466051 0
1959 104.1242926758755 30.44058825270488 0
1960 107.1214554963801 31.24981902193343 0
1961 110.118618316883 32.05904979116151 0
1962 110.1273071466777 32.02686881311686 0
1963 107.1301443261749 31.21763804388879 0
1964 113.1435853927298 32.76530143064697 0
1965 113.1540119884847 32.72668425699373 0
1966 110.1672757637368 31.87883631411245 0
1967 107.1701129432342 31.06960554488442 0
1968 104.1625235269766 30.29899194930964 0
1969 104.1520969312218 30.33760912296289 0
1970 107.1492597517245 31.14683989219092 0
1971 110.1464225722271 31.95607066141894 0
1972 110.156849167982 31.9174534877657 0
1973 107.1596863474793 31.10822271853766 0
1974 113.1769504991453 32.64172647495658 0
1975 113.1894624140511 32.59538586657268 0
1976 110.2048115084543 31.73981448896076 0
1977 107.2076486879516 30.93058371973273 0
1978 104.1979739525431 30.1676935588886 0
1979 104.1854620376373 30.2140341672725 0
1980 107.18262485814 31.02326493650052 0
1981 110.1797876786426 31.83249570572856 0
1982 110.1922995935484 31.78615509734466 0
1983 107.1951367730458 30.97692432811662 0
1984 113.2169886268439 32.49343652812811 0
1985 113.2320029247309 32.43782779806744 0
1986 110.2498544021152 31.57298829877873 0
1987 107.2526915816125 30.7637575295507 0
1988 104.2405144632229 30.01013549038335 0
1989 104.2255001653359 30.06574422044402 0
1990 107.2226629858386 30.87497498967205 0
1991 110.2198258063412 31.68420575890008 0
1992 110.2348401042282 31.62859702883941 0
1993 107.2376772837255 30.81936625961137 0
1994 113.2650343800822 32.31548859193395 0
1995 113.2830515375466 32.24875811586114 0
1996 110.3039058745083 31.3727968705603 0
1997 107.3067430540056 30.56356610133227 0
1998 104.2915630760386 29.82106580817705 0
1999 104.2735459185742 29.88779628424986 0
2000 107.2707087390769 30.69702705347789 0
2001 110.2678715595796 31.50625782270592 0
2002 110.2858887170439 31.43952734663311 0
2003 107.2887258965413 30.63029657740508 0
2004 113.3226892839682 32.10195106850095 0
2005 113.3443098729255 32.02187449721357 0
2006 110.36876764138 31.13256715669817 0
2007 107.3716048208774 30.32333638747015 0
2008 104.3528214114174 29.59418218952949 0
2009 104.3312008224602 29.67425876081687 0
2010 107.3283636429629 30.4834895300449 0
2011 110.3255264634656 31.29272029927292 0
2012 110.3471470524228 31.21264372798554 0
2013 107.3499842319201 30.40341295875752 0
2014 113.3918751686314 31.84570604038135 0
2015 113.4178198753801 31.74961415483651 0
2016 110.4466017616261 30.84429150006363 0
2017 107.4494389411234 30.0350607308356 0
2018 104.4263314138721 29.32192184715242 0
2019 104.4003867071234 29.41801373269727 0
2020 107.3975495276261 30.2272445019253 0
2021 110.3947123481287 31.03647527115332 0
2022 110.4206570548774 30.94038338560847 0
2023 107.4234942343748 30.13115261638045 0
2024 113.4748982302272 31.53821200663784 0
2025 113.5060318783257 31.42290174398402 0
2026 104.5145434168176 28.99520943629993 0
2027 104.4834097687192 29.11051969895376 0
2028 107.4805725892219 29.91975046818178 0
2029 110.4777354097245 30.72898123740981 0
2030 110.508869057823 30.61367097475599 0
2031 107.5117062373203 29.80444020552796 0
2032 131.0987580604298 37.7236651757653 0
2033 131.1074468902255 37.69148419772092 0
2034 128.1189728995107 36.8500724504464 0
2035 125.1218100790002 36.04084168121626 0
2036 122.115958428694 35.26379189003049 0
2037 122.1072695988983 35.29597286807486 0
2038 125.1044324194013 36.10520363730298 0
2039 128.1015952399114 36.91443440653302 0
2040 128.1102840697111 36.88225342848972 0
2041 125.1131212492008 36.07302265925962 0
2042 131.1265623157761 37.6206860460233 0
2043 131.1369889115309 37.58206887237006 0
2044 128.1502526867752 36.73422092948666 0
2045 125.1530898662647 35.92499016025652 0
2046 122.1455004499994 35.15437656467962 0
2047 122.1350738542445 35.19299373833287 0
2048 125.1322366747551 36.00222450756301 0
2049 128.1293994952656 36.81145527679315 0
2050 128.1398260910204 36.77283810313991 0
2051 125.1426632705099 35.96360733390977 0
2052 131.1599274221916 37.49711109033291 0
2053 131.1724393370974 37.45077048194901 0
2054 128.1877884314927 36.59519910433497 0
2055 125.1906256109822 35.78596833510483 0
2056 122.1809508755659 35.02307817425858 0
2057 122.16843896066 35.06941878264248 0
2058 125.1656017811706 35.87864955187263 0
2059 128.1627646016811 36.68788032110277 0
2060 128.1752765165869 36.64153971271887 0
2061 125.1781136960764 35.83230894348873 0
2062 131.1999655498902 37.34882114350444 0
2063 131.2149798477772 37.29321241344377 0
2064 128.2328313251536 36.42837291415294 0
2065 125.2356685046431 35.6191421449228 0
2066 122.2234913862456 34.86552010575333 0
2067 122.2084770883586 34.92112883581401 0
2068 125.2056399088692 35.73035960504415 0
2069 128.2028027293797 36.5395903742743 0
2070 128.2178170272666 36.48398164421361 0
2071 125.2206542067561 35.67475087498348 0
2072 131.2480113031285 37.17087320731028 0
2073 131.2660284605929 37.10414273123747 0
2074 128.2868827975467 36.22818148593451 0
2075 125.2897199770362 35.41895071670437 0
2076 122.2745399990613 34.67645042354703 0
2077 122.256522841597 34.74318089961984 0
2078 125.2536856621075 35.55241166884998 0
2079 128.250848482618 36.36164243808013 0
2080 128.2688656400824 36.29491196200731 0
2081 125.2717028195719 35.48568119277718 0
2082 131.3056662070145 36.95733568387728 0
2083 131.3272867959717 36.8772591125899 0
2084 128.3517445644185 35.98795177207239 0
2085 125.354581743908 35.17872100284225 0
2086 122.3357983344402 34.44956680489947 0
2087 122.314177745483 34.52964337618685 0
2088 125.3113405659935 35.33887414541699 0
2089 128.308503386504 36.14810491464713 0
2090 128.3301239754612 36.06802834335976 0
2091 125.3329611549507 35.25879757412962 0
2092 131.3748520916777 36.70109065575768 0
2093 131.4007967984264 36.60499877021284 0
2094 128.4295786846646 35.69967611543784 0
2095 125.432415864154 34.8904453462077 0
2096 122.4093083368948 34.1773064625224 0
2097 122.3833636301461 34.27339834806725 0
2098 125.3805264506566 35.0826291172974 0
2099 128.3776892711672 35.89185988652753 0
2100 128.4036339779159 35.79576800098269 0
2101 125.4064711574053 34.98653723175254 0
2102 131.4578751532735 36.39359662201417 0
2103 131.4890088013719 36.27828635936035 0
2104 122.4975203398404 33.85059405166992 0
2105 122.4663866917419 33.96590431432374 0
2106 125.4635495122525 34.77513508355388 0
2107 128.460712332763 35.58436585278403 0
2108 128.4918459808615 35.4690555901302 0
2109 125.4946831603509 34.65982482090007 0
2110 95.13280421436029 28.01289594501884 0
2111 95.14149304415599 27.98071496697446 0
2112 92.15301905344492 27.13930321970096 0
2113 89.15585623293815 26.33007245047182 0
2114 86.15000458263567 25.55302265928706 0
2115 86.14131575283997 25.58520363733143 0
2116 89.13847857334648 26.3944344065605 0
2117 92.13564139385377 27.20366517578977 0
2118 92.14433022364935 27.17148419774536 0
2119 89.14716740314232 26.36225342851616 0
2120 95.16060846970655 27.90991681527684 0
2121 95.17103506546138 27.8712996416236 0
2122 92.18429884070946 27.02345169874122 0
2123 89.18713602020269 26.21422092951208 0
2124 86.17954660394106 25.44360733393619 0
2125 86.16912000818623 25.48222450758944 0
2126 89.166282828693 26.29145527681857 0
2127 92.16344564919977 27.10068604604771 0
2128 92.17387224495459 27.06206887239446 0
2129 89.17670942444784 26.25283810316533 0
2130 95.19397357612205 27.78634185958645 0
2131 95.20648549102786 27.74000125120256 0
2132 92.2218345854269 26.88442987358952 0
2133 89.22467176492013 26.07519910436039 0
2134 86.21499702950754 25.31230894351514 0
2135 86.20248511460173 25.35864955189905 0
2136 89.1996479351085 26.16788032112819 0
2137 92.19681075561527 26.97711109035732 0
2138 92.20932267052109 26.93077048197342 0
2139 89.2121598500143 26.12153971274428 0
2140 95.23401170382066 27.63805191275798 0
2141 95.24902600170762 27.5824431826973 0
2142 92.26687747908782 26.71760368340749 0
2143 89.26971465858105 25.90837291417835 0
2144 86.2575375401873 25.1547508750099 0
2145 86.24252324230034 25.21035960507057 0
2146 89.2396860628071 26.01959037429971 0
2147 92.23684888331388 26.82882114352885 0
2148 92.25186318120083 26.77321241346817 0
2149 89.25470036069407 25.96398164423903 0
2150 95.28205745705897 27.46010397656382 0
2151 95.30007461452334 27.39337350049101 0
2152 92.32092895148094 26.51741225518906 0
2153 89.32376613097416 25.70818148595992 0
2154 86.30858615300302 24.9656811928036 0
2155 86.29056899553865 25.03241166887641 0
2156 89.28773181604542 25.84164243810554 0
2157 92.28489463655218 26.65087320733469 0
2158 92.30291179401657 26.58414273126187 0
2159 89.30574897350979 25.77491196203273 0
2160 95.33971236094496 27.24656645313082 0
2161 95.36133294990219 27.16648988184345 0
2162 92.38579071835267 26.27718254132694 0
2163 89.38862789784589 25.4679517720978 0
2164 86.36984448838187 24.73879757415604 0
2165 86.34822389942464 24.81887414544341 0
2166 89.34538671993141 25.62810491467255 0
2167 92.34254954043818 26.43733568390168 0
2168 92.36417012939543 26.35725911261431 0
2169 89.36700730888865 25.54802834338518 0
2170 95.40889824560813 26.99032142501122 0
2171 95.43484295235683 26.89422953946638 0
2172 92.46362483859875 25.98890688469239 0
2173 89.46646201809197 25.17967611546326 0
2174 86.44335449083651 24.46653723177897 0
2175 86.41740978408781 24.56262911732382 0
2176 89.4145726045946 25.37185988655295 0
2177 92.41173542510134 26.18109065578209 0
2178 92.43768013185007 26.08499877023724 0
2179 89.44051731134329 25.27576800100811 0
2180 95.49192130720395 26.68282739126771 0
2181 95.52305495530238 26.56751712861389 0
2182 86.53156649378207 24.13982482092648 0
2183 86.50043284568363 24.2551350835803 0
2184 89.49759566619041 25.06436585280944 0
2185 92.49475848669717 25.87359662203858 0
2186 92.52589213479561 25.75828635938475 0
2187 89.52872931428882 24.94905559015562 0
2188 26.66478025738348 53.03513612447525 0
2189 24.42638746735063 55.2671581827578 0
2190 24.46979578005401 55.31806915113145 0
2191 26.7107474070967 53.0837090806798 0
2192 26.68759695315269 53.05947027830986 0
2193 24.44916100230845 55.29153444266014 0
2194 26.58342802881812 52.94679452718574 0
2195 24.346588986318 55.17778180202235 0
2196 24.3998885850413 55.2373266764974 0
2197 26.63774024962529 53.00554358572649 0
2198 26.61054793964702 52.97630634752083 0
2199 24.37333278216804 55.20753948861227 0
2200 26.48510476960784 52.8414716195707 0
2201 24.25178305951046 55.06872225504166 0
2202 24.31506011741893 55.14150556433783 0
2203 26.55075448694127 52.91163080290936 0
2204 26.51783766374115 52.8766375377627 0
2205 24.28344910549477 55.10506471383657 0
2206 26.36719695130903 52.71511630197742 0
2207 24.13808591371178 54.93815331933925 0
2208 24.21393064994796 55.02520575390439 0
2209 26.44590252870239 52.79930055100107 0
2210 26.40649021736092 52.75733725011784 0
2211 24.17601636582215 54.98174294727058 0
2212 26.22557921782896 52.56330684364888 0
2213 24.00132681688708 54.78126753282784 0
2214 24.09259499918768 54.88595225710503 0
2215 26.32014485113218 52.66443908792939 0
2216 26.27278771970188 52.61406000067858 0
2217 24.04695739870031 54.83364418790624 0
2218 26.0559735560843 52.38147671967752 0
2219 23.83774297464811 54.59350306393047 0
2220 23.94688866677275 54.71878101635576 0
2221 26.1692975019879 52.50264793737676 0
2222 26.11252506928884 52.4422810833219 0
2223 23.89234069149711 54.6562487438591 0
2224 25.85209526562208 52.16296290075417 0
2225 23.6410793245823 54.36780200901243 0
2226 23.77217242729191 54.51822504756291 0
2227 25.9882185840565 52.30847424836065 0
2228 25.91996195470188 52.23592917200982 0
2229 23.70656609159185 54.44306654479964 0
2230 23.56246384221367 54.27751260159058 0
2231 25.77086965244381 52.07537321145836 0
2232 25.68902943214865 51.98836511541654 0
2233 23.48356921081815 54.18748662428087 0
2234 119.1274844379848 34.42238014275748 0
2235 116.1303216174799 33.61314937352886 0
2236 116.1129439578911 33.67751132961831 0
2237 119.1101067783954 34.48674209884678 0
2238 119.1187956081901 34.45456112080213 0
2239 116.1216327876855 33.64533035157358 0
2240 119.1587642252493 34.30652862179774 0
2241 116.1616014047444 33.49729785256911 0
2242 116.1407482132347 33.57453219987561 0
2243 119.1379110337396 34.38376296910423 0
2244 119.1483376294944 34.34514579545099 0
2245 116.1511748089896 33.53591502622236 0
2246 119.1962999699668 34.16750679664605 0
2247 116.1991371494619 33.35827602741742 0
2248 116.1741133196502 33.45095724418522 0
2249 119.1712761401551 34.26018801341384 0
2250 119.1837880550609 34.21384740502995 0
2251 116.1866252345561 33.40461663580132 0
2252 119.2413428636277 34.00068060646402 0
2253 116.2441800431228 33.1914498372354 0
2254 116.2141514473488 33.30266729735675 0
2255 119.2113142678537 34.11189806658537 0
2256 119.2263285657407 34.0562893365247 0
2257 116.2291657452358 33.24705856729607 0
2258 119.2953943360208 33.80048917824558 0
2259 116.2982315155159 32.99125840901696 0
2260 116.2621972005872 33.12471936116258 0
2261 119.259360021092 33.93395013039121 0
2262 119.2773771785564 33.86721965431839 0
2263 116.2802143580515 33.05798888508977 0
2264 119.3602561028925 33.56025946438346 0
2265 116.3630932823876 32.75102869515484 0
2266 116.3198521044731 32.91118183772959 0
2267 119.317014924978 33.72041260695822 0
2268 119.3386355139353 33.64033603567084 0
2269 116.3414726934304 32.83110526644221 0
2270 119.4380902231386 33.27198380774892 0
2271 116.4409274026337 32.46275303852029 0
2272 116.3890379891363 32.65493680960999 0
2273 119.3862008096412 33.46416757883862 0
2274 119.4121455163899 33.36807569329377 0
2275 116.414982695885 32.55884492406514 0
2276 116.4720610507321 32.34744277586647 0
2277 119.469223871237 33.15667354509511 0
2278 119.5003575193354 33.04136328244128 0
2279 116.5031946988306 32.23213251321265 0
2280 46.83890044556079 32.92084368561641 0
2281 44.59712711222097 35.15600835228955 0
2282 44.64419792627179 35.20321833967608 0
2283 46.88597125961387 32.96805367300069 0
2284 46.86243585258734 32.94444867930855 0
2285 44.62066251924638 35.17961334598281 0
2286 46.7541729802682 32.83586570832174 0
2287 44.51239964692838 35.07103037499488 0
2288 44.5688846237901 35.12768235985799 0
2289 46.81065795712992 32.89251769318486 0
2290 46.78241546869906 32.8641917007533 0
2291 44.54064213535925 35.09935636742643 0
2292 46.6525000219171 32.73389213556813 0
2293 44.41072668857728 34.96905680224127 0
2294 44.47850866081134 35.03703918407702 0
2295 46.72028199415117 32.80187451740387 0
2296 46.68639100803413 32.767883326486 0
2297 44.44461767469431 35.00304799315913 0
2298 46.53049247189577 32.61152384826381 0
2299 44.28871913855595 34.84668851493695 0
2300 44.37005750523684 34.92826737313983 0
2301 46.61183083857665 32.6931027064667 0
2302 46.57116165523621 32.65231327736524 0
2303 44.32938832189639 34.88747794403838 0
2304 46.38408341187018 32.46468190349862 0
2305 44.14231007853036 34.69984657017176 0
2306 44.23991611854742 34.79774120001522 0
2307 46.48168945188723 32.56257653334209 0
2308 46.43288643187871 32.51362921842035 0
2309 44.19111309853889 34.74879388509349 0
2310 46.20839253983947 32.2884715697804 0
2311 43.96661920649965 34.52363623645353 0
2312 44.08374645452012 34.64110979226568 0
2313 46.32551978785995 32.40594512559255 0
2314 46.26695616384971 32.34720834768648 0
2315 44.02518283050988 34.58237301435962 0
2316 45.99756349340262 32.07701916931853 0
2317 43.75579016006279 34.31218383599166 0
2318 43.89634285768736 34.45315210296624 0
2319 46.13811619102718 32.2179874362931 0
2320 46.06783984221491 32.14750330280582 0
2321 43.82606650887508 34.38266796947894 0
2322 43.67145854148806 34.22760287580692 0
2323 45.91323187482789 31.99243820913377 0
2324 45.82890025625314 31.90785724894902 0
2325 43.58712692291332 34.14302191562217 0
2326 83.1615305919251 24.71161091201368 0
2327 80.16436777141884 23.90238014278468 0
2328 80.14699011183009 23.96674209887415 0
2329 83.14415293233581 24.775972868103 0
2330 83.15284176213045 24.74379189005834 0
2331 80.15567894162447 23.93456112082941 0
2332 83.19281037918964 24.59575939105394 0
2333 80.19564755868338 23.78652862182494 0
2334 80.17479436717369 23.86376296913144 0
2335 83.17195718767996 24.67299373836044 0
2336 83.18238378343479 24.63437656470719 0
2337 80.18522096292853 23.82514579547819 0
2338 83.23034612390708 24.45673756590225 0
2339 80.23318330340082 23.64750679667325 0
2340 80.20815947358918 23.74018801344105 0
2341 83.20532229409544 24.54941878267005 0
2342 83.21783420900125 24.50307817428614 0
2343 80.22067138849499 23.69384740505715 0
2344 83.275389017568 24.28991137572022 0
2345 80.27822619706174 23.48068060649122 0
2346 80.24819760128781 23.59189806661258 0
2347 83.24536042179406 24.40112883584157 0
2348 83.26037471968102 24.3455201057809 0
2349 80.26321189917476 23.5362893365519 0
2350 83.32944048996112 24.08971994750179 0
2351 80.33227766945485 23.28048917827279 0
2352 80.29624335452613 23.41395013041841 0
2353 83.29340617503237 24.22318089964741 0
2354 83.31142333249674 24.1564504235746 0
2355 80.31426051199048 23.3472196543456 0
2356 83.39430225683284 23.84949023363966 0
2357 80.39713943632658 23.04025946441066 0
2358 80.3538982584121 23.20041260698541 0
2359 83.35106107891835 24.00964337621441 0
2360 83.37268166787558 23.92956680492704 0
2361 80.37551884736934 23.12033603569804 0
2362 83.47213637707893 23.56121457700512 0
2363 80.47497355657266 22.75198380777612 0
2364 80.42308414307527 22.94416757886582 0
2365 83.42024696358153 23.75339834809481 0
2366 83.44619167033022 23.65730646254997 0
2367 80.44902884982397 22.84807569332097 0
2368 80.50610720467111 22.63667354512231 0
2369 83.50327002517736 23.4459043143513 0
2370 83.53440367327579 23.33059405169748 0
2371 80.53724085276953 22.52136328246848 0
2372 101.1445075149619 29.56699552738745 0
2373 98.14734469445678 28.75776475815877 0
2374 98.12996703486343 28.82212671424699 0
2375 101.1271298553692 29.63135748347587 0
2376 101.1358186851655 29.59917650543166 0
2377 98.13865586466011 28.78994573620288 0
2378 101.1757873022264 29.45114400642771 0
2379 98.17862448172131 28.64191323719903 0
2380 98.15777129021163 28.71914758450552 0
2381 101.1549341107167 29.5283783537342 0
2382 101.1653607064715 29.48976118008096 0
2383 98.16819788596646 28.68053041085227 0
2384 101.2133230469438 29.31212218127602 0
2385 98.21616022643876 28.50289141204734 0
2386 98.19113639662713 28.59557262881513 0
2387 101.1882992171322 29.40480339804382 0
2388 101.200811132038 29.35846278965992 0
2389 98.20364831153293 28.54923202043123 0
2390 101.2583659406048 29.14529599109399 0
2391 98.26120312009968 28.33606522186531 0
2392 98.23117452432575 28.44728268198666 0
2393 101.2283373448308 29.25651345121535 0
2394 101.2433516427178 29.20090472115466 0
2395 98.2461888222127 28.39167395192599 0
2396 101.3124174129979 28.94510456287556 0
2397 98.31525459249279 28.13587379364688 0
2398 98.27922027756404 28.2693347457925 0
2399 101.2763830980691 29.07856551502118 0
2400 101.2944002555335 29.01183503894837 0
2401 98.29723743502839 28.20260426971969 0
2402 101.3772791798696 28.70487484901344 0
2403 98.38011635936452 27.89564407978475 0
2404 98.33687518145004 28.0557972223595 0
2405 101.3340380019551 28.86502799158819 0
2406 101.3556585909123 28.78495142030081 0
2407 98.35849577040727 27.97572065107212 0
2408 101.4551133001157 28.41659919237889 0
2409 98.4579504796106 27.60736842315021 0
2410 98.40606106611321 27.79955219423991 0
2411 101.4032238866183 28.60878296346858 0
2412 101.429168593367 28.51269107792374 0
2413 98.43200577286191 27.70346030869506 0
2414 98.48908412770902 27.49205816049639 0
2415 101.4862469482141 28.30128892972508 0
2416 101.5173805963125 28.18597866707125 0
2417 98.52021777580744 27.37674789784257 0
2418 182.050526009276 51.4139215860512 0
2419 179.062052018552 50.60584317211008 0
2420 176.0648891980322 49.82994573621335 0
2421 176.0562003682365 49.86212671425772 0
2422 179.0504669121553 50.6709733650592 0
2423 182.0447334560779 51.47982001586168 0
2424 182.0476297326769 51.44687080095646 0
2425 179.0562594653536 50.63840826858466 0
2426 182.0609526050308 51.2953044123982 0
2427 179.0829052100616 50.48860882480371 0
2428 176.0944312193376 49.72053041086248 0
2429 176.0840046235828 49.75914758451572 0
2430 179.0690030823885 50.56676505634131 0
2431 182.0540015411942 51.37438252816689 0
2432 182.0574770731125 51.33484347028254 0
2433 179.0759541462251 50.52768694057251 0
2434 182.0734645199366 51.1529638040146 0
2435 179.1079290398733 50.34792760803607 0
2436 176.1298816449041 49.58923202044144 0
2437 176.1173697299982 49.63557262882534 0
2438 179.0912464866655 50.44171508588116 0
2439 182.0651232433327 51.247857542937 0
2440 182.0692938816347 51.20041067347579 0
2441 179.0995877632694 50.39482134695861 0
2442 182.0884788178236 50.98215507395427 0
2443 179.1379576356472 50.17911014791489 0
2444 176.1724221555838 49.43167395193619 0
2445 176.1574078576969 49.48728268199687 0
2446 179.1179385717979 50.29165512132901 0
2447 182.078469285899 51.09602756066116 0
2448 182.0834740518613 51.03909131730768 0
2449 179.1279481037226 50.23538263462192 0
2450 182.106495975288 50.77718459788188 0
2451 179.1739919505759 49.97652919576947 0
2452 176.2234707683996 49.24260426972989 0
2453 176.2054536109352 49.3093347458027 0
2454 179.1499690739568 50.11158316386646 0
2455 182.0944845369784 50.91383158193021 0
2456 182.1004902561332 50.84550808990608 0
2457 179.1619805122664 50.04405617981799 0
2458 182.1281165642452 50.53122002659502 0
2459 179.2172331284904 49.73343205319498 0
2460 176.2847291037784 49.01572065108233 0
2461 176.2631085148212 49.0957972223697 0
2462 179.1884056765475 49.89549681491133 0
2463 182.1137028382738 50.69519640745294 0
2464 182.1209097012594 50.61320821702397 0
2465 179.2028194025189 49.81446443405314 0
2466 182.1540612709939 50.23606254105077 0
2467 179.2691225419878 49.44171548210559 0
2468 176.358239106233 48.74346030870526 0
2469 176.3322943994844 48.8395521942501 0
2470 179.2345295996563 49.63619319616514 0
2471 182.1367647998281 50.43283419808017 0
2472 182.145413035411 50.33444836956545 0
2473 179.251826070822 49.53895433913536 0
2474 176.4464511091786 48.41674789785277 0
2475 176.4153174610802 48.53205816050659 0
2476 179.2898783073868 49.32502885366983 0
2477 182.1644391536934 50.11799954683308 0
2478 182.1748170363929 49.99993655261538 0
2479 179.3106340727857 49.20834222523408 0
2480 167.0647119066669 47.434434406557 0
2481 167.0734007364626 47.40225342851262 0
2482 164.0849267457385 46.56084168123559 0
2483 161.0877639252187 45.75161091200294 0
2484 158.0819122749031 44.97456112081466 0
2485 158.0732234451075 45.00674209885903 0
2486 161.0703862656271 45.81597286809164 0
2487 164.067549086147 46.62520363732435 0
2488 164.0762379159428 46.59302265927997 0
2489 161.0790750954229 45.78379189004729 0
2490 167.0925161620131 47.331455276815 0
2491 167.1029427577679 47.29283810316176 0
2492 164.116206533003 46.44499016027585 0
2493 161.1190437124832 45.63575939104319 0
2494 158.1114542962085 44.86514579546379 0
2495 158.1010277004537 44.90376296911703 0
2496 161.0981905209735 45.71299373834969 0
2497 164.0953533414933 46.52222450758234 0
2498 164.1057799372481 46.4836073339291 0
2499 161.1086171167283 45.67437656469644 0
2500 167.1258812684286 47.20788032112461 0
2501 167.1383931833344 47.16153971274071 0
2502 164.1537422777204 46.30596833512416 0
2503 161.1565794572006 45.49673756589151 0
2504 158.146904721775 44.73384740504275 0
2505 158.1343928068692 44.78018801342665 0
2506 161.131555627389 45.5894187826593 0
2507 164.1287184479088 46.39864955189196 0
2508 164.1412303628146 46.35230894350806 0
2509 161.1440675422948 45.5430781742754 0
2510 167.1659193961272 47.05959037429614 0
2511 167.1809336940142 47.00398164423547 0
2512 164.1987851713814 46.13914214494213 0
2513 161.2016223508616 45.32991137570948 0
2514 158.1894452324548 44.5762893365375 0
2515 158.1744309345678 44.63189806659818 0
2516 161.1715937550876 45.44112883583083 0
2517 164.1687565756074 46.25035960506349 0
2518 164.1837708734944 46.19475087500281 0
2519 161.1866080529746 45.38552010577015 0
2520 167.2139651493655 46.88164243810198 0
2521 167.2319823068299 46.81491196202916 0
2522 164.2528366437745 45.9389507167237 0
2523 161.2556738232547 45.12971994749104 0
2524 158.2404938452705 44.3872196543312 0
2525 158.2224766878061 44.45395013040401 0
2526 161.2196395083259 45.26318089963667 0
2527 164.2168023288457 46.07241166886932 0
2528 164.2348194863101 46.00568119279652 0
2529 161.2376566657903 45.19645042356385 0
2530 167.2716200532515 46.66810491466898 0
2531 167.2932406422088 46.5880283433816 0
2532 164.3176984106462 45.69872100286157 0
2533 161.3205355901264 44.88949023362892 0
2534 158.3017521806493 44.16033603568363 0
2535 158.2801315916921 44.24041260697101 0
2536 161.2772944122119 45.04964337620368 0
2537 164.2744572327317 45.85887414543632 0
2538 164.2960778216889 45.77879757414895 0
2539 161.2989150011691 44.96956680491628 0
2540 167.3408059379147 46.41185988654938 0
2541 167.3667506446634 46.31576800100454 0
2542 164.3955325308923 45.41044534622703 0
2543 161.3983697103725 44.60121457699437 0
2544 158.375262183104 43.88807569330657 0
2545 158.3493174763553 43.98416757885141 0
2546 161.3464802968751 44.79339834808407 0
2547 164.3436431173949 45.60262911731672 0
2548 164.3695878241436 45.50653723177187 0
2549 161.3724250036238 44.69730646253922 0
2550 167.4238289995105 46.10436585280587 0
2551 167.454962647609 45.98905559015205 0
2552 158.4634741860496 43.56136328245408 0
2553 158.4323405379511 43.6766735451079 0
2554 161.4295033584709 44.48590431434056 0
2555 164.4266661789907 45.29513508357321 0
2556 164.4577998270892 45.17982482091939 0
2557 161.4606370065694 44.37059405168672 0
2558 173.0764152073047 48.9885339889354 0
2559 170.0792523867815 48.17930321970182 0
2560 170.0618747271899 48.24366517579051 0
2561 173.0590375477128 49.05289594502402 0
2562 173.0677263775088 49.02071496697972 0
2563 170.0705635569857 48.21148419774617 0
2564 173.1076949945692 48.87268246797566 0
2565 170.110532174046 48.06345169874208 0
2566 170.0896789825363 48.14068604604857 0
2567 173.0868418030595 48.94991681528215 0
2568 173.0972683988144 48.91129964162891 0
2569 170.1001055782912 48.10206887239534 0
2570 173.1452307392867 48.73366064282397 0
2571 170.1480679187634 47.92442987359039 0
2572 170.1230440889518 48.01711109035817 0
2573 173.120206909475 48.82634185959176 0
2574 173.1327188243808 48.78000125120786 0
2575 170.1355560038576 47.97077048197428 0
2576 173.1902736329476 48.56683445264194 0
2577 170.1931108124244 47.75760368340836 0
2578 170.1630822166504 47.86882114352971 0
2579 173.1602450371736 48.67805191276329 0
2580 173.1752593350606 48.62244318270263 0
2581 170.1780965145374 47.81321241346904 0
2582 173.2443251053407 48.3666430244235 0
2583 170.2471622848175 47.55741225518992 0
2584 170.2111279698887 47.69087320733555 0
2585 173.208290790412 48.50010397656912 0
2586 173.2263079478764 48.43337350049632 0
2587 170.2291451273531 47.62414273126274 0
2588 173.3091868722125 48.12641331056138 0
2589 170.3120240516892 47.3171825413278 0
2590 170.2687828737748 47.47733568390255 0
2591 173.265945694298 48.28656645313613 0
2592 173.2875662832552 48.20648988184874 0
2593 170.290403462732 47.39725911261517 0
2594 173.3870209924585 47.83813765392684 0
2595 170.3898581719353 47.02890688469326 0
2596 170.3379687584379 47.22109065578295 0
2597 173.3351315789612 48.03032142501653 0
2598 173.3610762857098 47.93422953947167 0
2599 170.3639134651866 47.12499877023811 0
2600 170.4209918200337 46.91359662203944 0
2601 173.418154640557 47.72282739127302 0
2602 173.4492882886554 47.60751712861919 0
2603 170.4521254681322 46.79828635938561 0
2604 155.0934382841792 44.13314937353766 0
2605 152.0962754636595 43.32391860430505 0
2606 149.0904238133441 42.5468688131168 0
2607 149.0817349835484 42.57904979116118 0
2608 152.0788978040681 43.3882805603938 0
2609 155.076060624588 44.19751132962647 0
2610 155.0847494543836 44.16533035158206 0
2611 152.0875866338638 43.35609958234942 0
2612 155.1247180714437 44.01729785257792 0
2613 152.127555250924 43.20806708334531 0
2614 149.1199658346495 42.43745348776594 0
2615 149.1095392388947 42.47607066141918 0
2616 152.1067020594143 43.2853014306518 0
2617 155.103864879934 44.09453219988441 0
2618 155.1142914756889 44.05591502623117 0
2619 152.1171286551692 43.24668425699856 0
2620 155.1622538161612 43.87827602742623 0
2621 152.1650909956415 43.06904525819362 0
2622 149.155416260216 42.30615509734489 0
2623 149.1429043453102 42.35249570572879 0
2624 152.1400671658298 43.16172647496141 0
2625 155.1372299863495 43.97095724419403 0
2626 155.1497419012553 43.92461663581012 0
2627 152.1525790807356 43.11538586657751 0
2628 155.2072967098221 43.7114498372442 0
2629 152.2101338893024 42.90221906801159 0
2630 149.1979567708958 42.14859702883965 0
2631 149.1829424730088 42.20420575890032 0
2632 152.1801052935284 43.01343652813294 0
2633 155.1772681140481 43.82266729736556 0
2634 155.1922824119351 43.76705856730487 0
2635 152.1951195914154 42.95782779807226 0
2636 155.2613481822152 43.51125840902576 0
2637 152.2641853616955 42.70202763979315 0
2638 149.2490053837115 41.95952734663334 0
2639 149.2309882262471 42.02625782270616 0
2640 152.2281510467668 42.83548859193877 0
2641 155.2253138672864 43.64471936117139 0
2642 155.2433310247508 43.57798888509858 0
2643 152.2461682042311 42.76875811586596 0
2644 155.3262099490869 43.27102869516364 0
2645 152.3290471285673 42.46179792593103 0
2646 149.3102637190903 41.73264372798578 0
2647 149.2886431301331 41.81272029927316 0
2648 152.2858059506527 42.62195106850578 0
2649 155.2829687711724 43.43118183773839 0
2650 155.3045893601297 43.35110526645101 0
2651 152.30742653961 42.54187449721841 0
2652 155.404044069333 42.9827530385291 0
2653 152.4068812488133 42.17352226929648 0
2654 149.383773721545 41.46038338560871 0
2655 149.3578290147963 41.55647527115356 0
2656 152.354991835316 42.36570604038617 0
2657 155.3521546558357 43.17493680961879 0
2658 155.3780993625843 43.07884492407395 0
2659 152.3809365420646 42.26961415484134 0
2660 149.4719857244905 41.13367097475623 0
2661 149.4408520763921 41.24898123741005 0
2662 152.4380148969118 42.05821200664266 0
2663 155.4351777174314 42.86744277587529 0
2664 155.4663113655299 42.75213251322145 0
2665 152.4691485450102 41.94290174398884 0
2666 146.1019498226166 41.70545706583884 0
2667 143.1047870020933 40.89622629660524 0
2668 140.0989353517743 40.11917650541602 0
2669 140.0902465219786 40.15135748346039 0
2670 143.0874093425008 40.9605882526937 0
2671 146.0845721630238 41.76981902192722 0
2672 146.0932609928201 41.73763804388302 0
2673 143.096098172297 40.92840727464947 0
2674 146.1332296098811 41.58960554487909 0
2675 143.1360667893578 40.7803747756455 0
2676 140.1284773730797 40.00976118006515 0
2677 140.1180507773248 40.0483783537184 0
2678 143.1152135978481 40.85760912295199 0
2679 146.1123764183714 41.66683989218559 0
2680 146.1228030141262 41.62822271853234 0
2681 143.125640193603 40.81899194929875 0
2682 146.1707653545985 41.4505837197274 0
2683 143.1736025340752 40.64135295049381 0
2684 140.1639277986461 39.87846278964411 0
2685 140.1514158837403 39.92480339802801 0
2686 143.1485787042636 40.7340341672616 0
2687 146.1457415247869 41.54326493649521 0
2688 146.1582534396927 41.4969243281113 0
2689 143.1610906191694 40.6876935588777 0
2690 146.2158082482595 41.28375752954538 0
2691 143.2186454277362 40.47452676031178 0
2692 140.2064683093259 39.72090472113887 0
2693 140.1914540114389 39.77651345119954 0
2694 143.1886168319622 40.58574422043314 0
2695 146.1857796524855 41.39497498966674 0
2696 146.2007939503725 41.33936625960605 0
2697 143.2036311298492 40.53013549037246 0
2698 146.2698597206526 41.08356610132694 0
2699 143.2726969001293 40.27433533209334 0
2700 140.2575169221416 39.53183503893256 0
2701 140.2394997646773 39.59856551500538 0
2702 143.2366625852006 40.40779628423897 0
2703 146.2338254057238 41.21702705347256 0
2704 146.2518425631882 41.15029657739975 0
2705 143.2546797426649 40.34106580816615 0
2706 146.3347214875243 40.84333638746482 0
2707 143.337558667001 40.03410561823122 0
2708 140.3187752575205 39.304951420285 0
2709 140.2971546685633 39.38502799157238 0
2710 143.2943174890866 40.19425876080597 0
2711 146.2914803096098 41.00348953003957 0
2712 146.3131008985671 40.92341295875218 0
2713 143.3159380780438 40.11418218951859 0
2714 146.4125556077704 40.55506073083027 0
2715 143.4153927872471 39.74582996159668 0
2716 140.3922852599751 39.03269107790793 0
2717 140.3663405532265 39.12878296345278 0
2718 143.3635033737497 39.93801373268636 0
2719 146.360666194273 40.74724450191997 0
2720 146.3866109010217 40.65115261637511 0
2721 143.3894480804984 39.84192184714152 0
2722 140.4804972629207 38.70597866705545 0
2723 140.4493636148223 38.82128892970927 0
2724 143.4465264353455 39.63051969894286 0
2725 146.4436892558688 40.43975046817646 0
2726 146.4748229039673 40.32444020552263 0
2727 143.4776600834439 39.51520943628905 0
2728 137.1104613610538 39.27776475813995 0
2729 134.1132985405375 38.46853398890825 0
2730 134.0959208809459 38.53289594499694 0
2731 137.0930837014623 39.34212671422868 0
2732 137.101772531258 39.30994573618432 0
2733 134.1046097107417 38.50071496695259 0
2734 137.1417411483183 39.16191323718021 0
2735 134.144578327802 38.3526824679485 0
2736 134.1237251362923 38.429916815255 0
2737 137.1208879568086 39.23914758448671 0
2738 137.1313145525634 39.20053041083347 0
2739 134.1341517320472 38.39129964160175 0
2740 137.1792768930357 39.02289141202852 0
2741 134.1821140725195 38.21366064279682 0
2742 134.1570902427078 38.30634185956461 0
2743 137.154253063224 39.11557262879631 0
2744 137.1667649781299 39.06923202041241 0
2745 134.1696021576136 38.2600012511807 0
2746 137.2243197866966 38.85606522184649 0
2747 134.2271569661804 38.04683445261479 0
2748 134.1971283704064 38.15805191273614 0
2749 137.1942911909227 38.96728268196784 0
2750 137.2093054888097 38.91167395190717 0
2751 134.2121426682934 38.10244318267546 0
2752 137.2783712590898 38.65587379362805 0
2753 134.2812084385735 37.84664302439635 0
2754 134.2451741236447 37.98010397654198 0
2755 137.242336944161 38.78933474577368 0
2756 137.2603541016254 38.72260426970087 0
2757 134.2631912811091 37.91337350046916 0
2758 137.3432330259615 38.41564407976593 0
2759 134.3460702054452 37.60641331053423 0
2760 134.3028290275308 37.76656645310898 0
2761 137.299991848047 38.57579722234068 0
2762 137.3216124370042 38.4957206510533 0
2763 134.324449616488 37.68648988182159 0
2764 137.4210671462076 38.12736842313139 0
2765 134.4239043256913 37.31813765389968 0
2766 134.3720149121939 37.51032142498938 0
2767 137.3691777327102 38.31955219422108 0
2768 137.3951224394589 38.22346030867623 0
2769 134.3979596189426 37.41422953944453 0
2770 134.4550379737897 37.20282739124587 0
2771 137.452200794306 38.01205816047756 0
2772 137.4833344424044 37.89674789782374 0
2773 134.4861716218882 37.08751712859205 0
$EndNodes
$Elements
408
1 21 2 1 1 17 360 16 478 479 480 481 37 38 482
2 21 2 1 1 352 125 126 483 484 147 148 485 486 487
3 21 2 1 1 392 264 412 488 489 490 491 492 493 494
4 21 2 1 1 436 397 438 495 496 497 498 499 500 501
5 21 2 1 1 397 436 437 496 495 502 503 504 505 506
6 21 2 1 1 438 409 439 507 508 509 510 511 512 513
7 21 2 1 1 424 393 425 514 515 516 517 518 519 520
8 21 2 1 1 402 412 413 521 522 523 524 525 526 527
9 21 2 1 1 436 438 439 500 499 512 511 528 529 530
10 21 2 1 1 393 424 445 515 514 531 532 533 534 535
11 21 2 1 1 444 399 464 536 537 538 539 540 541 542
12 21 2 1 1 425 393 427 517 516 543 544 545 546 547
13 21 2 1 1 399 444 456 537 536 548 549 550 551 552
14 21 2 1 1 395 437 449 553 554 555 556 557 558 559
15 21 2 1 1 432 394 447 560 561 562 563 564 565 566
16 21 2 1 1 352 126 472 486 485 567 568 569 570 571
17 21 2 1 1 399 446 450 572 573 574 575 576 577 578
18 21 2 1 1 437 395 462 554 553 579 580 581 582 583
19 21 2 1 1 414 413 467 584 585 586 587 588 589 590
20 21 2 1 1 396 426 446 591 592 593 594 595 596 597
21 21 2 1 1 394 432 457 561 560 598 599 600 601 602
22 21 2 1 1 409 438 452 508 507 603 604 605 606 607
23 21 2 1 1 446 426 450 594 593 608 609 575 574 610
24 21 2 1 1 457 415 472 611 612 613 614 615 616 617
25 21 2 1 1 432 415 457 618 619 612 611 599 598 620
26 21 2 1 1 416 410 454 621 622 623 624 625 626 627
27 21 2 1 1 410 441 473 628 629 630 631 632 633 634
28 21 2 1 1 401 452 453 635 636 637 638 639 640 641
29 21 2 1 1 426 396 461 592 591 642 643 644 645 646
30 21 2 1 1 420 406 421 647 648 649 650 651 652 653
31 21 2 1 1 415 352 472 654 655 570 569 614 613 656
32 21 2 1 1 422 400 423 657 658 659 660 661 662 663
33 21 2 1 1 448 440 452 664 665 666 667 668 669 670
34 21 2 1 1 452 438 453 604 603 671 672 638 637 673
35 21 2 1 1 410 416 463 622 621 674 675 676 677 678
36 21 2 1 1 442 167 473 679 680 681 682 683 684 685
37 21 2 1 1 167 442 465 680 679 686 687 688 689 690
38 21 2 1 1 441 442 473 691 692 684 683 631 630 693
39 21 2 1 1 441 410 463 629 628 677 676 694 695 696
40 21 2 1 1 399 450 464 577 576 697 698 539 538 699
41 21 2 1 1 400 201 455 700 701 702 703 704 705 706
42 21 2 1 1 412 416 417 707 708 709 710 711 712 713
43 21 2 1 1 443 405 444 714 715 716 717 718 719 720
44 21 2 1 1 401 448 452 721 722 669 668 636 635 723
45 21 2 1 1 413 412 417 524 523 712 711 724 725 726
46 21 2 1 1 412 264 416 491 490 727 728 708 707 729
47 21 2 1 1 423 400 424 660 659 730 731 732 733 734
48 21 2 1 1 404 435 436 735 736 737 738 739 740 741
49 21 2 1 1 421 406 422 650 649 742 743 744 745 746
50 21 2 1 1 428 415 432 747 748 619 618 749 750 751
51 21 2 1 1 248 396 446 752 753 596 595 754 755 756
52 21 2 1 1 304 312 439 757 758 759 760 761 762 763
53 21 2 1 1 438 397 453 498 497 764 765 672 671 766
54 21 2 1 1 414 467 474 589 588 767 768 769 770 771
55 21 2 1 1 398 428 429 772 773 774 775 776 777 778
56 21 2 1 1 404 434 435 779 780 781 782 736 735 783
57 21 2 1 1 429 428 432 775 774 750 749 784 785 786
58 21 2 1 1 424 400 455 731 730 705 704 787 788 789
59 21 2 1 1 360 224 460 790 791 792 793 794 795 796
60 21 2 1 1 344 352 415 797 798 655 654 799 800 801
61 21 2 1 1 398 336 428 802 803 804 805 773 772 806
62 21 2 1 1 320 328 434 807 808 809 810 811 812 813
63 21 2 1 1 409 304 439 814 815 762 761 510 509 816
64 21 2 1 1 344 415 428 800 799 748 747 817 818 819
65 21 2 1 1 312 404 439 820 821 822 823 760 759 824
66 21 2 1 1 408 427 468 825 826 827 828 829 830 831
67 21 2 1 1 404 320 434 832 833 812 811 780 779 834
68 21 2 1 1 232 240 399 835 836 837 838 839 840 841
69 21 2 1 1 423 424 425 733 732 519 518 842 843 844
70 21 2 1 1 159 160 411 173 174 845 846 847 848 849
71 21 2 1 1 436 435 437 738 737 850 851 503 502 852
72 21 2 1 1 161 395 433 853 854 855 856 857 858 859
73 21 2 1 1 411 160 433 846 845 860 861 862 863 864
74 21 2 1 1 404 436 439 740 739 529 528 823 822 865
75 21 2 1 1 328 398 434 866 867 868 869 810 809 870
76 21 2 1 1 430 429 431 871 872 873 874 875 876 877
77 21 2 1 1 200 201 400 211 212 701 700 878 879 880
78 21 2 1 1 429 432 447 785 784 565 564 881 882 883
79 21 2 1 1 248 256 396 884 885 886 887 753 752 888
80 21 2 1 1 336 344 428 889 890 818 817 805 804 891
81 21 2 1 1 441 407 442 892 893 894 895 692 691 896
82 21 2 1 1 296 409 440 897 898 899 900 901 902 903
83 21 2 1 1 408 15 443 904 905 906 907 908 909 910
84 21 2 1 1 280 407 441 911 912 893 892 913 914 915
85 21 2 1 1 437 435 449 851 850 916 917 556 555 918
86 21 2 1 1 407 288 440 919 920 921 922 923 924 925
87 21 2 1 1 272 280 441 926 927 914 913 928 929 930
88 21 2 1 1 160 161 433 175 176 858 857 861 860 931
89 21 2 1 1 280 288 407 932 933 920 919 912 911 934
90 21 2 1 1 296 304 409 935 936 815 814 898 897 937
91 21 2 1 1 398 429 430 777 776 872 871 938 939 940
92 21 2 1 1 312 320 404 941 942 833 832 821 820 943
93 21 2 1 1 328 336 398 944 945 803 802 867 866 946
94 21 2 1 1 288 296 440 947 948 902 901 922 921 949
95 21 2 1 1 397 437 462 505 504 582 581 950 951 952
96 21 2 1 1 434 430 435 953 954 955 956 782 781 957
97 21 2 1 1 161 162 395 177 178 958 959 854 853 960
98 21 2 1 1 163 164 397 181 182 961 962 963 964 965
99 21 2 1 1 165 166 401 185 186 966 967 968 969 970
100 21 2 1 1 427 408 464 826 825 971 972 973 974 975
101 21 2 1 1 168 169 410 191 192 976 977 978 979 980
102 21 2 1 1 198 199 406 207 208 981 982 983 984 985
103 21 2 1 1 406 420 477 648 647 986 987 988 989 990
104 21 2 1 1 400 422 476 658 657 991 992 993 994 995
105 21 2 1 1 423 425 426 843 842 996 997 998 999 1000
106 21 2 1 1 398 430 434 939 938 954 953 869 868 1001
107 21 2 1 1 417 170 467 1002 1003 1004 1005 1006 1007 1008
108 21 2 1 1 170 417 454 1003 1002 1009 1010 1011 1012 1013
109 21 2 1 1 11 12 445 27 28 1014 1015 1016 1017 1018
110 21 2 1 1 14 15 408 33 34 905 904 1019 1020 1021
111 21 2 1 1 224 405 460 1022 1023 1024 1025 793 792 1026
112 21 2 1 1 12 13 393 29 30 1027 1028 1029 1030 1031
113 21 2 1 1 15 16 443 35 36 1032 1033 907 906 1034
114 21 2 1 1 425 427 450 546 545 1035 1036 1037 1038 1039
115 21 2 1 1 408 443 444 909 908 719 718 1040 1041 1042
116 21 2 1 1 240 248 446 1043 1044 755 754 1045 1046 1047
117 21 2 1 1 407 440 448 924 923 665 664 1048 1049 1050
118 21 2 1 1 440 409 452 900 899 606 605 667 666 1051
119 21 2 1 1 12 393 445 1030 1029 534 533 1015 1014 1052
120 21 2 1 1 419 197 477 1053 1054 1055 1056 1057 1058 1059
121 21 2 1 1 128 129 394 153 154 1060 1061 1062 1063 1064
122 21 2 1 1 430 431 449 876 875 1065 1066 1067 1068 1069
123 21 2 1 1 399 240 446 838 837 1046 1045 573 572 1070
124 21 2 1 1 431 429 447 874 873 882 881 1071 1072 1073
125 21 2 1 1 232 399 456 840 839 551 550 1074 1075 1076
126 21 2 1 1 442 407 448 895 894 1049 1048 1077 1078 1079
127 21 2 1 1 224 368 405 1080 1081 1082 1083 1023 1022 1084
128 21 2 1 1 416 264 463 728 727 1085 1086 675 674 1087
129 21 2 1 1 397 164 453 962 961 1088 1089 765 764 1090
130 21 2 1 1 165 401 453 969 968 640 639 1091 1092 1093
131 21 2 1 1 435 430 449 956 955 1068 1067 917 916 1094
132 21 2 1 1 264 272 463 1095 1096 1097 1098 1086 1085 1099
133 21 2 1 1 427 393 468 544 543 1100 1101 828 827 1102
134 21 2 1 1 129 130 451 155 156 1103 1104 1105 1106 1107
135 21 2 1 1 410 169 454 977 976 1108 1109 624 623 1110
136 21 2 1 1 394 129 451 1061 1060 1106 1105 1111 1112 1113
137 21 2 1 1 197 198 477 205 206 1114 1115 1056 1055 1116
138 21 2 1 1 426 425 450 997 996 1038 1037 609 608 1117
139 21 2 1 1 368 232 456 1118 1119 1075 1074 1120 1121 1122
140 21 2 1 1 443 16 460 1033 1032 1123 1124 1125 1126 1127
141 21 2 1 1 395 162 462 959 958 1128 1129 580 579 1130
142 21 2 1 1 163 397 462 964 963 951 950 1131 1132 1133
143 21 2 1 1 396 421 461 1134 1135 1136 1137 643 642 1138
144 21 2 1 1 401 166 465 967 966 1139 1140 1141 1142 1143
145 21 2 1 1 201 202 455 213 214 1144 1145 703 702 1146
146 21 2 1 1 422 406 476 743 742 1147 1148 992 991 1149
147 21 2 1 1 422 423 461 662 661 1150 1151 1152 1153 1154
148 21 2 1 1 200 400 476 879 878 994 993 1155 1156 1157
149 21 2 1 1 417 416 454 710 709 626 625 1010 1009 1158
150 21 2 1 1 167 168 473 189 190 1159 1160 682 681 1161
151 21 2 1 1 406 199 476 982 981 1162 1163 1148 1147 1164
152 21 2 1 1 448 401 465 722 721 1142 1141 1165 1166 1167
153 21 2 1 1 164 165 453 183 184 1092 1091 1089 1088 1168
154 21 2 1 1 128 394 457 1063 1062 601 600 1169 1170 1171
155 21 2 1 1 421 422 461 745 744 1153 1152 1137 1136 1172
156 21 2 1 1 9 159 469 171 172 1173 1174 1175 1176 1177
157 21 2 1 1 14 408 468 1020 1019 830 829 1178 1179 1180
158 21 2 1 1 393 13 468 1028 1027 1181 1182 1101 1100 1183
159 21 2 1 1 376 418 420 1184 1185 1186 1187 1188 1189 1190
160 21 2 1 1 419 414 474 1191 1192 770 769 1193 1194 1195
161 21 2 1 1 130 9 469 157 158 1176 1175 1196 1197 1198
162 21 2 1 1 202 1 470 215 216 1199 1200 1201 1202 1203
163 21 2 1 1 405 443 460 715 714 1126 1125 1025 1024 1204
164 21 2 1 1 421 396 466 1135 1134 1205 1206 1207 1208 1209
165 21 2 1 1 1 11 470 25 26 1210 1211 1200 1199 1212
166 21 2 1 1 256 376 466 1213 1214 1215 1216 1217 1218 1219
167 21 2 1 1 445 424 455 532 531 788 787 1220 1221 1222
168 21 2 1 1 444 405 456 717 716 1223 1224 549 548 1225
169 21 2 1 1 197 419 474 1054 1053 1194 1193 1226 1227 1228
170 21 2 1 1 169 170 454 193 194 1012 1011 1109 1108 1229
171 21 2 1 1 384 392 402 1230 1231 1232 1233 1234 1235 1236
172 21 2 1 1 396 256 466 887 886 1218 1217 1206 1205 1237
173 21 2 1 1 170 10 467 195 196 1238 1239 1005 1004 1240
174 21 2 1 1 411 433 458 863 862 1241 1242 1243 1244 1245
175 21 2 1 1 10 197 474 203 204 1227 1226 1246 1247 1248
176 21 2 1 1 127 128 457 151 152 1170 1169 1249 1250 1251
177 21 2 1 1 408 444 464 1041 1040 541 540 972 971 1252
178 21 2 1 1 405 368 456 1083 1082 1121 1120 1224 1223 1253
179 21 2 1 1 458 433 471 1242 1241 1254 1255 1256 1257 1258
180 21 2 1 1 451 411 475 1259 1260 1261 1262 1263 1264 1265
181 21 2 1 1 420 421 466 652 651 1208 1207 1266 1267 1268
182 21 2 1 1 420 419 477 1269 1270 1058 1057 987 986 1271
183 21 2 1 1 423 426 461 999 998 645 644 1151 1150 1272
184 21 2 1 1 376 420 466 1189 1188 1267 1266 1216 1215 1273
185 21 2 1 1 384 402 403 1235 1234 1274 1275 1276 1277 1278
186 21 2 1 1 431 458 471 1279 1280 1257 1256 1281 1282 1283
187 21 2 1 1 162 163 462 179 180 1132 1131 1129 1128 1284
188 21 2 1 1 272 441 463 929 928 695 694 1098 1097 1285
189 21 2 1 1 442 448 465 1078 1077 1166 1165 687 686 1286
190 21 2 1 1 418 376 459 1185 1184 1287 1288 1289 1290 1291
191 21 2 1 1 159 411 469 848 847 1292 1293 1174 1173 1294
192 21 2 1 1 431 447 458 1072 1071 1295 1296 1280 1279 1297
193 21 2 1 1 166 167 465 187 188 689 688 1140 1139 1298
194 21 2 1 1 403 413 414 1299 1300 585 584 1301 1302 1303
195 21 2 1 1 411 458 475 1244 1243 1304 1305 1262 1261 1306
196 21 2 1 1 127 457 472 1250 1249 616 615 1307 1308 1309
197 21 2 1 1 433 395 471 856 855 1310 1311 1255 1254 1312
198 21 2 1 1 450 427 464 1036 1035 974 973 698 697 1313
199 21 2 1 1 13 14 468 31 32 1179 1178 1182 1181 1314
200 21 2 1 1 418 419 420 1315 1316 1270 1269 1187 1186 1317
201 21 2 1 1 198 406 477 984 983 989 988 1115 1114 1318
202 21 2 1 1 11 445 470 1017 1016 1319 1320 1211 1210 1321
203 21 2 1 1 449 431 471 1066 1065 1282 1281 1322 1323 1324
204 21 2 1 1 168 410 473 979 978 633 632 1160 1159 1325
205 21 2 1 1 199 200 476 209 210 1156 1155 1163 1162 1326
206 21 2 1 1 403 402 413 1275 1274 526 525 1300 1299 1327
207 21 2 1 1 403 414 418 1302 1301 1328 1329 1330 1331 1332
208 21 2 1 1 126 127 472 149 150 1308 1307 568 567 1333
209 21 2 1 1 411 451 469 1260 1259 1334 1335 1293 1292 1336
210 21 2 1 1 413 417 467 725 724 1007 1006 587 586 1337
211 21 2 1 1 447 394 475 563 562 1338 1339 1340 1341 1342
212 21 2 1 1 418 414 419 1329 1328 1192 1191 1316 1315 1343
213 21 2 1 1 384 403 459 1277 1276 1344 1345 1346 1347 1348
214 21 2 1 1 451 130 469 1104 1103 1197 1196 1335 1334 1349
215 21 2 1 1 395 449 471 558 557 1323 1322 1311 1310 1350
216 21 2 1 1 394 451 475 1112 1111 1264 1263 1339 1338 1351
217 21 2 1 1 445 455 470 1221 1220 1352 1353 1320 1319 1354
218 21 2 1 1 455 202 470 1145 1144 1202 1201 1353 1352 1355
219 21 2 1 1 402 392 412 1233 1232 493 492 522 521 1356
220 21 2 1 1 467 10 474 1239 1238 1247 1246 768 767 1357
221 21 2 1 1 458 447 475 1296 1295 1341 1340 1305 1304 1358
222 21 2 1 1 403 418 459 1331 1330 1290 1289 1345 1344 1359
223 21 2 1 1 16 360 460 481 480 795 794 1124 1123 1360
224 21 2 1 1 376 384 459 1361 1362 1347 1346 1288 1287 1363
225 36 2 1 1 6 7 385 377 78 79 1364 1365 1366 1367 1368 1369 1370 1371 1372 1373
226 36 2 1 1 377 385 386 378 1367 1366 1374 1375 1376 1377 1378 1379 1380 1381 1382 1383
227 36 2 1 1 378 386 387 379 1377 1376 1384 1385 1386 1387 1388 1389 1390 1391 1392 1393
228 36 2 1 1 379 387 388 380 1387 1386 1394 1395 1396 1397 1398 1399 1400 1401 1402 1403
229 36 2 1 1 380 388 389 381 1397 1396 1404 1405 1406 1407 1408 1409 1410 1411 1412 1413
230 36 2 1 1 381 389 390 382 1407 1406 1414 1415 1416 1417 1418 1419 1420 1421 1422 1423
231 36 2 1 1 382 390 391 383 1417 1416 1424 1425 1426 1427 1428 1429 1430 1431 1432 1433
232 36 2 1 1 383 391 392 384 1427 1426 1434 1435 1231 1230 1436 1437 1438 1439 1440 1441
233 36 2 1 1 2 3 353 24 55 56 1442 1443 1444 1445 53 54 1446 1447 1448 1449
234 36 2 1 1 24 353 354 23 1445 1444 1450 1451 1452 1453 51 52 1454 1455 1456 1457
235 36 2 1 1 23 354 355 22 1453 1452 1458 1459 1460 1461 49 50 1462 1463 1464 1465
236 36 2 1 1 22 355 356 21 1461 1460 1466 1467 1468 1469 47 48 1470 1471 1472 1473
237 36 2 1 1 21 356 357 20 1469 1468 1474 1475 1476 1477 45 46 1478 1479 1480 1481
238 36 2 1 1 20 357 358 19 1477 1476 1482 1483 1484 1485 43 44 1486 1487 1488 1489
239 36 2 1 1 19 358 359 18 1485 1484 1490 1491 1492 1493 41 42 1494 1495 1496 1497
240 36 2 1 1 18 359 360 17 1493 1492 1498 1499 479 478 39 40 1500 1501 1502 1503
241 36 2 1 1 62 63 233 225 68 69 1504 1505 1506 1507 1508 1509 1510 1511 1512 1513
242 36 2 1 1 225 233 234 226 1507 1506 1514 1515 1516 1517 1518 1519 1520 1521 1522 1523
243 36 2 1 1 226 234 235 227 1517 1516 1524 1525 1526 1527 1528 1529 1530 1531 1532 1533
244 36 2 1 1 227 235 236 228 1527 1526 1534 1535 1536 1537 1538 1539 1540 1541 1542 1543
245 36 2 1 1 228 236 237 229 1537 1536 1544 1545 1546 1547 1548 1549 1550 1551 1552 1553
246 36 2 1 1 229 237 238 230 1547 1546 1554 1555 1556 1557 1558 1559 1560 1561 1562 1563
247 36 2 1 1 230 238 239 231 1557 1556 1564 1565 1566 1567 1568 1569 1570 1571 1572 1573
248 36 2 1 1 231 239 240 232 1567 1566 1574 1575 836 835 1576 1577 1578 1579 1580 1581
249 36 2 1 1 3 57 217 353 58 59 1582 1583 1584 1585 1443 1442 1586 1587 1588 1589
250 36 2 1 1 353 217 218 354 1585 1584 1590 1591 1592 1593 1451 1450 1594 1595 1596 1597
251 36 2 1 1 354 218 219 355 1593 1592 1598 1599 1600 1601 1459 1458 1602 1603 1604 1605
252 36 2 1 1 355 219 220 356 1601 1600 1606 1607 1608 1609 1467 1466 1610 1611 1612 1613
253 36 2 1 1 356 220 221 357 1609 1608 1614 1615 1616 1617 1475 1474 1618 1619 1620 1621
254 36 2 1 1 357 221 222 358 1617 1616 1622 1623 1624 1625 1483 1482 1626 1627 1628 1629
255 36 2 1 1 358 222 223 359 1625 1624 1630 1631 1632 1633 1491 1490 1634 1635 1636 1637
256 36 2 1 1 359 223 224 360 1633 1632 1638 1639 791 790 1499 1498 1640 1641 1642 1643
257 36 2 1 1 5 6 377 369 76 77 1369 1368 1644 1645 1646 1647 1648 1649 1650 1651
258 36 2 1 1 369 377 378 370 1645 1644 1379 1378 1652 1653 1654 1655 1656 1657 1658 1659
259 36 2 1 1 370 378 379 371 1653 1652 1389 1388 1660 1661 1662 1663 1664 1665 1666 1667
260 36 2 1 1 371 379 380 372 1661 1660 1399 1398 1668 1669 1670 1671 1672 1673 1674 1675
261 36 2 1 1 372 380 381 373 1669 1668 1409 1408 1676 1677 1678 1679 1680 1681 1682 1683
262 36 2 1 1 373 381 382 374 1677 1676 1419 1418 1684 1685 1686 1687 1688 1689 1690 1691
263 36 2 1 1 374 382 383 375 1685 1684 1429 1428 1692 1693 1694 1695 1696 1697 1698 1699
264 36 2 1 1 375 383 384 376 1693 1692 1437 1436 1362 1361 1700 1701 1702 1703 1704 1705
265 36 2 1 1 63 64 241 233 70 71 1706 1707 1708 1709 1505 1504 1710 1711 1712 1713
266 36 2 1 1 233 241 242 234 1709 1708 1714 1715 1716 1717 1515 1514 1718 1719 1720 1721
267 36 2 1 1 234 242 243 235 1717 1716 1722 1723 1724 1725 1525 1524 1726 1727 1728 1729
268 36 2 1 1 235 243 244 236 1725 1724 1730 1731 1732 1733 1535 1534 1734 1735 1736 1737
269 36 2 1 1 236 244 245 237 1733 1732 1738 1739 1740 1741 1545 1544 1742 1743 1744 1745
270 36 2 1 1 237 245 246 238 1741 1740 1746 1747 1748 1749 1555 1554 1750 1751 1752 1753
271 36 2 1 1 238 246 247 239 1749 1748 1754 1755 1756 1757 1565 1564 1758 1759 1760 1761
272 36 2 1 1 239 247 248 240 1757 1756 1762 1763 1044 1043 1575 1574 1764 1765 1766 1767
273 36 2 1 1 57 4 361 217 60 61 1768 1769 1770 1771 1583 1582 1772 1773 1774 1775
274 36 2 1 1 217 361 362 218 1771 1770 1776 1777 1778 1779 1591 1590 1780 1781 1782 1783
275 36 2 1 1 218 362 363 219 1779 1778 1784 1785 1786 1787 1599 1598 1788 1789 1790 1791
276 36 2 1 1 219 363 364 220 1787 1786 1792 1793 1794 1795 1607 1606 1796 1797 1798 1799
277 36 2 1 1 220 364 365 221 1795 1794 1800 1801 1802 1803 1615 1614 1804 1805 1806 1807
278 36 2 1 1 221 365 366 222 1803 1802 1808 1809 1810 1811 1623 1622 1812 1813 1814 1815
279 36 2 1 1 222 366 367 223 1811 1810 1816 1817 1818 1819 1631 1630 1820 1821 1822 1823
280 36 2 1 1 223 367 368 224 1819 1818 1824 1825 1081 1080 1639 1638 1826 1827 1828 1829
281 36 2 1 1 65 5 369 249 74 75 1647 1646 1830 1831 1832 1833 1834 1835 1836 1837
282 36 2 1 1 249 369 370 250 1831 1830 1655 1654 1838 1839 1840 1841 1842 1843 1844 1845
283 36 2 1 1 250 370 371 251 1839 1838 1663 1662 1846 1847 1848 1849 1850 1851 1852 1853
284 36 2 1 1 251 371 372 252 1847 1846 1671 1670 1854 1855 1856 1857 1858 1859 1860 1861
285 36 2 1 1 252 372 373 253 1855 1854 1679 1678 1862 1863 1864 1865 1866 1867 1868 1869
286 36 2 1 1 253 373 374 254 1863 1862 1687 1686 1870 1871 1872 1873 1874 1875 1876 1877
287 36 2 1 1 254 374 375 255 1871 1870 1695 1694 1878 1879 1880 1881 1882 1883 1884 1885
288 36 2 1 1 255 375 376 256 1879 1878 1701 1700 1214 1213 1886 1887 1888 1889 1890 1891
289 36 2 1 1 7 80 257 385 92 93 1892 1893 1894 1895 1365 1364 1896 1897 1898 1899
290 36 2 1 1 385 257 258 386 1895 1894 1900 1901 1902 1903 1375 1374 1904 1905 1906 1907
291 36 2 1 1 386 258 259 387 1903 1902 1908 1909 1910 1911 1385 1384 1912 1913 1914 1915
292 36 2 1 1 387 259 260 388 1911 1910 1916 1917 1918 1919 1395 1394 1920 1921 1922 1923
293 36 2 1 1 388 260 261 389 1919 1918 1924 1925 1926 1927 1405 1404 1928 1929 1930 1931
294 36 2 1 1 389 261 262 390 1927 1926 1932 1933 1934 1935 1415 1414 1936 1937 1938 1939
295 36 2 1 1 390 262 263 391 1935 1934 1940 1941 1942 1943 1425 1424 1944 1945 1946 1947
296 36 2 1 1 391 263 264 392 1943 1942 1948 1949 489 488 1435 1434 1950 1951 1952 1953
297 36 2 1 1 83 84 289 281 100 101 1954 1955 1956 1957 1958 1959 1960 1961 1962 1963
298 36 2 1 1 281 289 290 282 1957 1956 1964 1965 1966 1967 1968 1969 1970 1971 1972 1973
299 36 2 1 1 282 290 291 283 1967 1966 1974 1975 1976 1977 1978 1979 1980 1981 1982 1983
300 36 2 1 1 283 291 292 284 1977 1976 1984 1985 1986 1987 1988 1989 1990 1991 1992 1993
301 36 2 1 1 284 292 293 285 1987 1986 1994 1995 1996 1997 1998 1999 2000 2001 2002 2003
302 36 2 1 1 285 293 294 286 1997 1996 2004 2005 2006 2007 2008 2009 2010 2011 2012 2013
303 36 2 1 1 286 294 295 287 2007 2006 2014 2015 2016 2017 2018 2019 2020 2021 2022 2023
304 36 2 1 1 287 295 296 288 2017 2016 2024 2025 948 947 2026 2027 2028 2029 2030 2031
305 36 2 1 1 85 86 305 297 104 105 2032 2033 2034 2035 2036 2037 2038 2039 2040 2041
306 36 2 1 1 297 305 306 298 2035 2034 2042 2043 2044 2045 2046 2047 2048 2049 2050 2051
307 36 2 1 1 298 306 307 299 2045 2044 2052 2053 2054 2055 2056 2057 2058 2059 2060 2061
308 36 2 1 1 299 307 308 300 2055 2054 2062 2063 2064 2065 2066 2067 2068 2069 2070 2071
309 36 2 1 1 300 308 309 301 2065 2064 2072 2073 2074 2075 2076 2077 2078 2079 2080 2081
310 36 2 1 1 301 309 310 302 2075 2074 2082 2083 2084 2085 2086 2087 2088 2089 2090 2091
311 36 2 1 1 302 310 311 303 2085 2084 2092 2093 2094 2095 2096 2097 2098 2099 2100 2101
312 36 2 1 1 303 311 312 304 2095 2094 2102 2103 758 757 2104 2105 2106 2107 2108 2109
313 36 2 1 1 81 82 273 265 96 97 2110 2111 2112 2113 2114 2115 2116 2117 2118 2119
314 36 2 1 1 265 273 274 266 2113 2112 2120 2121 2122 2123 2124 2125 2126 2127 2128 2129
315 36 2 1 1 266 274 275 267 2123 2122 2130 2131 2132 2133 2134 2135 2136 2137 2138 2139
316 36 2 1 1 267 275 276 268 2133 2132 2140 2141 2142 2143 2144 2145 2146 2147 2148 2149
317 36 2 1 1 268 276 277 269 2143 2142 2150 2151 2152 2153 2154 2155 2156 2157 2158 2159
318 36 2 1 1 269 277 278 270 2153 2152 2160 2161 2162 2163 2164 2165 2166 2167 2168 2169
319 36 2 1 1 270 278 279 271 2163 2162 2170 2171 2172 2173 2174 2175 2176 2177 2178 2179
320 36 2 1 1 271 279 280 272 2173 2172 2180 2181 927 926 2182 2183 2184 2185 2186 2187
321 36 2 1 1 4 62 225 361 66 67 1509 1508 2188 2189 1769 1768 2190 2191 2192 2193
322 36 2 1 1 361 225 226 362 2189 2188 1519 1518 2194 2195 1777 1776 2196 2197 2198 2199
323 36 2 1 1 362 226 227 363 2195 2194 1529 1528 2200 2201 1785 1784 2202 2203 2204 2205
324 36 2 1 1 363 227 228 364 2201 2200 1539 1538 2206 2207 1793 1792 2208 2209 2210 2211
325 36 2 1 1 364 228 229 365 2207 2206 1549 1548 2212 2213 1801 1800 2214 2215 2216 2217
326 36 2 1 1 365 229 230 366 2213 2212 1559 1558 2218 2219 1809 1808 2220 2221 2222 2223
327 36 2 1 1 366 230 231 367 2219 2218 1569 1568 2224 2225 1817 1816 2226 2227 2228 2229
328 36 2 1 1 367 231 232 368 2225 2224 1577 1576 1119 1118 1825 1824 2230 2231 2232 2233
329 36 2 1 1 84 85 297 289 102 103 2037 2036 2234 2235 1955 1954 2236 2237 2238 2239
330 36 2 1 1 289 297 298 290 2235 2234 2047 2046 2240 2241 1965 1964 2242 2243 2244 2245
331 36 2 1 1 290 298 299 291 2241 2240 2057 2056 2246 2247 1975 1974 2248 2249 2250 2251
332 36 2 1 1 291 299 300 292 2247 2246 2067 2066 2252 2253 1985 1984 2254 2255 2256 2257
333 36 2 1 1 292 300 301 293 2253 2252 2077 2076 2258 2259 1995 1994 2260 2261 2262 2263
334 36 2 1 1 293 301 302 294 2259 2258 2087 2086 2264 2265 2005 2004 2266 2267 2268 2269
335 36 2 1 1 294 302 303 295 2265 2264 2097 2096 2270 2271 2015 2014 2272 2273 2274 2275
336 36 2 1 1 295 303 304 296 2271 2270 2105 2104 936 935 2025 2024 2276 2277 2278 2279
337 36 2 1 1 64 65 249 241 72 73 1833 1832 2280 2281 1707 1706 2282 2283 2284 2285
338 36 2 1 1 241 249 250 242 2281 2280 1841 1840 2286 2287 1715 1714 2288 2289 2290 2291
339 36 2 1 1 242 250 251 243 2287 2286 1849 1848 2292 2293 1723 1722 2294 2295 2296 2297
340 36 2 1 1 243 251 252 244 2293 2292 1857 1856 2298 2299 1731 1730 2300 2301 2302 2303
341 36 2 1 1 244 252 253 245 2299 2298 1865 1864 2304 2305 1739 1738 2306 2307 2308 2309
342 36 2 1 1 245 253 254 246 2305 2304 1873 1872 2310 2311 1747 1746 2312 2313 2314 2315
343 36 2 1 1 246 254 255 247 2311 2310 1881 1880 2316 2317 1755 1754 2318 2319 2320 2321
344 36 2 1 1 247 255 256 248 2317 2316 1887 1886 885 884 1763 1762 2322 2323 2324 2325
345 36 2 1 1 80 81 265 257 94 95 2115 2114 2326 2327 1893 1892 2328 2329 2330 2331
346 36 2 1 1 257 265 266 258 2327 2326 2125 2124 2332 2333 1901 1900 2334 2335 2336 2337
347 36 2 1 1 258 266 267 259 2333 2332 2135 2134 2338 2339 1909 1908 2340 2341 2342 2343
348 36 2 1 1 259 267 268 260 2339 2338 2145 2144 2344 2345 1917 1916 2346 2347 2348 2349
349 36 2 1 1 260 268 269 261 2345 2344 2155 2154 2350 2351 1925 1924 2352 2353 2354 2355
350 36 2 1 1 261 269 270 262 2351 2350 2165 2164 2356 2357 1933 1932 2358 2359 2360 2361
351 36 2 1 1 262 270 271 263 2357 2356 2175 2174 2362 2363 1941 1940 2364 2365 2366 2367
352 36 2 1 1 263 271 272 264 2363 2362 2183 2182 1096 1095 1949 1948 2368 2369 2370 2371
353 36 2 1 1 82 83 281 273 98 99 1959 1958 2372 2373 2111 2110 2374 2375 2376 2377
354 36 2 1 1 273 281 282 274 2373 2372 1969 1968 2378 2379 2121 2120 2380 2381 2382 2383
355 36 2 1 1 274 282 283 275 2379 2378 1979 1978 2384 2385 2131 2130 2386 2387 2388 2389
356 36 2 1 1 275 283 284 276 2385 2384 1989 1988 2390 2391 2141 2140 2392 2393 2394 2395
357 36 2 1 1 276 284 285 277 2391 2390 1999 1998 2396 2397 2151 2150 2398 2399 2400 2401
358 36 2 1 1 277 285 286 278 2397 2396 2009 2008 2402 2403 2161 2160 2404 2405 2406 2407
359 36 2 1 1 278 286 287 279 2403 2402 2019 2018 2408 2409 2171 2170 2410 2411 2412 2413
360 36 2 1 1 279 287 288 280 2409 2408 2027 2026 933 932 2181 2180 2414 2415 2416 2417
361 36 2 1 1 91 8 118 345 116 117 131 132 2418 2419 2420 2421 2422 2423 2424 2425
362 36 2 1 1 345 118 119 346 2419 2418 133 134 2426 2427 2428 2429 2430 2431 2432 2433
363 36 2 1 1 346 119 120 347 2427 2426 135 136 2434 2435 2436 2437 2438 2439 2440 2441
364 36 2 1 1 347 120 121 348 2435 2434 137 138 2442 2443 2444 2445 2446 2447 2448 2449
365 36 2 1 1 348 121 122 349 2443 2442 139 140 2450 2451 2452 2453 2454 2455 2456 2457
366 36 2 1 1 349 122 123 350 2451 2450 141 142 2458 2459 2460 2461 2462 2463 2464 2465
367 36 2 1 1 350 123 124 351 2459 2458 143 144 2466 2467 2468 2469 2470 2471 2472 2473
368 36 2 1 1 351 124 125 352 2467 2466 145 146 484 483 2474 2475 2476 2477 2478 2479
369 36 2 1 1 89 90 337 329 112 113 2480 2481 2482 2483 2484 2485 2486 2487 2488 2489
370 36 2 1 1 329 337 338 330 2483 2482 2490 2491 2492 2493 2494 2495 2496 2497 2498 2499
371 36 2 1 1 330 338 339 331 2493 2492 2500 2501 2502 2503 2504 2505 2506 2507 2508 2509
372 36 2 1 1 331 339 340 332 2503 2502 2510 2511 2512 2513 2514 2515 2516 2517 2518 2519
373 36 2 1 1 332 340 341 333 2513 2512 2520 2521 2522 2523 2524 2525 2526 2527 2528 2529
374 36 2 1 1 333 341 342 334 2523 2522 2530 2531 2532 2533 2534 2535 2536 2537 2538 2539
375 36 2 1 1 334 342 343 335 2533 2532 2540 2541 2542 2543 2544 2545 2546 2547 2548 2549
376 36 2 1 1 335 343 344 336 2543 2542 2550 2551 890 889 2552 2553 2554 2555 2556 2557
377 36 2 1 1 90 91 345 337 114 115 2421 2420 2558 2559 2481 2480 2560 2561 2562 2563
378 36 2 1 1 337 345 346 338 2559 2558 2429 2428 2564 2565 2491 2490 2566 2567 2568 2569
379 36 2 1 1 338 346 347 339 2565 2564 2437 2436 2570 2571 2501 2500 2572 2573 2574 2575
380 36 2 1 1 339 347 348 340 2571 2570 2445 2444 2576 2577 2511 2510 2578 2579 2580 2581
381 36 2 1 1 340 348 349 341 2577 2576 2453 2452 2582 2583 2521 2520 2584 2585 2586 2587
382 36 2 1 1 341 349 350 342 2583 2582 2461 2460 2588 2589 2531 2530 2590 2591 2592 2593
383 36 2 1 1 342 350 351 343 2589 2588 2469 2468 2594 2595 2541 2540 2596 2597 2598 2599
384 36 2 1 1 343 351 352 344 2595 2594 2475 2474 798 797 2551 2550 2600 2601 2602 2603
385 36 2 1 1 88 89 329 321 110 111 2485 2484 2604 2605 2606 2607 2608 2609 2610 2611
386 36 2 1 1 321 329 330 322 2605 2604 2495 2494 2612 2613 2614 2615 2616 2617 2618 2619
387 36 2 1 1 322 330 331 323 2613 2612 2505 2504 2620 2621 2622 2623 2624 2625 2626 2627
388 36 2 1 1 323 331 332 324 2621 2620 2515 2514 2628 2629 2630 2631 2632 2633 2634 2635
389 36 2 1 1 324 332 333 325 2629 2628 2525 2524 2636 2637 2638 2639 2640 2641 2642 2643
390 36 2 1 1 325 333 334 326 2637 2636 2535 2534 2644 2645 2646 2647 2648 2649 2650 2651
391 36 2 1 1 326 334 335 327 2645 2644 2545 2544 2652 2653 2654 2655 2656 2657 2658 2659
392 36 2 1 1 327 335 336 328 2653 2652 2553 2552 945 944 2660 2661 2662 2663 2664 2665
393 36 2 1 1 87 88 321 313 108 109 2607 2606 2666 2667 2668 2669 2670 2671 2672 2673
394 36 2 1 1 313 321 322 314 2667 2666 2615 2614 2674 2675 2676 2677 2678 2679 2680 2681
395 36 2 1 1 314 322 323 315 2675 2674 2623 2622 2682 2683 2684 2685 2686 2687 2688 2689
396 36 2 1 1 315 323 324 316 2683 2682 2631 2630 2690 2691 2692 2693 2694 2695 2696 2697
397 36 2 1 1 316 324 325 317 2691 2690 2639 2638 2698 2699 2700 2701 2702 2703 2704 2705
398 36 2 1 1 317 325 326 318 2699 2698 2647 2646 2706 2707 2708 2709 2710 2711 2712 2713
399 36 2 1 1 318 326 327 319 2707 2706 2655 2654 2714 2715 2716 2717 2718 2719 2720 2721
400 36 2 1 1 319 327 328 320 2715 2714 2661 2660 808 807 2722 2723 2724 2725 2726 2727
401 36 2 1 1 86 87 313 305 106 107 2669 2668 2728 2729 2033 2032 2730 2731 2732 2733
402 36 2 1 1 305 313 314 306 2729 2728 2677 2676 2734 2735 2043 2042 2736 2737 2738 2739
403 36 2 1 1 306 314 315 307 2735 2734 2685 2684 2740 2741 2053 2052 2742 2743 2744 2745
404 36 2 1 1 307 315 316 308 2741 2740 2693 2692 2746 2747 2063 2062 2748 2749 2750 2751
405 36 2 1 1 308 316 317 309 2747 2746 2701 2700 2752 2753 2073 2072 2754 2755 2756 2757
406 36 2 1 1 309 317 318 310 2753 2752 2709 2708 2758 2759 2083 2082 2760 2761 2762 2763
407 36 2 1 1 310 318 319 311 2759 2758 2717 2716 2764 2765 2093 2092 2766 2767 2768 2769
408 36 2 1 1 311 319 320 312 2765 2764 2723 2722 942 941 2103 2102 2770 2771 2772 2773
$EndElements
