$MeshFormat
2.2 0 8
$EndMeshFormat
$Nodes
2775
1 0 0 0
2 0 63.5 0
3 7.874 63.5 0
4 22.25 57.57847 0
5 55.8766 24.051 0
6 64.83803 20.32 0
7 68.14964999999999 20.762 0
8 185.039 52.322 0
9 185.039 0 0
10 64.83803 0 0
11 7.874 43.18 0
12 64.83803 32.95 0
13 0 63.4 0
14 0 63.28 0
15 0 63.136 0
16 0 62.9632 0
17 0 62.75584 0
18 0 62.507008 0
19 0 62.2084096 0
20 0 61.85009152 0
21 0 8.835727359982579 0
22 0 17.67145471995559 0
23 0 26.50718207992768 0
24 0 35.34290943992265 0
25 0 44.17863679995132 0
26 0 53.01436415997359 0
27 0 2.945242453327342 0
28 0 5.89048490665534 0
29 0 11.78096981330737 0
30 0 14.72621226663185 0
31 0 20.61669717328013 0
32 0 23.56193962660345 0
33 0 29.45242453325358 0
34 0 32.39766698658236 0
35 0 38.28815189326554 0
36 0 41.23339434660843 0
37 0 47.12387925329236 0
38 0 50.0691217066334 0
39 0 55.95960661331306 0
40 0 58.9048490666513 0
41 0 61.96953087998929 0
42 0 62.08897023998996 0
43 0 62.30794239999155 0
44 0 62.40747519999225 0
45 0 62.58995199999355 0
46 0 62.67289599999413 0
47 0 62.82495999999505 0
48 0 62.89407999999553 0
49 0 63.02079999999651 0
50 0 63.07839999999695 0
51 0 63.18399999999784 0
52 0 63.23199999999802 0
53 0 63.31999999999871 0
54 0 63.35999999999901 0
55 0 63.43333333333279 0
56 0 63.46666666666639 0
57 2.624666666661136 63.5 0
58 5.249333333325263 63.5 0
59 15.64279676159128 61.95626685145609 0
60 10.52367018728196 63.32650460746551 0
61 13.12809376132331 62.80898109294579 0
62 18.02483730456299 60.78292310999205 0
63 20.2335389223949 59.30898625536662 0
64 28.97531999998818 50.87297600001179 0
65 35.70063999995609 44.16748200004378 0
66 42.4259599999583 37.46198800004157 0
67 49.15127999997777 30.75649400002217 0
68 24.49177333333005 55.34330533333661 0
69 26.73354666666204 53.10814066667128 0
70 31.21709333331225 48.63781133335436 0
71 33.4588666666391 46.40264666669416 0
72 37.9424133332839 41.93231733338262 0
73 40.1841866666155 39.69715266671768 0
74 44.66773333329721 35.22682333336935 0
75 46.90950666664043 32.99165866669283 0
76 51.39305333331869 28.52132933334794 0
77 53.63482666665985 26.28616466667346 0
78 58.4979060292554 22.02744275911132 0
79 61.55511318463805 20.75484170548354 0
80 65.95351453086128 20.36935636537585 0
81 67.06028066102719 20.51703969283404 0
82 77.14113846152546 23.1896923076888 0
83 86.13262692304427 25.6173846153758 0
84 95.12411538456459 28.04507692306321 0
85 104.1156038460798 30.47276923074925 0
86 113.1070923075879 32.90046153843334 0
87 122.0985807691026 35.32815384611924 0
88 131.0900692306341 37.75584615380967 0
89 140.0815576921829 40.18353846150477 0
90 149.0730461537527 42.61123076920555 0
91 158.0645346153117 45.0389230769034 0
92 167.0560230768712 47.46661538460137 0
93 176.0475115384408 49.89430769230209 0
94 71.14681282051144 21.5712307692304 0
95 74.14397564101752 22.38046153845935 0
96 80.13830128203574 23.99892307691889 0
97 83.13546410254118 24.80815384614766 0
98 89.12978974355065 26.42661538460483 0
99 92.12695256405821 27.23584615383418 0
100 98.12127820506674 28.8543076922911 0
101 101.1184410255729 29.66353846152008 0
102 107.1127666665854 31.28199999997805 0
103 110.1099294870884 32.09123076920618 0
104 116.1042551280967 33.70969230766303 0
105 119.1014179486007 34.51892307689143 0
106 125.0957435896018 36.13738461534635 0
107 128.0929064101118 36.94661538457633 0
108 134.08723205115 38.56507692304128 0
109 137.0843948716666 39.37430769227306 0
110 143.0787205127045 40.99276923073793 0
111 146.0758833332274 41.80199999997141 0
112 152.0702089742724 43.42046153843816 0
113 155.0673717947923 44.22969230767086 0
114 161.0616974358313 45.848153846136 0
115 164.0588602563514 46.65738461536871 0
116 170.0531858973941 48.27584615383487 0
117 173.0503487179169 49.08507692306834 0
118 179.044674358957 50.70353846153377 0
119 182.0418371794787 51.51276923076696 0
120 185.039 52.222 0
121 185.039 52.102 0
122 185.039 51.95800000000001 0
123 185.039 51.7852 0
124 185.039 51.57784 0
125 185.039 51.329008 0
126 185.039 51.03040960000001 0
127 185.039 50.67209152 0
128 185.039 42.22674293335147 0
129 185.039 33.78139434671576 0
130 185.039 25.33604576007241 0
131 185.039 16.89069717338069 0
132 185.039 8.445348586693477 0
133 185.039 52.28866666666406 0
134 185.039 52.25533333332822 0
135 185.039 52.18199999999248 0
136 185.039 52.14199999999258 0
137 185.039 52.05399999999283 0
138 185.039 52.00599999999297 0
139 185.039 51.9003999999933 0
140 185.039 51.84279999999341 0
141 185.039 51.71607999999397 0
142 185.039 51.64695999999418 0
143 185.039 51.49489599999455 0
144 185.039 51.41195199999479 0
145 185.039 51.2294751999952 0
146 185.039 51.12994239999555 0
147 185.039 50.91097023999632 0
148 185.039 50.79153087999669 0
149 185.039 47.85697532444904 0
150 185.039 45.04185912889821 0
151 185.039 39.41162673780713 0
152 185.039 36.59651054226203 0
153 185.039 30.96627815116744 0
154 185.039 28.15116195562485 0
155 185.039 22.52092956450797 0
156 185.039 19.70581336894401 0
157 185.039 14.07558097782074 0
158 185.039 11.26046478225482 0
159 185.039 5.630232391130747 0
160 185.039 2.815116195563355 0
161 175.7927715384726 0 0
162 166.5465430769602 0 0
163 157.3003146154487 0 0
164 148.0540861539461 0 0
165 138.8078576924311 0 0
166 129.5616292309247 0 0
167 120.3154007693862 0 0
168 111.06917230782 0 0
169 101.8229438462548 0 0
170 92.57671538469309 0 0
171 83.33048692312686 0 0
172 74.08425846156622 0 0
173 181.9569238461665 0 0
174 178.8748476923249 0 0
175 172.7106953846327 0 0
176 169.6286192307926 0 0
177 163.4644669231271 0 0
178 160.3823907692928 0 0
179 154.2182384616057 0 0
180 151.1361623077752 0 0
181 144.9720100001077 0 0
182 141.8899338462694 0 0
183 135.7257815385931 0 0
184 132.6437053847555 0 0
185 126.479553077088 0 0
186 123.3974769232413 0 0
187 117.2333246155308 0 0
188 114.1512484616754 0 0
189 107.9870961539635 0 0
190 104.9050200001095 0 0
191 98.74086769240137 0 0
192 95.65879153854654 0 0
193 89.49463923083589 0 0
194 86.41256307698139 0 0
195 80.24841076927331 0 0
196 77.16633461541977 0 0
197 71.00218230771081 0 0
198 67.92010615385541 0 0
199 55.57545428573235 0 0
200 46.31287857147301 0 0
201 37.05030285721504 0 0
202 27.7877271429331 0 0
203 18.52515142862241 0 0
204 9.262575714310493 0 0
205 61.75050476190864 0 0
206 58.66297952381957 0 0
207 52.48792904764798 0 0
208 49.40040380955993 0 0
209 43.22535333338467 0 0
210 40.13782809530111 0 0
211 33.96277761912743 0 0
212 30.87525238103367 0 0
213 24.70020190482916 0 0
214 21.61267666672578 0 0
215 15.4376261905164 0 0
216 12.35010095241408 0 0
217 6.175050476202514 0 0
218 3.087525238100646 0 0
219 15.60407731002945 61.86198597694727 0
220 15.55761396815526 61.7488489275367 0
221 15.50185795790623 61.613084468244 0
222 15.43495074560739 61.45016711709278 0
223 15.35466209084878 61.2546662957113 0
224 15.25831570513846 61.02006531005352 0
225 15.14270004228607 60.73854412726421 0
226 15.0039612468632 60.40071870791702 0
227 22.18649305885732 57.50058366900407 0
228 22.11028472948609 57.40712007180895 0
229 22.01883473424063 57.29496375517482 0
230 21.90909473994607 57.16037617521385 0
231 21.7774067467926 56.99887107926069 0
232 21.61938115500843 56.8050649641169 0
233 21.42975044486743 56.57249762594435 0
234 21.20219359269823 56.29341682013729 0
235 55.81987559637245 23.96631687095724 0
236 55.75180631201939 23.86469711610593 0
237 55.67012317079571 23.74275341028436 0
238 55.5721034013273 23.59642096329847 0
239 55.45447967796521 23.42082202691541 0
240 55.3133312099307 23.21010330325573 0
241 55.14395304828929 22.95724083486412 0
242 54.9406992543196 22.65380587279418 0
243 7.864209668323577 63.39999519548838 0
244 7.852461270311868 63.27998943007444 0
245 7.838363192697819 63.13598251157772 0
246 7.821445499560959 62.96317420938164 0
247 7.801144267796728 62.75580424674635 0
248 7.77678278967965 62.506960291584 0
249 7.747549015939157 62.20834754538918 0
250 7.712468487450565 61.85001224995541 0
251 64.8243710889035 20.21732682893941 0
252 64.80798039558769 20.09411902366671 0
253 64.78831156360873 19.94626965733946 0
254 64.76470896523396 19.76885041774677 0
255 64.73638584718425 19.55594733023554 0
256 64.70239810552461 19.30046362522206 0
257 64.66161281553302 18.99388317920588 0
258 64.61267046754313 18.62598664398647 0
259 68.16935055625842 20.66374049431268 0
260 68.19299122376854 20.54582908748791 0
261 68.22136002478068 20.40433539929817 0
262 68.25540258599524 20.23454297347049 0
263 68.29625365945272 20.03079206247727 0
264 68.34527494760169 19.78629096928541 0
265 68.40410049338047 19.49288965745518 0
266 68.47469114831499 19.1408080832589 0
267 28.90471377891102 50.8021610189329 0
268 28.81998631361844 50.71718304163823 0
269 28.71831335526733 50.61520946888462 0
270 28.596305805246 50.4928411815803 0
271 28.44989674522041 50.34599923681511 0
272 28.27420587318971 50.16978890309689 0
273 28.06337682675285 49.95833650263501 0
274 27.81038197102863 49.70459362208076 0
275 35.63003377887893 44.09666701896489 0
276 35.54530631358634 44.01168904167022 0
277 35.44363335523524 43.90971546891662 0
278 35.32162580521391 43.7873471816123 0
279 35.17521674518832 43.6405052368471 0
280 34.99952587315762 43.46429490312888 0
281 34.78869682672076 43.25284250266701 0
282 34.53570197099654 42.99909962211276 0
283 42.35535377888115 37.39117301896268 0
284 42.27062631358856 37.30619504166801 0
285 42.16895335523746 37.2042214689144 0
286 42.04694580521613 37.08185318161009 0
287 41.90053674519054 36.93501123684489 0
288 41.72484587315983 36.75880090312667 0
289 41.51401682672297 36.5473485026648 0
290 41.26102197099875 36.29360562211055 0
291 49.08067377890061 30.68567901894327 0
292 48.99594631360802 30.60070104164861 0
293 48.89427335525692 30.498727468895 0
294 48.77226580523559 30.37635918159068 0
295 48.62585674521 30.22951723682549 0
296 48.45016587317929 30.05330690310726 0
297 48.23933682674244 29.84185450264539 0
298 47.98634197101822 29.58811162209114 0
299 77.16720495091256 23.09314937355568 0
300 77.1984847381771 22.97729785259594 0
301 77.23602048289455 22.83827602744425 0
302 77.28106337655547 22.67144983726222 0
303 77.33511484894858 22.47125840904379 0
304 77.39997661582031 22.23102869518166 0
305 77.47781073606639 21.94275303854712 0
306 77.57121168036169 21.59682225058566 0
307 86.15869341243138 25.52084168124268 0
308 86.18997319969591 25.40499016028294 0
309 86.22750894441336 25.26596833513125 0
310 86.27255183807428 25.09914214494922 0
311 86.32660331046739 24.89895071673079 0
312 86.39146507733912 24.65872100286866 0
313 86.4692991975852 24.37044534623412 0
314 86.5627001418805 24.02451455827266 0
315 95.15018187395169 27.94853398893009 0
316 95.18146166121623 27.83268246797035 0
317 95.21899740593368 27.69366064281866 0
318 95.2640402995946 27.52683445263663 0
319 95.31809177198771 27.3266430244182 0
320 95.38295353885944 27.08641331055607 0
321 95.46078765910552 26.79813765392153 0
322 95.55418860340082 26.45220686596007 0
323 104.1416703354669 30.37622629661614 0
324 104.1729501227315 30.26037477565639 0
325 104.2104858674489 30.1213529505047 0
326 104.2555287611098 29.95452676032267 0
327 104.309580233503 29.75433533210424 0
328 104.3744420003747 29.51410561824212 0
329 104.4522761206208 29.22582996160757 0
330 104.5456770649161 28.87989917364612 0
331 113.133158796975 32.80391860430022 0
332 113.1644385842395 32.68806708334048 0
333 113.201974328957 32.54904525818879 0
334 113.2470172226179 32.38221906800676 0
335 113.301068695011 32.18202763978832 0
336 113.3659304618827 31.9417979259262 0
337 113.4437645821288 31.65352226929166 0
338 113.5371655264241 31.3075914813302 0
339 122.1246472584897 35.23161091198612 0
340 122.1559270457542 35.11575939102637 0
341 122.1934627904717 34.97673756587469 0
342 122.2385056841326 34.80991137569266 0
343 122.2925571565257 34.60971994747422 0
344 122.3574189233974 34.3694902336121 0
345 122.4352530436435 34.08121457697755 0
346 122.5286539879388 33.7352837890161 0
347 131.1161357200212 37.65930321967655 0
348 131.1474155072858 37.54345169871681 0
349 131.1849512520032 37.40442987356512 0
350 131.2299941456641 37.23760368338309 0
351 131.2840456180572 37.03741225516465 0
352 131.348907384929 36.79718254130253 0
353 131.4267415051751 36.50890688466799 0
354 131.5201424494704 36.16297609670654 0
355 140.10762418157 40.08699552737165 0
356 140.1389039688345 39.9711440064119 0
357 140.176439713552 39.83212218126022 0
358 140.2214826072129 39.66529599107819 0
359 140.275534079606 39.46510456285975 0
360 140.3403958464777 39.22487484899763 0
361 140.4182299667238 38.93659919236308 0
362 140.5116309110191 38.59066840440163 0
363 149.0991126431398 42.51468783507243 0
364 149.1303924304044 42.39883631411269 0
365 149.1679281751218 42.259814488961 0
366 149.2129710687827 42.09298829877897 0
367 149.2670225411758 41.89279687056053 0
368 149.3318843080476 41.65256715669841 0
369 149.4097184282937 41.36429150006386 0
370 149.503119372589 41.01836071210241 0
371 158.0906011046989 44.94238014277028 0
372 158.1218808919634 44.82652862181054 0
373 158.1594166366808 44.68750679665885 0
374 158.2044595303418 44.52068060647682 0
375 158.2585110027348 44.32048917825838 0
376 158.3233727696066 44.08025946439626 0
377 158.4012068898527 43.79198380776172 0
378 158.494607834148 43.44605301980027 0
379 167.0820895662583 47.37007245046825 0
380 167.1133693535228 47.25422092950851 0
381 167.1509050982402 47.11519910435682 0
382 167.1959479919012 46.94837291417479 0
383 167.2499994642943 46.74818148595635 0
384 167.314861231166 46.50795177209423 0
385 167.3926953514121 46.21967611545968 0
386 167.4860962957074 45.87374532749823 0
387 176.0735780278279 49.79776475816897 0
388 176.1048578150924 49.68191323720923 0
389 176.1423935598099 49.54289141205754 0
390 176.1874364534708 49.37606522187551 0
391 176.2414879258639 49.17587379365708 0
392 176.3063496927357 48.93564407979495 0
393 176.3841838129817 48.64736842316041 0
394 176.477584757277 48.30143763519896 0
395 8.143449147323762 22.25804800718796 0
396 177.3712043906792 21.68286490468236 0
397 152.0151380852536 8.196898219289171 0
398 38.18885767784459 26.61838445256484 0
399 134.4880500295277 8.719048684807738 0
400 156.1217788700003 34.45091035097818 0
401 23.71678687922384 41.37067177880176 0
402 23.80225256553059 7.864889437435093 0
403 114.9467577477158 7.131391866284475 0
404 66.55761815652467 15.87391918297762 0
405 62.69827537091429 14.75404406925808 0
406 138.194301848873 29.50670567660959 0
407 14.54639861557567 52.97976771881755 0
408 40.82835075684199 7.872377184999988 0
409 102.0981602535409 19.89615107804149 0
410 7.850856239177689 38.75185037689532 0
411 120.2743226833009 24.42814260249587 0
412 87.11884217814455 8.435351051119085 0
413 171.5374906948289 8.244276713876642 0
414 71.58785695518078 15.05623131733359 0
415 66.84034108436711 11.69117110731418 0
416 61.08624189229379 9.863478498642728 0
417 173.3449933633733 38.19277664729947 0
418 78.93052242090577 13.04696408399688 0
419 73.01088633402671 8.527262729064994 0
420 56.99822568486432 14.94207073166247 0
421 55.17479528246906 8.367630042512337 0
422 48.82540387552015 14.25164485973996 0
423 39.89861361582464 17.10264487424492 0
424 32.50074851246721 12.52959013147228 0
425 25.25916952158655 17.49474764119162 0
426 16.09565439971723 15.25594318917602 0
427 18.31596348461058 23.95927859932626 0
428 27.41553123192831 26.21522391804583 0
429 12.65920178955336 30.83438700210347 0
430 164.9790001555171 36.73743955886354 0
431 162.7886734861131 28.01824472341159 0
432 153.8772697571785 25.51837859528823 0
433 160.3056014861762 19.66942246157896 0
434 171.0669577594121 29.31906837079491 0
435 161.9043084838498 7.29443128124546 0
436 147.1911552976357 31.89936860493418 0
437 144.8833786160903 23.02141773960936 0
438 135.9617544874864 20.23363072360176 0
439 143.3791439397779 13.87268661882499 0
440 127.1468959398197 16.05125919943777 0
441 129.2710118994816 26.6863330146446 0
442 111.2277876433464 22.35395901446699 0
443 93.06674605752609 16.12256714547741 0
444 100.6976169672909 10.48738165840226 0
445 7.5564592819051 48.10320536801575 0
446 14.97365090553417 44.57750595159187 0
447 7.266879670906366 12.89560115898819 0
448 31.48267565852294 34.20897160162463 0
449 168.9433403108594 21.72436433711844 0
450 108.6355589684756 13.49897454506512 0
451 151.7958021271691 17.04054810471237 0
452 21.52247174530596 32.29000422003084 0
453 178.4637389846412 13.0040171466363 0
454 118.2510713175318 15.81290438499238 0
455 124.7250065242588 7.345234663351656 0
456 79.29499926355402 6.001915572836192 0
457 13.54187842195314 7.030386786680581 0
458 20.62673298932597 49.10804804673774 0
459 178.6933177082198 31.05270311159975 0
460 166.0765683303478 14.38390479774761 0
461 59.81246769441033 17.7439768294253 0
462 8.963857526358906 55.26961364093586 0
463 32.65258411193026 19.9921182035039 0
464 143.3488551801873 6.157726704584379 0
465 85.2137106345609 16.65323807840596 0
466 15.70083606870952 37.25910160541471 0
467 107.4344099675114 6.223549613950371 0
468 45.96798327890544 22.04291833628701 0
469 67.65419956673276 5.290407987136144 0
470 5.449496144613311 30.85719941199595 0
471 179.0634513297527 5.958245215408943 0
472 6.298756752631748 6.165886934484197 0
473 157.3596252748526 13.00967023276727 0
474 179.718779165774 38.71101093483308 0
475 94.57770059190764 6.493581839303017 0
476 60.67745790185148 4.474210608052859 0
477 172.6302374665299 16.07816926311064 0
478 32.40618916687178 5.203387045725465 0
479 49.34337655440731 6.098330417450457 0
480 2.570822829150188 61.850065096644 0
481 5.141645658300376 61.85003867329971 0
482 5.141645658300376 58.90479621996147 0
483 2.570822829150188 55.95958018996753 0
484 2.570822829150188 58.90482264330659 0
485 179.3313898381847 49.09165559679832 0
486 182.1851949190923 49.88187355839769 0
487 182.1851949190923 44.25164116730063 0
488 179.3313898381847 46.2765394012498 0
489 182.1851949190923 47.06675736284873 0
490 71.50686465899722 19.95947947236782 0
491 74.53903816967946 20.77815086147674 0
492 75.57676010530139 19.41662527283497 0
493 73.58230853024108 17.23642829508428 0
494 70.55013501955885 16.41775690597536 0
495 69.51241308393692 17.77928249461714 0
496 72.54458659461915 18.59795388372605 0
497 135.4705196681669 16.39543671067042 0
498 134.9792848488473 12.55724269773908 0
499 132.0409986662917 11.16311885635108 0
500 129.5939473030557 13.60718902789442 0
501 130.0851821223753 17.44538304082576 0
502 133.0234683049309 18.83950688221376 0
503 132.5322334856113 15.00131286928242 0
504 138.4342176382503 18.1133160220095 0
505 140.9066807890141 15.99300132041724 0
506 140.4154459696945 12.1548073074859 0
507 137.4517479996111 10.43692799614682 0
508 137.9429828189307 14.27512200907816 0
509 124.8560381876468 18.8435536671238 0
510 122.5651804354739 21.63584813480983 0
511 123.2732190886945 25.18087273987878 0
512 126.272115494088 25.93360287726169 0
513 128.5629732462609 23.14130840957566 0
514 127.8549345930403 19.59628380450671 0
515 125.5640768408674 22.38857827219274 0
516 13.44491931558607 17.58997812851333 0
517 10.79418423145492 19.92401306785064 0
518 11.5342872597527 22.82512487123406 0
519 14.92512537218164 23.39220173528016 0
520 17.5758604563128 21.05816679594285 0
521 16.83575742801501 18.15705499255943 0
522 14.18502234388386 20.49108993189675 0
523 68.23436442274337 15.60135656109628 0
524 69.91111068896208 15.32879393921493 0
525 70.00535166490955 13.93454458066045 0
526 68.42284637463834 12.81285784398731 0
527 66.74610010841963 13.08542046586866 0
528 66.65185913247215 14.47966982442314 0
529 68.32860539869084 14.2071072025418 0
530 131.5012594288165 24.53543225096366 0
531 133.7315069581515 22.38453148728271 0
532 130.7932207755959 20.99040764589471 0
533 13.15272949011361 14.46916251244674 0
534 10.20980458050999 13.68238183571746 0
535 7.559069496378831 16.01641677505478 0
536 7.851259321851297 19.13723239112137 0
537 10.50199440598245 16.80319745178405 0
538 17.88802956343072 43.5085612273285 0
539 20.80240822132728 42.43961650306512 0
540 21.04480327571907 40.00014838767274 0
541 18.37281967221429 38.62962499654373 0
542 15.45844101431774 39.6985697208071 0
543 15.21604595992595 42.13803783619948 0
544 18.13042461782251 41.06909311193611 0
545 9.64870002806696 25.1168276721598 0
546 11.15395090881016 27.97560733713163 0
547 14.5447890212391 28.54268420117773 0
548 16.43037625292484 26.250981400252 0
549 13.0395381404959 25.68390453620589 0
550 16.85801160013143 46.08768664997383 0
551 18.7423722947287 47.59786734835578 0
552 21.65675095262526 46.52892262409241 0
553 22.68676891592455 43.94979720144708 0
554 19.77239025802799 45.01874192571045 0
555 149.1364733700951 10.08882768580111 0
556 146.2578086549365 11.98075715231305 0
557 146.1846966689083 14.92864044745411 0
558 148.9902493980387 15.98459427608324 0
559 151.8689141131972 14.09266480957131 0
560 151.9420260992254 11.14478151443024 0
561 149.0633613840669 13.03671098094217 0
562 173.1683733031678 26.77366721542406 0
563 175.2697888469235 24.22826606005321 0
564 174.5619163640726 21.69669804882772 0
565 171.752628337466 21.71053119297308 0
566 169.6512127937103 24.25593234834393 0
567 170.3590852765612 26.78750035956942 0
568 172.4605008203168 24.24209920419857 0
569 183.265593055258 41.05483226717867 0
570 181.492186110516 39.88292160100588 0
571 178.6383810296084 41.90781983495503 0
572 177.5579828934427 45.104628735077 0
573 180.4117879743504 43.07973050112783 0
574 26.30541647232354 38.98343838640938 0
575 28.89404606542324 36.596204994017 0
576 28.16260768745061 33.56931580776003 0
577 24.84253971637828 32.92966001389544 0
578 22.25391012327858 35.31689340628781 0
579 22.98534850125121 38.34378259254478 0
580 25.57397809435091 35.95654920015239 0
581 149.1263771168982 7.51717438105424 0
582 146.2376161485427 6.83745054281931 0
583 143.3589514333842 8.729380009331248 0
584 143.3690476865811 11.30103331407812 0
585 146.2477124017396 9.409103847566175 0
586 63.00427495631823 10.47270936819988 0
587 64.92230802034267 11.08194023775703 0
588 67.11162724515566 9.557583400588165 0
589 67.38291340594421 7.423995693862155 0
590 65.46488034191977 6.814764824305005 0
591 63.27556111710678 8.339121661473866 0
592 65.19359418113122 8.948352531031013 0
593 34.59774886253916 26.48399760772517 0
594 31.00664004723374 26.3496107628855 0
595 28.77124604079318 28.87980647923876 0
596 30.12696084965806 31.5443890404317 0
597 33.71806966496349 31.67877588527136 0
598 35.95346367140404 29.14858016891811 0
599 32.36235485609861 29.01419332407844 0
600 173.609077742348 29.89694661772986 0
601 176.1511977252839 30.4748248646648 0
602 178.2526132690396 27.92942370929395 0
603 177.8119088298594 24.80614430698816 0
604 175.7104932861037 27.35154546235901 0
605 124.1816210657237 15.97180759462264 0
606 121.2163461916278 15.89235598980751 0
607 118.9254884394549 18.68465045749354 0
608 119.5999055613779 21.5563965299947 0
609 121.8907633135508 18.76410206230867 0
610 25.45117806972086 28.24015068537417 0
611 23.48682490751341 30.2650774527025 0
612 26.80689287858574 30.90473324656709 0
613 176.9105429266043 33.43272762349965 0
614 175.1277681449888 35.81275213539956 0
615 175.4695886308402 38.36552140981067 0
616 177.5941838983071 38.53826617232188 0
617 179.3769586799226 36.15824166042196 0
618 179.0351381940712 33.60547238601086 0
619 177.2523634124557 35.98549689791076 0
620 171.8263029607325 32.27697112962976 0
621 172.5856481620529 35.23487388846461 0
622 174.3684229436684 32.85484937656472 0
623 81.65996233998537 11.50975973970428 0
624 84.38940225906495 9.972555395411684 0
625 84.5108945399477 7.624205891691454 0
626 81.90294690175087 6.813060732263823 0
627 79.17350698267127 8.350265076556422 0
628 79.05201470178852 10.69861458027665 0
629 81.7814546208681 9.161410235984052 0
630 89.10147680460506 10.99775641590519 0
631 91.08411143106558 13.5601617806913 0
632 93.57039756898661 12.91290537675261 0
633 94.07404908044712 9.703243608027815 0
634 92.09141445398662 7.140838243241706 0
635 89.60512831606557 7.788094647180396 0
636 91.58776294252607 10.3505000119665 0
637 116.0481956043212 10.02522937252044 0
638 117.1496334609265 12.91906687875641 0
639 120.4090497197741 12.99034781111214 0
640 122.5670281220165 10.1677912372319 0
641 121.4655902654112 7.273953730995929 0
642 118.2061740065635 7.202672798640202 0
643 119.3076118631688 10.09651030487617 0
644 36.34343315587314 24.4096290362112 0
645 34.4980086339017 22.20087361985755 0
646 30.90689981859628 22.06648677501788 0
647 29.16121552526229 24.14085534653186 0
648 32.75232434056772 24.27524219137153 0
649 46.15971950262743 12.12522230149331 0
650 43.49403512973471 9.998799743246646 0
651 40.51843837650288 10.94913308141497 0
652 40.20852599616376 14.02588897782995 0
653 42.87421036905648 16.1523115360766 0
654 45.84980712228832 15.20197819790828 0
655 43.1841227493956 13.07555563966162 0
656 174.3891904946746 41.56233030993263 0
657 175.4333876259758 44.93188397256579 0
658 176.5137857621415 41.73507507244383 0
659 29.60124986348834 10.97468990012655 0
660 26.70175121450947 9.419789668780822 0
661 24.28789155088258 11.0748421720206 0
662 24.77353053623456 14.28479490660611 0
663 27.67302918521343 15.83969513795184 0
664 30.08688884884032 14.18464263471206 0
665 27.18739019986145 12.62974240336633 0
666 109.4996351934326 16.45063603486574 0
667 110.3637114183895 19.40229752466636 0
668 113.5688822014082 20.17360747130878 0
669 115.90997675947 17.99325592815058 0
670 115.0459005345131 15.04159443834996 0
671 111.8407297514944 14.27028449170754 0
672 112.7048059764513 17.22194598150816 0
673 126.3395994679661 13.1492510207424 0
674 125.5323029961124 10.24724284204703 0
675 123.3743245938701 13.06979941592727 0
676 81.02491849212414 14.24905541546658 0
677 83.11931456334253 15.45114674693627 0
678 85.84875448242211 13.91394240264367 0
679 86.48379833028334 11.17464672688138 0
680 83.75435841120373 12.71185107117397 0
681 101.0727259269456 6.991587772268174 0
682 101.4478348866002 3.495793886134087 0
683 99.40786276147243 2.164527279767672 0
684 96.99278167669003 4.329054559535344 0
685 96.6176727170354 7.824848445669431 0
686 98.65764484216317 9.156115052035846 0
687 99.03275380181778 5.660321165901759 0
688 102.9432146340311 9.06610431025163 0
689 105.1888123007713 7.644826962101001 0
690 105.5639212604259 4.149033075966914 0
691 103.6934325533404 2.074516537983457 0
692 103.3183235936857 5.570310424117542 0
693 95.61036969411437 14.24417198311903 0
694 98.15399333070265 12.36577682076064 0
695 96.11402120557486 11.03451021439423 0
696 87.83138910888263 16.47634776742978 0
697 90.44906758320435 16.29945745645359 0
698 88.46643295674383 13.73705209166749 0
699 19.58192651977381 33.9463700151588 0
700 17.64138129424166 35.60273581028675 0
701 20.31336489774644 36.97325920141576 0
702 22.04321885322787 5.243259624956729 0
703 20.28418514092514 2.621629812478365 0
704 16.86406042639932 2.34346226222686 0
705 15.20296942417623 4.686924524453721 0
706 16.96200313647896 7.308554336932085 0
707 20.38212785100477 7.58672188718359 0
708 18.62309413870205 4.965092074705225 0
709 74.03541211042244 14.38647557288802 0
710 76.48296726566412 13.71671982844245 0
711 76.95731039194608 11.54039696568625 0
712 74.9840983629864 10.03382984737562 0
713 72.53654320774473 10.70358559182119 0
714 72.06220008146276 12.87990845457739 0
715 74.50975523670441 12.21015271013182 0
716 9.88643905979529 49.72872615161635 0
717 12.21641883768548 51.35424693521695 0
718 14.68881604556184 50.17901379640899 0
719 14.831233475548 47.37825987400043 0
720 12.50125369765781 45.75273909039983 0
721 10.02885648978146 46.92797222920779 0
722 12.35883626767165 48.55349301280839 0
723 112.8430248213024 9.253919425878022 0
724 110.739291894889 11.37644698547157 0
725 113.9444626779078 12.14775693211399 0
726 70.95403791747351 9.581898855148054 0
727 68.89718950092031 10.63653498123112 0
728 70.47969479119152 11.75822171790425 0
729 78.02431526054305 18.7468695283894 0
730 78.47741884072441 15.89691680619314 0
731 76.02986368548274 16.56667255063871 0
732 21.23338651025947 10.32857402134873 0
733 18.66452045498835 12.79225860526238 0
734 19.15015944034033 16.00221133984789 0
735 22.20466448096344 16.74847949051975 0
736 21.71902549561145 13.53852675593424 0
737 140.4239941046121 27.34494303094285 0
738 142.6536863603512 25.18318038527611 0
739 141.9095039065557 22.09215540094016 0
740 138.9356291970211 21.16289306227096 0
741 136.7059369412819 23.3246557079377 0
742 137.4501193950775 26.41568069227365 0
743 139.6798116508166 24.2539180466069 0
744 38.0524833420504 9.42478150049075 0
745 35.2766159272588 10.97718581598151 0
746 34.96670354691969 14.05394171239649 0
747 37.43265858137217 15.57829329332071 0
748 37.74257096171128 12.50153739690573 0
749 167.7676645581358 37.22255192167552 0
750 170.5563289607546 37.70766428448749 0
751 169.0376385581137 31.79185876681779 0
752 167.0083193568154 34.26464916284066 0
753 169.7969837594341 34.74976152565264 0
754 40.23696720661403 33.06853189892865 0
755 39.21291244222931 29.84345817574675 0
756 34.74212442934821 34.90384960845326 0
757 38.00157320017348 35.59872761528191 0
758 36.97751843578876 32.3736538921 0
759 125.5258168084493 34.54451455824625 0
760 128.5229796289599 35.35374532747639 0
761 130.7704322661408 33.00409506935256 0
762 130.0207220828111 29.84521404199858 0
763 127.0235592623006 29.03598327276844 0
764 124.7761066251197 31.38563353089227 0
765 127.7732694456302 32.19486430012241 0
766 131.2337021944381 8.261110677655711 0
767 127.9793543593484 7.803172670503684 0
768 128.7866508312021 10.70518084919905 0
769 65.32861901177233 5.018342194108382 0
770 63.0030384568119 4.74627640108062 0
771 60.81371923199892 6.270633238249482 0
772 60.94998056214635 8.067055868446104 0
773 63.13929978695933 6.542699031277243 0
774 159.0741859651725 35.21308675360663 0
775 162.0265930603448 35.97526315623509 0
776 164.2488912657158 33.83104128037956 0
777 163.5187823759144 30.92464300189557 0
778 160.5663752807422 30.16246659926712 0
779 158.3440770753712 32.30668847512265 0
780 161.2964841705435 33.0688648777511 0
781 141.1932529984605 30.30425998605112 0
782 144.1922041480481 31.10181429549265 0
783 146.4218964037872 28.94005164982591 0
784 145.6526375099388 25.98073469471763 0
785 143.4229452541996 28.14249734038437 0
786 168.3075296683124 28.8854604883338 0
787 165.5481015772128 28.45185260587269 0
788 166.278210467014 31.35825088435667 0
789 14.39313708120783 9.772238920845727 0
790 15.24439574046253 12.51409105501087 0
791 17.81326179573365 10.05040647109723 0
792 10.14296607392144 61.36691440260928 0
793 12.57346366039232 60.88381655526315 0
794 12.99059334002843 58.69035035225663 0
795 10.97722543319367 56.97998199659624 0
796 8.546727846722792 57.46307984394237 0
797 8.129598167086678 59.65654604694889 0
798 10.56009575355755 59.17344819960276 0
799 170.4832591162306 46.68297609673181 0
800 173.4804219367538 47.49220686596539 0
801 171.3920276741514 40.75309954069905 0
802 169.4390619849294 43.31342243409865 0
803 172.4362248054526 44.12265320333221 0
804 156.9127218580495 37.44929124058554 0
805 157.7036648460987 40.44767213019291 0
806 160.656071941271 41.20984853282136 0
807 162.817536048394 38.97364404584245 0
808 159.8651289532218 38.21146764321399 0
809 143.5087937315424 39.39989917363523 0
810 146.5059565520657 40.20912994286882 0
811 148.7324646809379 37.97869667637967 0
812 147.9618099892868 34.93903264065693 0
813 144.9646471687635 34.12980187142333 0
814 142.7381390398913 36.36023513791248 0
815 145.7353018604146 37.16946590714608 0
816 121.0257664515136 27.53052299800261 0
817 121.7772102197262 30.63290339350936 0
818 124.0246628569071 28.28325313538552 0
819 165.8146988689138 39.7828748150751 0
820 166.6503975823106 42.82831007128667 0
821 168.6033632715326 40.26798717788708 0
822 133.7448622492713 33.94421929000755 0
823 135.9695820490721 31.72546248330858 0
824 135.2198718657425 28.56658145595459 0
825 132.245441882612 27.6264572352996 0
826 132.9951520659416 30.78533826265358 0
827 9.453638089302911 36.11269591863137 0
828 11.05641993942814 33.47354146036742 0
829 10.25596657457334 30.8419911387343 0
830 7.852731359593326 30.84959527536513 0
831 6.249949509468103 33.48874973362908 0
832 7.050402874322896 36.1203000552622 0
833 8.653184724448117 33.48114559699825 0
834 138.9667448695884 32.53469325254027 0
835 139.7391878903038 35.56268082847095 0
836 141.9656960191759 33.3322475619818 0
837 30.05215530435127 47.46942895542476 0
838 32.29392863767391 45.23426428876876 0
839 30.92939694040564 42.45629034100909 0
840 27.32309190981474 41.91348105990542 0
841 25.08131857649211 44.14864572656143 0
842 26.44585027376037 46.9266196743211 0
843 28.687623607083 44.6914550076651 0
844 20.63036549693591 21.80443494661472 0
845 22.94476750926123 19.64959129390317 0
846 19.89026246863812 18.9033231432313 0
847 168.2101922829164 2.748092237958881 0
848 169.8738414888727 5.496184475917762 0
849 172.9559176427102 5.496184475917762 0
850 174.3743445905914 2.748092237958881 0
851 171.2922684367514 2.74809223795888 0
852 144.3819670573195 19.9718406993479 0
853 143.8805554985487 16.92226365908645 0
854 141.4080923477849 19.0425783606787 0
855 155.5385891053836 2.732299406429723 0
856 153.7768635953186 5.464598812859447 0
857 155.311528218119 7.896075906607934 0
858 158.6079183509844 7.595253593926697 0
859 160.3696438610494 4.862954187496974 0
860 158.834979238249 2.431477093748487 0
861 157.073253728184 5.16377650017821 0
862 164.9991315459234 2.431477093748486 0
863 163.4517200148866 4.862954187496973 0
864 165.1153692208428 7.611046425455855 0
865 168.3264299578359 7.927661569666248 0
866 166.6627807518797 5.179569331707367 0
867 134.475689411947 25.47555647161865 0
868 151.7093392050594 38.82921059172767 0
869 153.9155590375298 36.64006047135292 0
870 153.1449043458788 33.60039643563017 0
871 150.1680298217572 32.74988252028218 0
872 150.9386845134083 35.78954655600492 0
873 156.8477376668233 26.35166730466268 0
874 159.8182055764682 27.18495601403713 0
875 161.9609828194675 25.23530396946738 0
876 161.1332921528218 22.45236321552317 0
877 158.1628242431769 21.61907450614872 0
878 156.0200470001777 23.56872655071847 0
879 158.9905149098225 24.40201526009293 0
880 25.13074409133143 5.243259624956729 0
881 26.45923561713226 2.621629812478365 0
882 23.37171037902851 2.621629812478365 0
883 166.8917847026106 23.82232446588283 0
884 164.8402290943619 25.92028459464721 0
885 167.5996571854615 26.35389247710831 0
886 43.50279530433858 34.05844095543741 0
887 45.7445686376784 31.82327628876428 0
888 44.72051387329368 28.59820256558238 0
889 41.45468577556913 27.60829350907361 0
890 42.47874053995386 30.8333672322555 0
891 161.4917706546678 44.25528378903292 0
892 164.4889334751876 45.06451455826558 0
893 163.6532347617908 42.01907930205402 0
894 96.07721745619769 17.3804284563321 0
895 99.08768885486928 18.6382897671868 0
896 101.6313124914576 16.75989460482841 0
897 101.1644647293742 13.62363813161534 0
898 98.62084109278595 15.50203329397372 0
899 115.7828845787164 29.01444185505209 0
900 118.0286036310087 26.72129222877398 0
901 117.2588110033161 23.73674807315291 0
902 114.2432993233312 23.04535354380995 0
903 111.9975802710389 25.33850317008806 0
904 112.7673728987315 28.32304732570913 0
905 115.0130919510238 26.02989769943102 0
906 5.233904159451793 40.56077918458065 0
907 2.616952079725896 42.36970799226599 0
908 2.518819760635033 45.48682632263947 0
909 5.037639521270067 46.7950158453276 0
910 7.654591600995963 44.98608703764227 0
911 7.752723920086826 41.8689687072688 0
912 5.135771840360929 43.67789751495413 0
913 97.73551248678083 24.26685493665388 0
914 99.91683637016087 22.08150300734768 0
915 93.89589357281767 19.56578038563829 0
916 94.72504108810924 23.00899362579919 0
917 96.90636497148925 20.82364169649299 0
918 147.1875197864499 21.02779452797703 0
919 149.4916609568095 19.0341713163447 0
920 146.6861082276791 17.97821748771558 0
921 102.9139991906659 22.89073377657636 0
922 103.729838127791 25.88531647511124 0
923 106.7730472577262 26.70458578725307 0
924 109.0004174505363 24.52927240086003 0
925 108.1845785134112 21.53468970232516 0
926 105.141369383476 20.71542039018332 0
927 105.9572083206011 23.7100030887182 0
928 89.55986296238727 24.8337453275018 0
929 92.55702578289404 25.64297609673094 0
930 90.8987307523109 18.75654961640916 0
931 88.73071544709569 21.39053208734091 0
932 91.72787826760248 22.19976285657005 0
933 161.9170553920899 2.431477093748487 0
934 98.5513514239059 27.26143763518875 0
935 101.548514244411 28.07066840441744 0
936 100.7326753072859 25.07608570588256 0
937 116.534328346929 32.11682225055883 0
938 119.5314911674339 32.92605301978747 0
939 118.7800473992213 29.82367262428072 0
940 154.6254394614524 28.49588918051821 0
941 155.3736091657264 31.47339976574819 0
942 157.5959073710973 29.32917788989266 0
943 134.5173052699866 36.97220686593823 0
944 137.5144680905029 37.78143763516994 0
945 136.7420250697875 34.75345005923925 0
946 152.5002821931086 41.82759148133503 0
947 155.4974450136283 42.63682225056765 0
948 154.7065020255791 39.63844136096028 0
949 107.5428398854187 29.68912994287415 0
950 110.5400027059214 30.49836071210217 0
951 109.7702100782288 27.5138165564811 0
952 140.3952534633008 7.011500697992165 0
953 137.4416517464142 7.865274691399952 0
954 140.4053497164977 9.583154002739034 0
955 149.4198601174833 29.7723719350522 0
956 151.6485649373309 27.64537526517021 0
957 150.8793060434824 24.68605831006194 0
958 147.8813423297863 23.85373802483565 0
959 148.6506012236348 26.81305497994392 0
960 149.3744367977152 2.732299406429723 0
961 150.6947874414844 5.464598812859447 0
962 152.4565129515449 2.732299406429723 0
963 131.2037694971257 2.906349561602579 0
964 132.8459097633267 5.812699123205158 0
965 135.9279859171622 5.812699123205159 0
966 137.3679218047966 2.90634956160258 0
967 134.2858456509587 2.90634956160258 0
968 112.3617007877853 2.377130622094825 0
969 113.6542292677506 4.754261244189649 0
970 116.736305421606 4.75426124418965 0
971 118.5258530954961 2.377130622094826 0
972 115.4437769416406 2.377130622094825 0
973 10.46751618235497 38.25426745306845 0
974 13.08417612553224 37.75668452924158 0
975 14.68695797565747 35.11753007097763 0
976 13.67307988260541 32.97595853654055 0
977 12.07029803248019 35.6151129948045 0
978 84.59327200813276 2.811783683706361 0
979 85.85605709313865 5.623567367412723 0
980 88.93813324699406 5.623567367412724 0
981 90.75742431584358 2.811783683706362 0
982 87.67534816198727 2.811783683706362 0
983 38.3096521570907 2.624125728333329 0
984 39.56900145696634 5.248251456666658 0
985 42.65652669505233 5.248251456666659 0
986 44.48470263326267 2.62412572833333 0
987 41.39717739517592 2.624125728333329 0
988 48.9980614351492 11.53387337897679 0
989 49.17071899477826 8.816101898213626 0
990 46.50503462188554 6.689679339966967 0
991 43.66669268936376 7.281028262483478 0
992 46.33237706225648 9.407450820730137 0
993 32.46922873060207 10.08752243622334 0
994 32.43770894873692 7.645454740974403 0
995 29.53821029975805 6.090554509628674 0
996 26.67023143264432 6.977721973531883 0
997 29.56973008162319 8.532622204877612 0
998 21.34915273371649 24.71126037223279 0
999 24.3823419828224 25.46324214513931 0
1000 26.69674399514772 23.30839849242776 0
1001 25.97795675836714 20.40157306680969 0
1002 23.66355474604181 22.55641671952124 0
1003 152.3967346416048 30.62288585040019 0
1004 73.36867704320655 5.684841819376663 0
1005 73.72646775238638 2.842420909688331 0
1006 71.94090549662174 1.763469329045381 0
1007 69.79755253167724 3.526938658090762 0
1008 69.4397618224974 6.369359567779093 0
1009 71.22532407826206 7.448311148422043 0
1010 71.58311478744189 4.605890238733712 0
1011 75.10559064386915 7.685480343655393 0
1012 77.20029495371158 6.843697958245793 0
1013 77.55808566289141 4.001277048557462 0
1014 75.82117206222883 2.000638524278731 0
1015 75.46338135304896 4.843059433967063 0
1016 2.422293223635455 16.07950353296645 0
1017 4.844586447270911 14.48755234597732 0
1018 4.844586447270911 11.54230989265298 0
1019 2.422293223635456 10.18901862631778 0
1020 2.422293223635455 13.13426107964247 0
1021 5.233904159451793 37.61553673123776 0
1022 2.616952079725896 36.47922308558021 0
1023 2.616952079725896 39.4244655389231 0
1024 14.85144036976735 57.92706837821719 0
1025 14.69891949267151 55.45341804851737 0
1026 12.68555158583675 53.74304969285699 0
1027 10.82470455609783 54.50633166689642 0
1028 12.83807246293259 56.21670002255681 0
1029 2.714483049107921 25.09080405568111 0
1030 5.428966098215842 23.67442603143453 0
1031 5.428966098215842 20.7291835781105 0
1032 2.714483049107921 19.20031914903305 0
1033 2.714483049107921 22.14556160235718 0
1034 2.518819760635033 51.37731122932097 0
1035 5.037639521270067 49.74025829866837 0
1036 2.518819760635033 48.4320687759805 0
1037 15.61362510813756 31.31959274141259 0
1038 18.56804842672176 31.80479848072171 0
1039 20.4536356584075 29.51309567979598 0
1040 19.38479957150904 26.73618713956112 0
1041 17.49921233982329 29.02788994048685 0
1042 12.59938601674867 42.63562076002635 0
1043 10.22512112796318 40.69373556846084 0
1044 10.12698880887232 43.81085389883431 0
1045 36.77747530433061 40.76393495544536 0
1046 39.01924863766468 38.52877028877795 0
1047 32.50035109601414 37.13901427512067 0
1048 33.51802653350534 40.06905694861671 0
1049 35.75979986683942 37.83389228194932 0
1050 106.4564260634974 15.63136672272391 0
1051 104.2772931585191 17.7637589003827 0
1052 107.3205022884543 18.58302821252453 0
1053 116.584393881393 20.86500200065174 0
1054 5.136776272743376 17.60836796204391 0
1055 55.30834828355682 5.578420028341558 0
1056 55.44190128464459 2.789210014170779 0
1057 53.49809504195733 2.032776805816819 0
1058 51.42073579818233 4.065553611633637 0
1059 51.28718279709457 6.854763625804417 0
1060 53.23098903978181 7.611196834158377 0
1061 53.36454204086957 4.821986819987597 0
1062 182.4830681302264 18.48808641714792 0
1063 179.9271362604528 20.08547566091514 0
1064 179.9271362604528 22.90059185647904 0
1065 182.4830681302264 24.11831880827572 0
1066 182.4830681302264 21.30320261271144 0
1067 157.4690016998404 18.7931310092901 0
1068 154.6324019135048 17.91683955700124 0
1069 152.4896246705055 19.86649160157099 0
1070 153.183447213842 22.69243509842961 0
1071 155.3262244568412 20.74278305385985 0
1072 29.91172150291444 39.52624766751304 0
1073 166.064094035965 21.03938371193862 0
1074 163.1848477610706 20.35440308675879 0
1075 164.0125384277162 23.137343840703 0
1076 23.02128264989353 49.30689657185208 0
1077 25.41583231046108 49.50574509696642 0
1078 24.05130061319281 46.72777114920675 0
1079 105.9895783014141 12.49511024951083 0
1080 103.3435976343525 11.49124595395655 0
1081 103.8104453964358 14.62750242716962 0
1082 17.07003869547487 59.0316180786571 0
1083 19.13611614408655 57.6625174493972 0
1084 18.98359526699071 55.18886711969738 0
1085 16.76499694128319 54.08431741925746 0
1086 16.91751781837903 56.55796774895727 0
1087 80.11871133176142 19.9489608598591 0
1088 82.66621098316116 18.30109946913253 0
1089 80.57181491194278 17.09900813766284 0
1090 127.949421662036 2.448411554450552 0
1091 126.3372140931474 4.896823108901104 0
1092 129.591561928237 5.354761116053131 0
1093 123.2551379393013 4.896823108901105 0
1094 121.7852693543437 2.448411554450552 0
1095 119.9957216804536 4.825542176545379 0
1096 150.1854835001459 21.86011481320332 0
1097 80.56837450086796 22.40605301981466 0
1098 83.56553732137422 23.21528378904366 0
1099 86.11303697277397 21.5674223983171 0
1100 85.66337380366743 19.11033023836153 0
1101 83.11587415226768 20.7581916290881 0
1102 7.245464813086945 25.12443180879063 0
1103 6.347480478850128 27.99081561039329 0
1104 8.750715693830143 27.98321147376246 0
1105 182.8472463282137 9.964904773341086 0
1106 180.6554926564275 11.4844609599887 0
1107 180.6554926564275 14.2995771555511 0
1108 182.8472463282137 15.5951371644659 0
1109 182.8472463282137 12.78002096890395 0
1110 81.98532436993591 2.000638524278731 0
1111 80.64016181674496 4.001277048557461 0
1112 83.24810945494178 4.812422207985092 0
1113 178.0995607866539 15.89696639931832 0
1114 177.7353825886666 18.78991565200034 0
1115 180.2913144584401 17.19252640823312 0
1116 47.32304456578444 2.032776805816819 0
1117 48.33321056009588 4.065553611633637 0
1118 50.41056980387174 2.032776805816818 0
1119 22.41798882061495 27.48816891246764 0
1120 23.4049230521417 54.09714242078511 0
1121 25.60765251158517 51.90086802143294 0
1122 20.81855319045006 51.50317097120426 0
1123 21.01037339157415 53.89829389567077 0
1124 23.21310285101761 51.70201949631859 0
1125 2.987952508786302 53.76611398696101 0
1126 5.975905017572604 54.51786381394844 0
1127 8.494724778207637 52.88081088329582 0
1128 8.025592030056369 50.49200812565579 0
1129 5.506772269421335 52.1290610563084 0
1130 146.4856758293598 2.052575568194793 0
1131 144.9172655047736 4.105151136389585 0
1132 147.806026473129 4.784874974624515 0
1133 141.8351893509352 4.105151136389586 0
1134 140.3215235216831 2.052575568194793 0
1135 138.8815876340487 4.958925129797374 0
1136 38.75877632383794 23.44647125979154 0
1137 39.32869496983129 20.27455806701823 0
1138 37.48327044785985 18.06580265066458 0
1139 35.06792727989505 19.02896042708424 0
1140 36.9133518018665 21.23771584343789 0
1141 109.8575848610505 2.074516537983457 0
1142 108.6459974142809 4.149033075966914 0
1143 109.9385258942462 6.526163698061739 0
1144 112.4426418209811 6.828777782173107 0
1145 111.1501133410157 4.451647160078282 0
1146 10.68900995019137 2.34346226222686 0
1147 12.11544418607226 4.686924524453721 0
1148 13.77653518829454 2.34346226222686 0
1149 38.02096356018525 6.982713805241814 0
1150 35.21357636352852 6.093050425483639 0
1151 35.24509614539365 8.535118120732577 0
1152 27.72364105170112 18.32720449529572 0
1153 30.18811258181569 19.15966134939981 0
1154 32.60197224544257 17.50460884616003 0
1155 32.5513603789549 15.01709948881615 0
1156 30.13750071532801 16.67215199205593 0
1157 30.86670182555888 3.46892469715031 0
1158 29.32721448424599 1.734462348575155 0
1159 27.99872295844515 4.356092161053519 0
1160 77.07880267282883 9.192047461966022 0
1161 93.24371045376461 2.164527279767672 0
1162 93.91070552283612 4.329054559535344 0
1163 96.32578660761851 2.164527279767672 0
1164 35.50226496043395 1.734462348575155 0
1165 33.95422706365287 3.46892469715031 0
1166 36.76161426030961 4.358588076908483 0
1167 107.8347929678328 8.648691257655287 0
1168 108.2351759681543 11.0738329013602 0
1169 110.3389088945677 8.951305341766654 0
1170 124.867345508196 2.448411554450552 0
1171 180.8085451388132 29.14715066109063 0
1172 182.9237725694066 27.24159821058152 0
1173 180.367840699633 26.02387125878483 0
1174 35.01731541340737 16.54145106974036 0
1175 176.882998135566 1.986081738469648 0
1176 177.9732247326594 3.972163476939295 0
1177 181.0553008865018 3.972163476939295 0
1178 183.0471504432509 1.986081738469648 0
1179 179.9650742894147 1.986081738469647 0
1180 3.632997429742207 32.35243608797152 0
1181 1.816498714871104 33.84767276394709 0
1182 4.433450794597 34.98398640960464 0
1183 1.816498714871103 27.95718785728377 0
1184 3.632997429742207 29.40719363463986 0
1185 4.530981763979024 26.5408098330372 0
1186 55.62654139783451 20.08322749241695 0
1187 56.31238354134941 17.5126491120397 0
1188 54.27395174841627 14.71192877435496 0
1189 51.54967781196821 14.48178681704746 0
1190 50.8638356684533 17.0523651974247 0
1191 52.90226746138645 19.85308553510944 0
1192 53.58810960490136 17.2825071547322 0
1193 57.14527748574397 8.866246194555801 0
1194 59.11575968901888 9.364862346599264 0
1195 58.843237028724 5.772017086206018 0
1196 57.00901615559653 7.069823564359178 0
1197 58.97949835887144 7.568439716402641 0
1198 181.0553008865018 6.787279672503788 0
1199 183.0471504432509 7.616314129598632 0
1200 183.0471504432509 4.801197934034348 0
1201 2.099585584210582 2.055295644828066 0
1202 4.199171168421165 4.110591289656131 0
1203 7.286696406524663 4.110591289656131 0
1204 8.274636060417578 2.055295644828066 0
1205 5.187110822311635 2.055295644828066 0
1206 10.35557180794656 52.11752890925638 0
1207 40.78189954486487 25.09322908047223 0
1208 43.37494141188516 23.56807370837962 0
1209 43.94486005787851 20.39616051560632 0
1210 41.92173683685158 18.74940269492562 0
1211 41.35181819085822 21.92131588769892 0
1212 2.099585584210582 7.945780551483119 0
1213 4.199171168421165 7.055833742983658 0
1214 2.099585584210582 5.000538098155626 0
1215 50.30446106545201 27.27667637232549 0
1216 52.62258015988581 24.96524112255984 0
1217 51.94979392918155 22.45017669395846 0
1218 48.95888860404349 22.24654751512274 0
1219 46.6407695096097 24.55798276488839 0
1220 47.31355574031396 27.07304719348976 0
1221 49.63167483474775 24.76161194372411 0
1222 11.45021217160421 8.985458244116449 0
1223 9.35854592125529 10.94052970155232 0
1224 12.30147083085891 11.72731037828159 0
1225 16.57317674015911 51.68919449479095 0
1226 18.59995486474254 50.39862127076434 0
1227 16.71559417014527 48.88844057238239 0
1228 58.97679002981177 2.982807072035239 0
1229 57.27612215777206 1.49140353601762 0
1230 57.14256915668429 4.280613550188398 0
1231 78.90324821608235 2.000638524278731 0
1232 65.90001069446708 18.79759379041062 0
1233 67.18735092139103 18.96920093683476 0
1234 67.83566681771822 18.05184511649848 0
1235 67.19664248712144 16.96288214973805 0
1236 65.90930226019749 16.7912750033139 0
1237 65.2609863638703 17.70863082365019 0
1238 66.54832659079426 17.88023797007433 0
1239 44.04772764258941 26.08313813698099 0
1240 65.77675318891092 1.763469329045381 0
1241 66.71547637782184 3.526938658090762 0
1242 68.85882934276633 1.763469329045381 0
1243 163.2950617660158 9.657589120079511 0
1244 164.6858150481818 12.02074695891356 0
1245 167.8968757851748 12.33736210312395 0
1246 169.7171832400019 10.2908194085003 0
1247 166.5061225030088 9.974204264289906 0
1248 62.06431526790099 2.982807072035239 0
1249 63.45117263395049 1.49140353601762 0
1250 60.36364739585989 1.49140353601762 0
1251 180.8085451388132 31.96226685663842 0
1252 182.9237725694066 32.87183060167709 0
1253 182.9237725694066 30.05671440613067 0
1254 12.84178107114046 40.19615264463395 0
1255 18.79177506586662 52.79374419523084 0
1256 160.3894140808507 9.199510931752728 0
1257 158.8745196778516 11.10459058226 0
1258 160.2652729600177 13.46774842109405 0
1259 163.1709206451827 13.92582660942083 0
1260 161.7801673630167 11.56266877058678 0
1261 176.1549895547038 11.41743700238308 0
1262 173.8462401247664 9.830856858129863 0
1263 171.9017396187292 10.85557423028797 0
1264 172.2659885426296 13.46687174669931 0
1265 174.574737972567 15.05345189095253 0
1266 176.5192384786041 14.02873451879442 0
1267 174.2104890486667 12.44215437454119 0
1268 46.92045681111035 19.44582717743799 0
1269 47.87293034331525 16.84873601858898 0
1270 44.89733359008341 17.7990693567573 0
1271 50.94186767783646 12.29030658733075 0
1272 53.05833148015276 10.32896831492155 0
1273 51.1145252374655 9.572535106567585 0
1274 28.4424282884817 21.23402992091378 0
1275 49.9113621362484 19.64945635627372 0
1276 65.27117056132121 15.50062747840444 0
1277 63.98472296611775 15.12733577383126 0
1278 63.33640706979057 16.04469159416754 0
1279 63.97453876866685 17.33533911907701 0
1280 64.62285466499402 16.41798329874072 0
1281 162.2292571009 17.90758324030185 0
1282 164.1529127156239 16.14574401902473 0
1283 158.3416173452938 15.22958764237116 0
1284 159.3236094157349 17.44950505197507 0
1285 161.2472650304588 15.68766583069795 0
1286 143.4035996755215 2.052575568194793 0
1287 88.28105227798915 18.93343992738534 0
1288 105.5891953010927 10.06996860580592 0
1289 56.56462206768317 21.01719619167122 0
1290 58.18854488104675 19.38058651054826 0
1291 58.87438702456166 16.81000813017102 0
1292 57.93630635471299 15.87603943091674 0
1293 57.25046421119808 18.44661781129398 0
1294 174.0461442398035 7.482266214387409 0
1295 176.5547977847781 6.720255714898176 0
1296 175.4645711876848 4.734173976428528 0
1297 167.9877496506888 19.2775444906615 0
1298 167.0321589905183 16.83072464420456 0
1299 165.1085033757944 18.59256386548167 0
1300 106.7755087071948 2.074516537983456 0
1301 64.07896394206523 13.73308641527677 0
1302 65.45965251321617 12.71212876129548 0
1303 61.62358638516729 11.49366702218118 0
1304 62.16093087804079 13.12385554571962 0
1305 63.54161944919172 12.10289789173832 0
1306 168.2611247090752 14.94865961953529 0
1307 170.4456810878025 15.51341444132296 0
1308 170.0814321639022 12.90211692491163 0
1309 181.492186110516 37.06780540546064 0
1310 183.265593055258 35.42459987608819 0
1311 181.1503656246646 34.51503613104953 0
1312 153.7966338151199 9.801155557115203 0
1313 155.5781295449862 11.40541289494123 0
1314 157.0930239479853 9.500333244433966 0
1315 16.62750320118961 33.46116427584967 0
1316 1.816498714871103 30.90243031061063 0
1317 56.39041555073257 12.75059050194576 0
1318 55.78260541660082 10.55911027222905 0
1319 53.6661416142845 12.52044854463825 0
1320 45.49486862757409 4.656902534150149 0
1321 6.944172031481494 10.65236308415352 0
1322 6.621464392056621 8.40912500931886 0
1323 4.521878807846037 9.299071817818323 0
1324 155.5050175589581 14.3532961900823 0
1325 153.6504098430636 15.69692214739734 0
1326 156.4870096293993 16.5732135996862 0
1327 91.42441938491508 4.976310963474035 0
1328 32.41473972234429 1.734462348575155 0
1329 65.36541153726868 14.10637811984996 0
1330 59.72356982315063 11.55634257631597 0
1331 58.36089775400748 13.24920665398922 0
1332 58.89824224688098 14.87939517752767 0
1333 60.79825880889764 14.81671962339287 0
1334 60.26091431602413 13.18653109985442 0
1335 183.265593055258 38.23971607163408 0
1336 178.6636430996784 10.65542650289385 0
1337 178.8635472147156 8.306835859151397 0
1338 176.3548936697409 9.068846358640627 0
1339 69.16847566170885 8.502947274505104 0
1340 175.7908820826295 19.81463302415845 0
1341 174.2105597745797 17.94640114363455 0
1342 171.401271747973 17.96023428777991 0
1343 170.1723060294162 19.84229931244918 0
1344 172.9815940560228 19.82846616830381 0
1345 57.75308761987573 11.05772642427251 0
1346 61.7363394787463 15.75068832264715 0
1347 60.77440358657832 16.74733257603622 0
1348 61.4125352854546 18.03798010094569 0
1349 63.01260287649886 18.33198337246608 0
1350 62.37447117762257 17.04133584755661 0
1351 180.8553967714646 9.135870316246242 0
1352 153.7235218290917 12.74903885225627 0
1353 176.1550602806168 16.92168377147643 0
1354 11.12750453217934 6.742220169281786 0
1355 8.713130642405545 6.454053551882992 0
1356 9.035838281830419 8.697291626717654 0
1357 9.701070296298461 4.398757907054925 0
1358 68.87338875334014 16.6903195278567 0
1359 64.3898958228614 3.254872865063001 0
1360 169.2167153692457 17.39547946599223 0
1361 59.83632291672964 15.81336387678195 0
1362 5.558775337936489 56.71133001695495 0
1363 58.16468965872744 21.31119946319161 0
1364 61.38868006313528 19.96859305358904 0
1365 59.78861247209101 19.67458978206865 0
1366 7.870736556107858 63.46666506516279 0
1367 7.867473112215718 63.43333013032559 0
1368 5.242806445549052 63.39999679699202 0
1369 2.621403222774526 63.39999839849565 0
1370 2.623578852032265 63.46666613283185 0
1371 5.247157704066526 63.46666559899731 0
1372 5.244982074807789 63.43333119799465 0
1373 2.622491037403396 63.43333226566372 0
1374 7.860293535653007 63.35999327368373 0
1375 7.856377402982438 63.31999135187909 0
1376 5.234974180207912 63.27999295338244 0
1377 2.617487090103956 63.27999647669044 0
1378 2.620097845217669 63.35999775789392 0
1379 5.240195690435338 63.35999551578882 0
1380 5.237584935321626 63.31999423458564 0
1381 2.618792467660813 63.31999711729217 0
1382 7.847761911107185 63.23198712390887 0
1383 7.843062551902502 63.18398481774329 0
1384 5.225575461798546 63.13598834105095 0
1385 2.612787730899274 63.13599417052419 0
1386 2.615920637035729 63.2319957079683 0
1387 5.231841274071457 63.23199141593858 0
1388 5.228708367935001 63.18398987849481 0
1389 2.614354183967501 63.18399493924632 0
1390 7.832723961652199 63.07837974417902 0
1391 7.827084730606579 63.02077697678033 0
1392 5.214296999707306 62.96318280625316 0
1393 2.607148499853653 62.96319140312468 0
1394 2.6109079872174 63.07839324805766 0
1395 5.2218159744348 63.07838649611834 0
1396 5.218056487071053 63.02078465118572 0
1397 2.609028243535527 63.02079232559112 0
1398 7.814678422306216 62.89405088850321 0
1399 7.807911345051472 62.82492756762478 0
1400 5.200762845197819 62.75581616449581 0
1401 2.600381422598909 62.75582808224527 0
1402 2.604892807435405 62.89407029616476 0
1403 5.20978561487081 62.89406059233397 0
1404 5.205274230034314 62.82493837841487 0
1405 2.602637115017157 62.82494918920496 0
1406 7.793023775091036 62.67285626169223 0
1407 7.784903282385343 62.58990827663812 0
1408 5.184521859786434 62.50697619438699 0
1409 2.592260929893217 62.50699209718998 0
1410 2.597674591697012 62.6728827538935 0
1411 5.195349183394024 62.67286950779287 0
1412 5.189935521590228 62.58992285108992 0
1413 2.594967760795114 62.58993742554173 0
1414 7.767038198432819 62.40742270951906 0
1415 7.757293607185988 62.30788512745412 0
1416 5.165032677292771 62.2083682302564 0
1417 2.582516338646386 62.20838891512363 0
1418 2.58901273281094 62.40745770316785 0
1419 5.17802546562188 62.40744020634345 0
1420 5.171529071457325 62.30790421829994 0
1421 2.585764535728662 62.30792330914575 0
1422 7.735855506442959 62.08890244691126 0
1423 7.724161996946762 61.96945734843333 0
1424 2.578618502147653 62.08894764229706 0
1425 5.157237004295306 62.08892504460415 0
1426 5.14944133129784 61.96948185895199 0
1427 2.57472066564892 61.96950636947064 0
1428 15.62989027773733 61.92483989328648 0
1429 15.61698379388339 61.89341293511688 0
1430 13.02412142946083 62.37465571646098 0
1431 10.4441655488922 62.88732545597468 0
1432 10.49716864115204 63.18011155696856 0
1433 13.09343631736915 62.66420596745085 0
1434 13.05877887341499 62.51943084195591 0
1435 10.47066709502212 63.03371850647163 0
1436 15.58858952940472 61.82427362714375 0
1437 15.57310174877999 61.78656127734023 0
1438 12.98922973554079 62.25922909504928 0
1439 10.42084550292633 62.76960926256186 0
1440 10.43639220023691 62.84808672483707 0
1441 13.01249086482082 62.33618017599041 0
1442 13.0008603001808 62.29770463551985 0
1443 10.42861885158162 62.80884799369947 0
1444 15.53902863140558 61.70359410777247 0
1445 15.5204432946559 61.65833928800824 0
1446 12.94735970283676 62.12071714935524 0
1447 10.39286144776729 62.62834983046648 0
1448 10.41151748453998 62.72252278519673 0
1449 12.97527305797278 62.21305844648461 0
1450 12.96131638040477 62.16688779791991 0
1451 10.40218946615363 62.67543630783161 0
1452 15.47955555380661 61.55877868452693 0
1453 15.457253149707 61.50447290080985 0
1454 12.89711566359191 61.9545028145224 0
1455 10.35928058157644 62.45883851195202 0
1456 10.38166782570367 62.57184605762833 0
1457 12.93061168975514 62.06531237107762 0
1458 12.91386367667352 62.0099075928 0
1459 10.37047420364005 62.51534228479016 0
1460 15.40818786068785 61.38500017663228 0
1461 15.38142497576832 61.31983323617179 0
1462 12.8368228164981 61.75504561272298 0
1463 10.31898354214741 62.25542492973467 0
1464 10.3458482351001 62.39103398454622 0
1465 12.87701804789397 61.88801708058925 0
1466 12.85692043219604 61.82153134665612 0
1467 10.33241588862375 62.32322945714044 0
1468 15.32254662894534 61.17646596715871 0
1469 15.2904311670419 61.09826563860612 0
1470 12.76447139998552 61.51569697056368 0
1471 10.27062709483259 62.01132863107384 0
1472 10.30286472637581 62.17405949684772 0
1473 12.81270567766057 61.67526273200322 0
1474 12.78858853882305 61.59547985128344 0
1475 10.2867459106042 62.09269406396077 0
1476 15.21977715085433 60.92622491579042 0
1477 15.1812385965702 60.83238452152731 0
1478 12.67764970017043 61.22847859997253 0
1479 10.21259935805479 61.71841307268085 0
1480 10.25128451590665 61.91369011160951 0
1481 12.73553083338049 61.41995751369997 0
1482 12.70659026677546 61.32421805683624 0
1483 10.23194193698072 61.81605159214519 0
1484 15.09645377714511 60.62593565414848 0
1485 15.05020751200415 60.51332718103274 0
1486 10.18938826334368 61.60124684932367 0
1487 12.64292102024439 61.11359125173607 0
1488 12.60819234031836 60.99870390349962 0
1489 10.16617716863256 61.48408062596647 0
1490 140.0902465219786 40.15135748346039 0
1491 140.0989353517743 40.11917650541602 0
1492 137.1104613610538 39.27776475813995 0
1493 134.1132985405375 38.46853398890825 0
1494 131.1074468902255 37.69148419772092 0
1495 131.0987580604298 37.7236651757653 0
1496 134.0959208809459 38.53289594499694 0
1497 137.0930837014623 39.34212671422868 0
1498 137.101772531258 39.30994573618432 0
1499 134.1046097107417 38.50071496695259 0
1500 140.1180507773248 40.0483783537184 0
1501 140.1284773730797 40.00976118006515 0
1502 137.1417411483183 39.16191323718021 0
1503 134.144578327802 38.3526824679485 0
1504 131.1369889115309 37.58206887237006 0
1505 131.1265623157761 37.6206860460233 0
1506 134.1237251362923 38.429916815255 0
1507 137.1208879568086 39.23914758448671 0
1508 137.1313145525634 39.20053041083347 0
1509 134.1341517320472 38.39129964160175 0
1510 140.1514158837403 39.92480339802801 0
1511 140.1639277986461 39.87846278964411 0
1512 137.1792768930357 39.02289141202852 0
1513 134.1821140725195 38.21366064279682 0
1514 131.1724393370974 37.45077048194901 0
1515 131.1599274221916 37.49711109033291 0
1516 134.1570902427078 38.30634185956461 0
1517 137.154253063224 39.11557262879631 0
1518 137.1667649781299 39.06923202041241 0
1519 134.1696021576136 38.2600012511807 0
1520 140.1914540114389 39.77651345119954 0
1521 140.2064683093259 39.72090472113887 0
1522 137.2243197866966 38.85606522184649 0
1523 134.2271569661804 38.04683445261479 0
1524 131.2149798477772 37.29321241344377 0
1525 131.1999655498902 37.34882114350444 0
1526 134.1971283704064 38.15805191273614 0
1527 137.1942911909227 38.96728268196784 0
1528 137.2093054888097 38.91167395190717 0
1529 134.2121426682934 38.10244318267546 0
1530 140.2394997646773 39.59856551500538 0
1531 140.2575169221416 39.53183503893256 0
1532 137.2783712590898 38.65587379362805 0
1533 134.2812084385735 37.84664302439635 0
1534 131.2660284605929 37.10414273123747 0
1535 131.2480113031285 37.17087320731028 0
1536 134.2451741236447 37.98010397654198 0
1537 137.242336944161 38.78933474577368 0
1538 137.2603541016254 38.72260426970087 0
1539 134.2631912811091 37.91337350046916 0
1540 140.2971546685633 39.38502799157238 0
1541 140.3187752575205 39.304951420285 0
1542 137.3432330259615 38.41564407976593 0
1543 134.3460702054452 37.60641331053423 0
1544 131.3272867959717 36.8772591125899 0
1545 131.3056662070145 36.95733568387728 0
1546 134.3028290275308 37.76656645310898 0
1547 137.299991848047 38.57579722234068 0
1548 137.3216124370042 38.4957206510533 0
1549 134.324449616488 37.68648988182159 0
1550 140.3663405532265 39.12878296345278 0
1551 140.3922852599751 39.03269107790793 0
1552 137.4210671462076 38.12736842313139 0
1553 134.4239043256913 37.31813765389968 0
1554 131.4007967984264 36.60499877021284 0
1555 131.3748520916777 36.70109065575768 0
1556 134.3720149121939 37.51032142498938 0
1557 137.3691777327102 38.31955219422108 0
1558 137.3951224394589 38.22346030867623 0
1559 134.3979596189426 37.41422953944453 0
1560 140.4493636148223 38.82128892970927 0
1561 140.4804972629207 38.70597866705545 0
1562 131.4890088013719 36.27828635936035 0
1563 131.4578751532735 36.39359662201417 0
1564 134.4550379737897 37.20282739124587 0
1565 137.452200794306 38.01205816047756 0
1566 137.4833344424044 37.89674789782374 0
1567 134.4861716218882 37.08751712859205 0
1568 22.2288310196191 57.55250788966803 0
1569 22.20766203923821 57.52654577933605 0
1570 19.99235447591469 58.95438443831847 0
1571 17.79821589297207 60.40818520763288 0
1572 17.94929683403268 60.65801047587233 0
1573 20.1531441069015 59.1907856496839 0
1574 20.0727492914081 59.07258504400118 0
1575 17.87375636350238 60.53309784175259 0
1576 22.16109028240024 57.4694291366057 0
1577 22.13568750594317 57.43827460420733 0
1578 19.92606114237581 58.8543630237182 0
1579 17.74183755526554 60.30160597562745 0
1580 17.77942311373656 60.3726587969644 0
1581 19.9702566980684 58.92104396678504 0
1582 19.94815892022211 58.88770349525161 0
1583 17.76063033450105 60.33713238629593 0
1584 22.0798013977376 57.36973463293091 0
1585 22.04931806598912 57.33234919405287 0
1586 19.84650914212916 58.73433732619788 0
1587 17.67418355001769 60.17371089722094 0
1588 17.71928622018292 60.25897428282528 0
1589 19.89954380896026 58.8143544578781 0
1590 19.87302647554472 58.77434589203799 0
1591 17.69673488510031 60.2163425900231 0
1592 21.98225473614244 57.25010122852116 0
1593 21.94567473804425 57.20523870186751 0
1594 19.75104674183317 58.59030648917349 0
1595 17.59299874372028 60.02023680313313 0
1596 17.64712194791856 60.12255286585834 0
1597 19.8146883420305 58.68632704718976 0
1598 19.78286754193184 58.63831676818162 0
1599 17.62006034581942 60.07139483449573 0
1600 21.86519874222824 57.10654114322946 0
1601 21.82130274451042 57.05270611124507 0
1602 19.63649186147799 58.41746948474422 0
1603 17.49557697616339 59.83606789022776 0
1604 17.56052482120131 59.95884716549801 0
1605 19.71286178171478 58.53269415436374 0
1606 19.67467682159639 58.47508181955398 0
1607 17.52805089868235 59.89745752786288 0
1608 21.72473154953121 56.93426904087943 0
1609 21.67205635226982 56.86966700249816 0
1610 19.49902600505177 58.21006507942911 0
1611 17.37867085509512 59.61506519474132 0
1612 17.45660826914063 59.76240032506561 0
1613 19.59066990933592 58.34833468297252 0
1614 19.54484795719384 58.27919988120081 0
1615 17.41763956211787 59.68873275990346 0
1616 21.55617091829476 56.72754251805939 0
1617 21.4929606815811 56.65002007200187 0
1618 19.33406697734031 57.96117979305097 0
1619 17.23838350981319 59.34986196015759 0
1620 17.33190840666781 59.52666411654675 0
1621 19.44403966248128 58.12710331730307 0
1622 19.38905331991079 58.04414155517701 0
1623 17.2851459582405 59.43826303835216 0
1624 21.35389816081103 56.47947069067533 0
1625 21.27804587675463 56.38644375540631 0
1626 17.18226857170042 59.2437806663241 0
1627 19.26808336625572 57.86162567849971 0
1628 19.20209975517114 57.76207156394845 0
1629 17.12615363358765 59.1376993724906 0
1630 28.95178459296246 50.84937100631883 0
1631 28.92824918593674 50.82576601262586 0
1632 26.66530687222646 53.03496856895662 0
1633 24.42589996554189 55.26777611898035 0
1634 24.46981554406733 55.3181289285512 0
1635 26.71080006851685 53.08374996743306 0
1636 26.68805347037165 53.05935926819484 0
1637 24.44785775480461 55.29295252376578 0
1638 28.87647129048016 50.77383502650135 0
1639 28.8482288020493 50.74550903406978 0
1640 26.58341911890766 52.94716205169514 0
1641 24.34685192419688 55.17714106175205 0
1642 24.39955061842688 55.23756443323759 0
1643 26.63801095445352 53.00569972986946 0
1644 26.61071503668059 52.9764308907823 0
1645 24.37320127131188 55.20735274749482 0
1646 28.7860953275014 50.68319185072036 0
1647 28.75220434138437 50.64920065980249 0
1648 26.48515381492509 52.84179423098136 0
1649 24.25199427458286 55.06837899307808 0
1650 24.31523270765887 55.14088703886072 0
1651 26.55066401758014 52.91203944479055 0
1652 26.51790891625262 52.87691683788595 0
1653 24.28361349112087 55.1046330159694 0
1654 28.67764417192689 50.57442003978318 0
1655 28.63697498858645 50.53363061068174 0
1656 26.36723545014603 52.71535284612482 0
1657 24.13816509504605 54.93786451066934 0
1658 24.21405121473726 55.02487416560849 0
1659 26.44584769333207 52.79964710269585 0
1660 26.40654157173905 52.75749997441033 0
1661 24.17610815489165 54.98136933813892 0
1662 28.54750278523747 50.44389386665857 0
1663 28.49869976522895 50.39494655173684 0
1664 26.22573341241114 52.56362318429697 0
1665 24.00157007960187 54.78124713177883 0
1666 24.09263342323132 54.88565871770584 0
1667 26.32006810423439 52.66477629218222 0
1668 26.27290075832277 52.61419973823959 0
1669 24.04710175141659 54.83345292474232 0
1670 28.39133312121018 50.28726245890903 0
1671 28.33276949719994 50.22852568100296 0
1672 26.05593096712928 52.38154759010356 0
1673 23.83765606106886 54.59330627711023 0
1674 23.9469320734242 54.71860018022262 0
1675 26.16913259731719 52.50293131956583 0
1676 26.11253178222324 52.44223945483469 0
1677 23.89229406724653 54.65595322866643 0
1678 28.20392952437742 50.0993047696096 0
1679 28.13365317556514 50.0288206361223 0
1680 25.85216803279105 52.16305687707146 0
1681 23.64095923882924 54.3677772515079 0
1682 23.77209045365565 54.51812993524279 0
1683 25.98800998901654 52.3087173524262 0
1684 25.92008901090379 52.23588711474883 0
1685 23.70652484624244 54.44295359337535 0
1686 27.97904520817811 49.87375554245026 0
1687 27.89471358960337 49.78917458226552 0
1688 23.56228050993339 54.27756564126697 0
1689 25.77066285905575 52.07566059185862 0
1690 25.68915768532046 51.98826430664577 0
1691 23.48360178103754 54.18735403102604 0
1692 35.67710459293037 44.14387700635082 0
1693 35.65356918590465 44.12027201265786 0
1694 33.3882604455563 46.3318316856209 0
1695 31.14648711223366 48.5669963522769 0
1696 31.19355792628605 48.61420633966188 0
1697 33.43533125961149 46.37904167300307 0
1698 33.41179585258389 46.35543667931199 0
1699 31.17002251925986 48.59060134596938 0
1700 35.60179129044807 44.06834102653334 0
1701 35.57354880201721 44.04001503410178 0
1702 33.30353298026371 46.24685370832623 0
1703 31.06175964694107 48.48201837498222 0
1704 31.1182446238028 48.53867035984534 0
1705 33.36001795712544 46.30350569318934 0
1706 33.33177546869457 46.27517970075779 0
1707 31.09000213537194 48.51034436741378 0
1708 35.51141532746931 43.97769785075236 0
1709 35.47752434135228 43.94370665983448 0
1710 33.20186002191261 46.14488013557262 0
1711 30.96008668858997 48.38004480222862 0
1712 31.02786866082404 48.44802718406436 0
1713 33.26964199414667 46.21286251740836 0
1714 33.23575100802965 46.17887132649048 0
1715 30.993977674707 48.41403599314648 0
1716 35.4029641718948 43.86892603981518 0
1717 35.36229498855435 43.82813661071373 0
1718 33.07985247189128 46.0225118482683 0
1719 30.83807913856864 48.2576765149243 0
1720 30.91941750524953 48.33925537312719 0
1721 33.16119083857217 46.10409070647119 0
1722 33.12052165523171 46.06330127736975 0
1723 30.87874832190908 48.29846594402574 0
1724 35.27282278520538 43.73839986669056 0
1725 35.22401976519685 43.68945255176884 0
1726 32.93344341186569 45.87566990350311 0
1727 30.69167007854305 48.11083457015911 0
1728 30.78927611856011 48.20872920000257 0
1729 33.03104945188274 45.97356453334658 0
1730 32.98224643187422 45.92461721842484 0
1731 30.74047309855158 48.15978188508083 0
1732 35.11665312117809 43.58176845894103 0
1733 35.05808949716785 43.52303168103496 0
1734 32.75775253983498 45.69945956978489 0
1735 30.51597920651234 47.93462423644088 0
1736 30.63310645453281 48.05209779225302 0
1737 32.87487978785545 45.81693312559703 0
1738 32.81631616384522 45.75819634769097 0
1739 30.57454283052258 47.99336101434696 0
1740 34.92924952434533 43.39381076964159 0
1741 34.85897317553304 43.3233266361543 0
1742 32.54692349339813 45.48800716932301 0
1743 30.30515016007549 47.72317183597901 0
1744 30.44570285770006 47.86414010295359 0
1745 32.6874761910227 45.62897543629759 0
1746 32.61719984221041 45.55849130281031 0
1747 30.37542650888778 47.7936559694663 0
1748 34.70436520814602 43.16826154248226 0
1749 34.62003358957128 43.08368058229751 0
1750 30.22081854150075 47.63859087579426 0
1751 32.46259187482339 45.40342620913826 0
1752 32.37826025624864 45.31884524895352 0
1753 30.13648692292601 47.55400991560951 0
1754 42.40242459293258 37.43838300634861 0
1755 42.37888918590686 37.41477801265565 0
1756 40.11358044554707 39.62633768563008 0
1757 37.87180711221301 41.86150235229749 0
1758 37.91887792626027 41.90871233968758 0
1759 40.16065125959269 39.67354767302182 0
1760 40.13711585256988 39.64994267932595 0
1761 37.89534251923664 41.88510734599254 0
1762 42.32711129045028 37.36284702653113 0
1763 42.29886880201942 37.33452103409957 0
1764 40.02885298025448 39.54135970833541 0
1765 37.78707964692042 41.77652437500282 0
1766 37.84356462378214 41.83317635986593 0
1767 40.08533795711621 39.59801169319852 0
1768 40.05709546868535 39.56968570076697 0
1769 37.81532213535128 41.80485036743437 0
1770 42.23673532747152 37.27220385075015 0
1771 42.20284434135449 37.23821265983227 0
1772 39.92718002190338 39.43938613558181 0
1773 37.68540668856932 41.67455080224921 0
1774 37.75318866080339 41.74253318408496 0
1775 39.99496199413746 39.50736851741755 0
1776 39.96107100802042 39.47337732649967 0
1777 37.71929767468636 41.70854199316707 0
1778 42.12828417189701 37.16343203981297 0
1779 42.08761498855657 37.12264261071152 0
1780 39.80517247188205 39.31701784827749 0
1781 37.56339913854799 41.5521825149449 0
1782 37.64473750522887 41.63376137314778 0
1783 39.88651083856293 39.39859670648037 0
1784 39.84584165522249 39.35780727737892 0
1785 37.60406832188843 41.59297194404633 0
1786 41.9981427852076 37.03290586668835 0
1787 41.94933976519906 36.98395855176663 0
1788 39.65876341185646 39.17017590351229 0
1789 37.4169900785224 41.4053405701797 0
1790 37.51459611853946 41.50323520002316 0
1791 39.75636945187352 39.26807053335575 0
1792 39.70756643186499 39.21912321843404 0
1793 37.46579309853092 41.45428788510144 0
1794 41.8419731211803 36.87627445893882 0
1795 41.78340949717006 36.81753768103275 0
1796 39.48307253982576 38.99396556979407 0
1797 37.24129920649169 41.22913023646148 0
1798 37.35842645451216 41.34660379227363 0
1799 39.60019978784623 39.11143912560621 0
1800 39.54163616383599 39.05270234770015 0
1801 37.29986283050192 41.28786701436756 0
1802 41.65456952434754 36.68831676963938 0
1803 41.58429317553526 36.61783263615209 0
1804 39.2722434933889 38.7825131693322 0
1805 37.03047016005483 41.01767783599961 0
1806 37.1710228576794 41.15864610297419 0
1807 39.41279619101348 38.92348143630679 0
1808 39.34251984220118 38.85299730281949 0
1809 37.10074650886712 41.0881619694869 0
1810 41.42968520814824 36.46276754248004 0
1811 41.34535358957349 36.3781865822953 0
1812 36.9461385414801 40.93309687581486 0
1813 39.18791187481416 38.69793220914745 0
1814 39.10358025623941 38.6133512489627 0
1815 36.86180692290536 40.84851591563012 0
1816 49.12774459295205 30.7328890063292 0
1817 49.10420918592633 30.70928401263624 0
1818 46.83890044556079 32.92084368561641 0
1819 44.59712711222097 35.15600835228955 0
1820 44.64419792627179 35.20321833967608 0
1821 46.88597125961387 32.96805367300069 0
1822 46.86243585258734 32.94444867930855 0
1823 44.62066251924638 35.17961334598281 0
1824 49.05243129046975 30.65735302651172 0
1825 49.02418880203889 30.62902703408016 0
1826 46.7541729802682 32.83586570832174 0
1827 44.51239964692838 35.07103037499488 0
1828 44.5688846237901 35.12768235985799 0
1829 46.81065795712992 32.89251769318486 0
1830 46.78241546869906 32.8641917007533 0
1831 44.54064213535925 35.09935636742643 0
1832 48.96205532749099 30.56670985073074 0
1833 48.92816434137396 30.53271865981287 0
1834 46.6525000219171 32.73389213556813 0
1835 44.41072668857728 34.96905680224127 0
1836 44.47850866081134 35.03703918407702 0
1837 46.72028199415117 32.80187451740387 0
1838 46.68639100803413 32.767883326486 0
1839 44.44461767469431 35.00304799315913 0
1840 48.85360417191648 30.45793803979356 0
1841 48.81293498857603 30.41714861069212 0
1842 46.53049247189577 32.61152384826381 0
1843 44.28871913855595 34.84668851493695 0
1844 44.37005750523684 34.92826737313983 0
1845 46.61183083857665 32.6931027064667 0
1846 46.57116165523621 32.65231327736524 0
1847 44.32938832189639 34.88747794403838 0
1848 48.72346278522706 30.32741186666895 0
1849 48.67465976521853 30.27846455174722 0
1850 46.38408341187018 32.46468190349862 0
1851 44.14231007853036 34.69984657017176 0
1852 44.23991611854742 34.79774120001522 0
1853 46.48168945188723 32.56257653334209 0
1854 46.43288643187871 32.51362921842035 0
1855 44.19111309853889 34.74879388509349 0
1856 48.56729312119977 30.17078045891941 0
1857 48.50872949718953 30.11204368101334 0
1858 46.20839253983947 32.2884715697804 0
1859 43.96661920649965 34.52363623645353 0
1860 44.08374645452012 34.64110979226568 0
1861 46.32551978785995 32.40594512559255 0
1862 46.26695616384971 32.34720834768648 0
1863 44.02518283050988 34.58237301435962 0
1864 48.37988952436701 29.98282276961997 0
1865 48.30961317555473 29.91233863613268 0
1866 45.99756349340262 32.07701916931853 0
1867 43.75579016006279 34.31218383599166 0
1868 43.89634285768736 34.45315210296624 0
1869 46.13811619102718 32.2179874362931 0
1870 46.06783984221491 32.14750330280582 0
1871 43.82606650887508 34.38266796947894 0
1872 48.1550052081677 29.75727354246064 0
1873 48.07067358959296 29.67269258227589 0
1874 43.67145854148806 34.22760287580692 0
1875 45.91323187482789 31.99243820913377 0
1876 45.82890025625314 31.90785724894902 0
1877 43.58712692291332 34.14302191562217 0
1878 55.85769186545748 24.02277229031908 0
1879 55.83878373091497 23.99454458063816 0
1880 53.5734749905485 26.20610425361925 0
1881 51.32707438472455 28.44589163628126 0
1882 51.37106035045398 28.49618343432572 0
1883 53.61437610795606 26.25947786232206 0
1884 53.59392554925229 26.23279105797066 0
1885 51.34906736758926 28.47103753530348 0
1886 55.79718583492143 23.93244361934014 0
1887 55.77449607347041 23.89857036772303 0
1888 53.4998529792156 26.11003175795349 0
1889 51.24789964641181 28.35536639980105 0
1890 51.30068280528698 28.41571655745452 0
1891 53.54893432010421 26.17408008839733 0
1892 53.5243936496599 26.14205592317541 0
1893 51.27429122584939 28.38554147862778 0
1894 55.72457859827816 23.82404921416541 0
1895 55.69735088453694 23.78340131222488 0
1896 53.41150656561611 25.99474476315457 0
1897 51.15288996043652 28.24673611602478 0
1898 51.21622975108671 28.31915630520896 0
1899 53.47040417468244 26.07160275968718 0
1900 53.44095537014928 26.03317376142088 0
1901 51.18455985576162 28.28294621061687 0
1902 55.63744991430625 23.69397592795573 0
1903 55.60477665781677 23.6451984456271 0
1904 53.30549086929673 25.85640036939587 0
1905 51.03887833726616 28.11637977549327 0
1906 51.11488608604641 28.20328400251428 0
1907 53.37616800017634 25.94862996523501 0
1908 53.34082943473653 25.90251516731544 0
1909 51.07688221165628 28.15983188900378 0
1910 55.53289549353994 23.53788798450412 0
1911 55.49368758575257 23.47935500570976 0
1912 53.17827203371348 25.69038709688543 0
1913 50.90206438946174 27.95995216685546 0
1914 50.99327368799801 28.06423723928067 0
1915 53.26308459076897 25.80106261189239 0
1916 53.22067831224122 25.74572485438891 0
1917 50.94766903872987 28.01209470306806 0
1918 55.40743018862037 23.35058245236218 0
1919 55.36038069927554 23.28034287780896 0
1920 53.02560943101356 25.49117116987291 0
1921 50.73788765209643 27.77223903649008 0
1922 50.84733881033996 27.89738112340034 0
1923 53.12738449948017 25.62398178788126 0
1924 53.07649696524686 25.55757647887708 0
1925 50.7926132312182 27.83481007994521 0
1926 55.2568718227169 23.12581581379186 0
1927 55.2004124355031 23.04152832432799 0
1928 52.84241430777367 25.25211205745788 0
1929 50.54087556725806 27.54698328005163 0
1930 50.67221695715031 27.69715378434394 0
1931 52.96454438993359 25.41148479906789 0
1932 52.90347934885364 25.33179842826289 0
1933 50.60654626220418 27.62206853219778 0
1934 55.07620178363273 22.85609584750748 0
1935 55.00845051897616 22.75495086015083 0
1936 50.4620707333227 27.45688097747625 0
1937 52.76913625847772 25.15648841249186 0
1938 52.69585820918176 25.06086476752584 0
1939 50.38326589938735 27.36677867490086 0
1940 64.83347702963451 20.28577560964647 0
1941 64.828924059269 20.25155121929294 0
1942 61.82287259139315 21.46699017627869 0
1943 58.8213740938828 22.71665352361796 0
1944 58.60572871746453 22.25717968061353 0
1945 61.64436632022308 20.99222452908192 0
1946 61.73361945580811 21.2296073526803 0
1947 58.71355140567367 22.48691660211574 0
1948 64.8189075244649 20.17625756051518 0
1949 64.81344396002629 20.13518829209094 0
1950 61.78925570106492 21.35097838781312 0
1951 58.77053100654216 22.60783775195952 0
1952 58.80442639810258 22.68038159973182 0
1953 61.81166696128375 21.4283195801235 0
1954 61.80046133117432 21.38964898396831 0
1955 58.78747870232237 22.64410967584567 0
1956 64.80142411826137 20.04483590155763 0
1957 64.79486784093505 19.99555277944854 0
1958 61.74891543267105 21.21176424165443 0
1959 58.70951930173339 22.47725882596939 0
1960 58.75019377160589 22.56431144329615 0
1961 61.77580894493363 21.30457367242689 0
1962 61.76236218880234 21.25816895704066 0
1963 58.72985653666964 22.52078513463277 0
1964 64.78044403081714 19.88712991080856 0
1965 64.77257649802556 19.82799016427767 0
1966 61.70050711059841 21.044707266264 0
1967 58.63630525596286 22.32056411478124 0
1968 58.68511461980988 22.42502725557334 0
1969 61.7327793253135 21.15607858319095 0
1970 61.71664321795596 21.10039292472748 0
1971 58.66070993788637 22.37279568517729 0
1972 64.75526792588406 19.69788272190969 0
1973 64.74582688653416 19.62691502607261 0
1974 61.64241712411124 20.84423889579549 0
1975 58.54844840103822 22.13253046135545 0
1976 58.60701963765464 22.25788623030597 0
1977 61.68114378176936 20.97788447610783 0
1978 61.6617804529403 20.91106168595166 0
1979 58.57773401934644 22.19520834583071 0
1980 64.72505659996438 19.47078609523104 0
1981 64.71372735274448 19.38562486022655 0
1982 61.57270914032664 20.60367685123328 0
1983 58.44302017512867 21.90689007724451 0
1984 58.51330565906837 22.05731699998514 0
1985 61.61918112951636 20.76405154760809 0
1986 61.59594513492151 20.68386419942068 0
1987 58.47816291709852 21.98210353861482 0
1988 64.68880300886075 19.19827014321666 0
1989 64.67520791219688 19.09607666121127 0
1990 61.48905955978511 20.31500239775863 0
1991 58.3165063040372 21.63612161631137 0
1992 58.40084888476484 21.81663392360013 0
1993 61.54482594681279 20.5074520334084 0
1994 61.51694275329895 20.41122721558352 0
1995 58.35867759440102 21.72637776995575 0
1996 64.64529869953638 18.87125100079941 0
1997 64.62898458353976 18.74861882239294 0
1998 58.2659007556006 21.52781423193812 0
1999 61.4555997275685 20.19953261636876 0
2000 61.4221398953519 20.0840628349789 0
2001 58.21529520716402 21.41950684756487 0
2002 68.15621685208613 20.72924683143756 0
2003 68.16278370417228 20.69649366287512 0
2004 67.05435740047345 20.51493593918826 0
2005 65.93936424468848 20.36613138406384 0
2006 65.94879776880367 20.36828137160518 0
2007 67.05830624084261 20.51633844161878 0
2008 67.05633182065803 20.51563719040352 0
2009 65.94408100674607 20.36720637783451 0
2010 68.1772307787618 20.62443669203776 0
2011 68.18511100126517 20.58513288976283 0
2012 67.0646542810416 20.39525906621417 0
2013 65.93631733831464 20.24468904494044 0
2014 65.93834860923053 20.32565060435604 0
2015 67.05778969399618 20.4750436481969 0
2016 67.06122198751888 20.43515135720553 0
2017 65.93733297377258 20.28516982464824 0
2018 68.20244749077258 20.498664524758 0
2019 68.21190375777664 20.45149996202808 0
2020 67.07701053772337 20.25164681864527 0
2021 65.93266105066604 20.09895823799237 0
2022 65.9350985757651 20.19611210929109 0
2023 67.06877303326884 20.34738831702454 0
2024 67.07289178549611 20.2995175678349 0
2025 65.93387981321558 20.14753517364172 0
2026 68.23270754518553 20.34773792402228 0
2027 68.24405506559039 20.29114044874639 0
2028 67.09183804574148 20.07931212156258 0
2029 65.92827350548772 19.92408126965468 0
2030 65.9311985356066 20.04066591521313 0
2031 67.08195304039607 20.19420191961771 0
2032 67.08689554306878 20.13675702059015 0
2033 65.92973602054717 19.98237359243391 0
2034 68.26901961048107 20.16662600313942 0
2035 68.28263663496689 20.09870903280835 0
2036 67.10963105536322 19.87251048506336 0
2037 65.92300845127374 19.71422890764945 0
2038 65.92651848741639 19.8541304823196 0
2039 67.09776904894872 20.01037824272951 0
2040 67.10370005215597 19.94144436389643 0
2041 65.92476346934508 19.78417969498453 0
2042 68.31259408883571 19.94929169807999 0
2043 68.3289345182187 19.8677913336827 0
2044 67.13098266690933 19.6243485212643 0
2045 65.91669038621697 19.46240607324318 0
2046 65.92090242958815 19.63028796284736 0
2047 67.11674825921193 19.78978983046367 0
2048 67.12386546306064 19.70706917586398 0
2049 65.91879640790256 19.54634701804527 0
2050 68.36488346286129 19.68849053200867 0
2051 68.38449197812088 19.59069009473193 0
2052 67.15660460076465 19.32655416470542 0
2053 65.90910870814884 19.16021867195565 0
2054 65.91416316019426 19.36167693948067 0
2055 67.13952331152778 19.52508373574467 0
2056 67.1480639561462 19.42581895022504 0
2057 65.91163593417154 19.26094780571816 0
2058 68.42763071169198 19.37552913272309 0
2059 68.45116093000348 19.258168607991 0
2060 65.90607603692158 19.03934371144064 0
2061 67.16685337430678 19.20743642208187 0
2062 67.1771021478489 19.08831867945831 0
2063 65.90304336569434 18.91846875092563 0
2064 77.14982729132116 23.15751132964443 0
2065 77.15851612111686 23.12533035160006 0
2066 74.16792015269452 22.28334641380802 0
2067 71.16863535447646 21.47354345406035 0
2068 71.15408699849978 21.53866833084038 0
2069 74.15195714490986 22.34808983024224 0
2070 74.15993864880218 22.31571812202513 0
2071 71.16136117648813 21.50610589245037 0
2072 77.17763154666741 23.05453219990244 0
2073 77.18805814242225 23.01591502624919 0
2074 74.19665356670758 22.1668082642266 0
2075 71.19482239523806 21.35631867585725 0
2076 71.17736436806368 21.43446852799265 0
2077 74.17749795736555 22.24450036394754 0
2078 74.18707576203656 22.20565431408707 0
2079 71.18609338165086 21.39539360192495 0
2080 77.21099665308292 22.93095724421205 0
2081 77.22350856798873 22.88461663582815 0
2082 74.23113366352325 22.02696248472889 0
2083 71.22624684415197 21.21564894201353 0
2084 71.2052972115427 21.30942876457602 0
2085 74.20814693231281 22.12019300439403 0
2086 74.21964029791802 22.07357774456146 0
2087 71.21577202784734 21.26253885329478 0
2088 77.25103478078152 22.78266729738358 0
2089 77.26604907866849 22.7270585673229 0
2090 74.27250977970206 21.85914754933165 0
2091 71.26395618284864 21.04684526140107 0
2092 71.23881662371753 21.15938104847605 0
2093 74.24492570224952 21.97102417292981 0
2094 74.25871774097578 21.91508586113073 0
2095 71.25138640328308 21.10311315493856 0
2096 77.29908053401984 22.60471936118941 0
2097 77.31709769148421 22.5379888851166 0
2098 74.32216111911663 21.65776962685495 0
2099 71.30920738928467 20.84428084466611 0
2100 71.27903991832731 20.97932378915609 0
2101 74.28906022617358 21.79202157517275 0
2102 74.3056106726451 21.72489560101385 0
2103 71.294123653806 20.9118023169111 0
2104 77.35673543790583 22.39118183775641 0
2105 77.37835602686306 22.31110526646904 0
2106 74.3817427264141 21.41611611988291 0
2107 71.3635088370079 20.60120354458416 0
2108 71.32730787185908 20.76325507797213 0
2109 74.34202165488247 21.57721845786427 0
2110 74.36188219064827 21.4966672888736 0
2111 71.34540835443349 20.68222931127814 0
2112 77.425921322569 22.13493680963682 0
2113 77.4518660293177 22.03884492409197 0
2114 74.45324065517109 21.12613191151647 0
2115 71.42867057427577 20.30951078448583 0
2116 71.38522941609719 20.50397262455139 0
2117 74.40557536933309 21.3194547170941 0
2118 74.4294080122521 21.22279331430529 0
2119 71.40694999518647 20.40674170451861 0
2120 77.50894438416482 21.8274427758933 0
2121 77.54007803226325 21.71213251323948 0
2122 71.45473526918292 20.1928336804465 0
2123 74.48183982667386 21.0101382281699 0
2124 74.51043899817665 20.89414454482332 0
2125 71.48079996409007 20.07615657640716 0
2126 86.14131575283997 25.58520363733143 0
2127 86.15000458263567 25.55302265928706 0
2128 83.1615305919251 24.71161091201368 0
2129 80.16436777141884 23.90238014278468 0
2130 80.14699011183009 23.96674209887415 0
2131 83.14415293233581 24.775972868103 0
2132 83.15284176213045 24.74379189005834 0
2133 80.15567894162447 23.93456112082941 0
2134 86.16912000818623 25.48222450758944 0
2135 86.17954660394106 25.44360733393619 0
2136 83.19281037918964 24.59575939105394 0
2137 80.19564755868338 23.78652862182494 0
2138 80.17479436717369 23.86376296913144 0
2139 83.17195718767996 24.67299373836044 0
2140 83.18238378343479 24.63437656470719 0
2141 80.18522096292853 23.82514579547819 0
2142 86.20248511460173 25.35864955189905 0
2143 86.21499702950754 25.31230894351514 0
2144 83.23034612390708 24.45673756590225 0
2145 80.23318330340082 23.64750679667325 0
2146 80.20815947358918 23.74018801344105 0
2147 83.20532229409544 24.54941878267005 0
2148 83.21783420900125 24.50307817428614 0
2149 80.22067138849499 23.69384740505715 0
2150 86.24252324230034 25.21035960507057 0
2151 86.2575375401873 25.1547508750099 0
2152 83.275389017568 24.28991137572022 0
2153 80.27822619706174 23.48068060649122 0
2154 80.24819760128781 23.59189806661258 0
2155 83.24536042179406 24.40112883584157 0
2156 83.26037471968102 24.3455201057809 0
2157 80.26321189917476 23.5362893365519 0
2158 86.29056899553865 25.03241166887641 0
2159 86.30858615300302 24.9656811928036 0
2160 83.32944048996112 24.08971994750179 0
2161 80.33227766945485 23.28048917827279 0
2162 80.29624335452613 23.41395013041841 0
2163 83.29340617503237 24.22318089964741 0
2164 83.31142333249674 24.1564504235746 0
2165 80.31426051199048 23.3472196543456 0
2166 86.34822389942464 24.81887414544341 0
2167 86.36984448838187 24.73879757415604 0
2168 83.39430225683284 23.84949023363966 0
2169 80.39713943632658 23.04025946441066 0
2170 80.3538982584121 23.20041260698541 0
2171 83.35106107891835 24.00964337621441 0
2172 83.37268166787558 23.92956680492704 0
2173 80.37551884736934 23.12033603569804 0
2174 86.41740978408781 24.56262911732382 0
2175 86.44335449083651 24.46653723177897 0
2176 83.47213637707893 23.56121457700512 0
2177 80.47497355657266 22.75198380777612 0
2178 80.42308414307527 22.94416757886582 0
2179 83.42024696358153 23.75339834809481 0
2180 83.44619167033022 23.65730646254997 0
2181 80.44902884982397 22.84807569332097 0
2182 86.50043284568363 24.2551350835803 0
2183 86.53156649378207 24.13982482092648 0
2184 80.50610720467111 22.63667354512231 0
2185 83.50327002517736 23.4459043143513 0
2186 83.53440367327579 23.33059405169748 0
2187 80.53724085276953 22.52136328246848 0
2188 95.13280421436029 28.01289594501884 0
2189 95.14149304415599 27.98071496697446 0
2190 92.15301905344492 27.13930321970096 0
2191 89.15585623293815 26.33007245047182 0
2192 89.13847857334648 26.3944344065605 0
2193 92.13564139385377 27.20366517578977 0
2194 92.14433022364935 27.17148419774536 0
2195 89.14716740314232 26.36225342851616 0
2196 95.16060846970655 27.90991681527684 0
2197 95.17103506546138 27.8712996416236 0
2198 92.18429884070946 27.02345169874122 0
2199 89.18713602020269 26.21422092951208 0
2200 89.166282828693 26.29145527681857 0
2201 92.16344564919977 27.10068604604771 0
2202 92.17387224495459 27.06206887239446 0
2203 89.17670942444784 26.25283810316533 0
2204 95.19397357612205 27.78634185958645 0
2205 95.20648549102786 27.74000125120256 0
2206 92.2218345854269 26.88442987358952 0
2207 89.22467176492013 26.07519910436039 0
2208 89.1996479351085 26.16788032112819 0
2209 92.19681075561527 26.97711109035732 0
2210 92.20932267052109 26.93077048197342 0
2211 89.2121598500143 26.12153971274428 0
2212 95.23401170382066 27.63805191275798 0
2213 95.24902600170762 27.5824431826973 0
2214 92.26687747908782 26.71760368340749 0
2215 89.26971465858105 25.90837291417835 0
2216 89.2396860628071 26.01959037429971 0
2217 92.23684888331388 26.82882114352885 0
2218 92.25186318120083 26.77321241346817 0
2219 89.25470036069407 25.96398164423903 0
2220 95.28205745705897 27.46010397656382 0
2221 95.30007461452334 27.39337350049101 0
2222 92.32092895148094 26.51741225518906 0
2223 89.32376613097416 25.70818148595992 0
2224 89.28773181604542 25.84164243810554 0
2225 92.28489463655218 26.65087320733469 0
2226 92.30291179401657 26.58414273126187 0
2227 89.30574897350979 25.77491196203273 0
2228 95.33971236094496 27.24656645313082 0
2229 95.36133294990219 27.16648988184345 0
2230 92.38579071835267 26.27718254132694 0
2231 89.38862789784589 25.4679517720978 0
2232 89.34538671993141 25.62810491467255 0
2233 92.34254954043818 26.43733568390168 0
2234 92.36417012939543 26.35725911261431 0
2235 89.36700730888865 25.54802834338518 0
2236 95.40889824560813 26.99032142501122 0
2237 95.43484295235683 26.89422953946638 0
2238 92.46362483859875 25.98890688469239 0
2239 89.46646201809197 25.17967611546326 0
2240 89.4145726045946 25.37185988655295 0
2241 92.41173542510134 26.18109065578209 0
2242 92.43768013185007 26.08499877023724 0
2243 89.44051731134329 25.27576800100811 0
2244 95.49192130720395 26.68282739126771 0
2245 95.52305495530238 26.56751712861389 0
2246 89.49759566619041 25.06436585280944 0
2247 92.49475848669717 25.87359662203858 0
2248 92.52589213479561 25.75828635938475 0
2249 89.52872931428882 24.94905559015562 0
2250 104.1242926758755 30.44058825270488 0
2251 104.1329815056712 30.40840727466051 0
2252 101.1445075149619 29.56699552738745 0
2253 98.14734469445678 28.75776475815877 0
2254 98.12996703486343 28.82212671424699 0
2255 101.1271298553692 29.63135748347587 0
2256 101.1358186851655 29.59917650543166 0
2257 98.13865586466011 28.78994573620288 0
2258 104.1520969312218 30.33760912296289 0
2259 104.1625235269766 30.29899194930964 0
2260 101.1757873022264 29.45114400642771 0
2261 98.17862448172131 28.64191323719903 0
2262 98.15777129021163 28.71914758450552 0
2263 101.1549341107167 29.5283783537342 0
2264 101.1653607064715 29.48976118008096 0
2265 98.16819788596646 28.68053041085227 0
2266 104.1854620376373 30.2140341672725 0
2267 104.1979739525431 30.1676935588886 0
2268 101.2133230469438 29.31212218127602 0
2269 98.21616022643876 28.50289141204734 0
2270 98.19113639662713 28.59557262881513 0
2271 101.1882992171322 29.40480339804382 0
2272 101.200811132038 29.35846278965992 0
2273 98.20364831153293 28.54923202043123 0
2274 104.2255001653359 30.06574422044402 0
2275 104.2405144632229 30.01013549038335 0
2276 101.2583659406048 29.14529599109399 0
2277 98.26120312009968 28.33606522186531 0
2278 98.23117452432575 28.44728268198666 0
2279 101.2283373448308 29.25651345121535 0
2280 101.2433516427178 29.20090472115466 0
2281 98.2461888222127 28.39167395192599 0
2282 104.2735459185742 29.88779628424986 0
2283 104.2915630760386 29.82106580817705 0
2284 101.3124174129979 28.94510456287556 0
2285 98.31525459249279 28.13587379364688 0
2286 98.27922027756404 28.2693347457925 0
2287 101.2763830980691 29.07856551502118 0
2288 101.2944002555335 29.01183503894837 0
2289 98.29723743502839 28.20260426971969 0
2290 104.3312008224602 29.67425876081687 0
2291 104.3528214114174 29.59418218952949 0
2292 101.3772791798696 28.70487484901344 0
2293 98.38011635936452 27.89564407978475 0
2294 98.33687518145004 28.0557972223595 0
2295 101.3340380019551 28.86502799158819 0
2296 101.3556585909123 28.78495142030081 0
2297 98.35849577040727 27.97572065107212 0
2298 104.4003867071234 29.41801373269727 0
2299 104.4263314138721 29.32192184715242 0
2300 101.4551133001157 28.41659919237889 0
2301 98.4579504796106 27.60736842315021 0
2302 98.40606106611321 27.79955219423991 0
2303 101.4032238866183 28.60878296346858 0
2304 101.429168593367 28.51269107792374 0
2305 98.43200577286191 27.70346030869506 0
2306 104.4834097687192 29.11051969895376 0
2307 104.5145434168176 28.99520943629993 0
2308 98.48908412770902 27.49205816049639 0
2309 101.4862469482141 28.30128892972508 0
2310 101.5173805963125 28.18597866707125 0
2311 98.52021777580744 27.37674789784257 0
2312 113.1157811373836 32.86828056038897 0
2313 113.1244699671793 32.83609958234459 0
2314 110.1359959764723 31.99468783507219 0
2315 107.1388331559696 31.18545706584417 0
2316 107.1214554963801 31.24981902193343 0
2317 110.118618316883 32.05904979116151 0
2318 110.1273071466777 32.02686881311686 0
2319 107.1301443261749 31.21763804388879 0
2320 113.1435853927298 32.76530143064697 0
2321 113.1540119884847 32.72668425699373 0
2322 110.1672757637368 31.87883631411245 0
2323 107.1701129432342 31.06960554488442 0
2324 107.1492597517245 31.14683989219092 0
2325 110.1464225722271 31.95607066141894 0
2326 110.156849167982 31.9174534877657 0
2327 107.1596863474793 31.10822271853766 0
2328 113.1769504991453 32.64172647495658 0
2329 113.1894624140511 32.59538586657268 0
2330 110.2048115084543 31.73981448896076 0
2331 107.2076486879516 30.93058371973273 0
2332 107.18262485814 31.02326493650052 0
2333 110.1797876786426 31.83249570572856 0
2334 110.1922995935484 31.78615509734466 0
2335 107.1951367730458 30.97692432811662 0
2336 113.2169886268439 32.49343652812811 0
2337 113.2320029247309 32.43782779806744 0
2338 110.2498544021152 31.57298829877873 0
2339 107.2526915816125 30.7637575295507 0
2340 107.2226629858386 30.87497498967205 0
2341 110.2198258063412 31.68420575890008 0
2342 110.2348401042282 31.62859702883941 0
2343 107.2376772837255 30.81936625961137 0
2344 113.2650343800822 32.31548859193395 0
2345 113.2830515375466 32.24875811586114 0
2346 110.3039058745083 31.3727968705603 0
2347 107.3067430540056 30.56356610133227 0
2348 107.2707087390769 30.69702705347789 0
2349 110.2678715595796 31.50625782270592 0
2350 110.2858887170439 31.43952734663311 0
2351 107.2887258965413 30.63029657740508 0
2352 113.3226892839682 32.10195106850095 0
2353 113.3443098729255 32.02187449721357 0
2354 110.36876764138 31.13256715669817 0
2355 107.3716048208774 30.32333638747015 0
2356 107.3283636429629 30.4834895300449 0
2357 110.3255264634656 31.29272029927292 0
2358 110.3471470524228 31.21264372798554 0
2359 107.3499842319201 30.40341295875752 0
2360 113.3918751686314 31.84570604038135 0
2361 113.4178198753801 31.74961415483651 0
2362 110.4466017616261 30.84429150006363 0
2363 107.4494389411234 30.0350607308356 0
2364 107.3975495276261 30.2272445019253 0
2365 110.3947123481287 31.03647527115332 0
2366 110.4206570548774 30.94038338560847 0
2367 107.4234942343748 30.13115261638045 0
2368 113.4748982302272 31.53821200663784 0
2369 113.5060318783257 31.42290174398402 0
2370 107.4805725892219 29.91975046818178 0
2371 110.4777354097245 30.72898123740981 0
2372 110.508869057823 30.61367097475599 0
2373 107.5117062373203 29.80444020552796 0
2374 122.1072695988983 35.29597286807486 0
2375 122.115958428694 35.26379189003049 0
2376 119.1274844379848 34.42238014275748 0
2377 116.1303216174799 33.61314937352886 0
2378 116.1129439578911 33.67751132961831 0
2379 119.1101067783954 34.48674209884678 0
2380 119.1187956081901 34.45456112080213 0
2381 116.1216327876855 33.64533035157358 0
2382 122.1350738542445 35.19299373833287 0
2383 122.1455004499994 35.15437656467962 0
2384 119.1587642252493 34.30652862179774 0
2385 116.1616014047444 33.49729785256911 0
2386 116.1407482132347 33.57453219987561 0
2387 119.1379110337396 34.38376296910423 0
2388 119.1483376294944 34.34514579545099 0
2389 116.1511748089896 33.53591502622236 0
2390 122.16843896066 35.06941878264248 0
2391 122.1809508755659 35.02307817425858 0
2392 119.1962999699668 34.16750679664605 0
2393 116.1991371494619 33.35827602741742 0
2394 116.1741133196502 33.45095724418522 0
2395 119.1712761401551 34.26018801341384 0
2396 119.1837880550609 34.21384740502995 0
2397 116.1866252345561 33.40461663580132 0
2398 122.2084770883586 34.92112883581401 0
2399 122.2234913862456 34.86552010575333 0
2400 119.2413428636277 34.00068060646402 0
2401 116.2441800431228 33.1914498372354 0
2402 116.2141514473488 33.30266729735675 0
2403 119.2113142678537 34.11189806658537 0
2404 119.2263285657407 34.0562893365247 0
2405 116.2291657452358 33.24705856729607 0
2406 122.256522841597 34.74318089961984 0
2407 122.2745399990613 34.67645042354703 0
2408 119.2953943360208 33.80048917824558 0
2409 116.2982315155159 32.99125840901696 0
2410 116.2621972005872 33.12471936116258 0
2411 119.259360021092 33.93395013039121 0
2412 119.2773771785564 33.86721965431839 0
2413 116.2802143580515 33.05798888508977 0
2414 122.314177745483 34.52964337618685 0
2415 122.3357983344402 34.44956680489947 0
2416 119.3602561028925 33.56025946438346 0
2417 116.3630932823876 32.75102869515484 0
2418 116.3198521044731 32.91118183772959 0
2419 119.317014924978 33.72041260695822 0
2420 119.3386355139353 33.64033603567084 0
2421 116.3414726934304 32.83110526644221 0
2422 122.3833636301461 34.27339834806725 0
2423 122.4093083368948 34.1773064625224 0
2424 119.4380902231386 33.27198380774892 0
2425 116.4409274026337 32.46275303852029 0
2426 116.3890379891363 32.65493680960999 0
2427 119.3862008096412 33.46416757883862 0
2428 119.4121455163899 33.36807569329377 0
2429 116.414982695885 32.55884492406514 0
2430 122.4663866917419 33.96590431432374 0
2431 122.4975203398404 33.85059405166992 0
2432 116.4720610507321 32.34744277586647 0
2433 119.469223871237 33.15667354509511 0
2434 119.5003575193354 33.04136328244128 0
2435 116.5031946988306 32.23213251321265 0
2436 128.1189728995107 36.8500724504464 0
2437 125.1218100790002 36.04084168121626 0
2438 125.1044324194013 36.10520363730298 0
2439 128.1015952399114 36.91443440653302 0
2440 128.1102840697111 36.88225342848972 0
2441 125.1131212492008 36.07302265925962 0
2442 128.1502526867752 36.73422092948666 0
2443 125.1530898662647 35.92499016025652 0
2444 125.1322366747551 36.00222450756301 0
2445 128.1293994952656 36.81145527679315 0
2446 128.1398260910204 36.77283810313991 0
2447 125.1426632705099 35.96360733390977 0
2448 128.1877884314927 36.59519910433497 0
2449 125.1906256109822 35.78596833510483 0
2450 125.1656017811706 35.87864955187263 0
2451 128.1627646016811 36.68788032110277 0
2452 128.1752765165869 36.64153971271887 0
2453 125.1781136960764 35.83230894348873 0
2454 128.2328313251536 36.42837291415294 0
2455 125.2356685046431 35.6191421449228 0
2456 125.2056399088692 35.73035960504415 0
2457 128.2028027293797 36.5395903742743 0
2458 128.2178170272666 36.48398164421361 0
2459 125.2206542067561 35.67475087498348 0
2460 128.2868827975467 36.22818148593451 0
2461 125.2897199770362 35.41895071670437 0
2462 125.2536856621075 35.55241166884998 0
2463 128.250848482618 36.36164243808013 0
2464 128.2688656400824 36.29491196200731 0
2465 125.2717028195719 35.48568119277718 0
2466 128.3517445644185 35.98795177207239 0
2467 125.354581743908 35.17872100284225 0
2468 125.3113405659935 35.33887414541699 0
2469 128.308503386504 36.14810491464713 0
2470 128.3301239754612 36.06802834335976 0
2471 125.3329611549507 35.25879757412962 0
2472 128.4295786846646 35.69967611543784 0
2473 125.432415864154 34.8904453462077 0
2474 125.3805264506566 35.0826291172974 0
2475 128.3776892711672 35.89185988652753 0
2476 128.4036339779159 35.79576800098269 0
2477 125.4064711574053 34.98653723175254 0
2478 125.4635495122525 34.77513508355388 0
2479 128.460712332763 35.58436585278403 0
2480 128.4918459808615 35.4690555901302 0
2481 125.4946831603509 34.65982482090007 0
2482 149.0817349835484 42.57904979116118 0
2483 149.0904238133441 42.5468688131168 0
2484 146.1019498226166 41.70545706583884 0
2485 143.1047870020933 40.89622629660524 0
2486 143.0874093425008 40.9605882526937 0
2487 146.0845721630238 41.76981902192722 0
2488 146.0932609928201 41.73763804388302 0
2489 143.096098172297 40.92840727464947 0
2490 149.1095392388947 42.47607066141918 0
2491 149.1199658346495 42.43745348776594 0
2492 146.1332296098811 41.58960554487909 0
2493 143.1360667893578 40.7803747756455 0
2494 143.1152135978481 40.85760912295199 0
2495 146.1123764183714 41.66683989218559 0
2496 146.1228030141262 41.62822271853234 0
2497 143.125640193603 40.81899194929875 0
2498 149.1429043453102 42.35249570572879 0
2499 149.155416260216 42.30615509734489 0
2500 146.1707653545985 41.4505837197274 0
2501 143.1736025340752 40.64135295049381 0
2502 143.1485787042636 40.7340341672616 0
2503 146.1457415247869 41.54326493649521 0
2504 146.1582534396927 41.4969243281113 0
2505 143.1610906191694 40.6876935588777 0
2506 149.1829424730088 42.20420575890032 0
2507 149.1979567708958 42.14859702883965 0
2508 146.2158082482595 41.28375752954538 0
2509 143.2186454277362 40.47452676031178 0
2510 143.1886168319622 40.58574422043314 0
2511 146.1857796524855 41.39497498966674 0
2512 146.2007939503725 41.33936625960605 0
2513 143.2036311298492 40.53013549037246 0
2514 149.2309882262471 42.02625782270616 0
2515 149.2490053837115 41.95952734663334 0
2516 146.2698597206526 41.08356610132694 0
2517 143.2726969001293 40.27433533209334 0
2518 143.2366625852006 40.40779628423897 0
2519 146.2338254057238 41.21702705347256 0
2520 146.2518425631882 41.15029657739975 0
2521 143.2546797426649 40.34106580816615 0
2522 149.2886431301331 41.81272029927316 0
2523 149.3102637190903 41.73264372798578 0
2524 146.3347214875243 40.84333638746482 0
2525 143.337558667001 40.03410561823122 0
2526 143.2943174890866 40.19425876080597 0
2527 146.2914803096098 41.00348953003957 0
2528 146.3131008985671 40.92341295875218 0
2529 143.3159380780438 40.11418218951859 0
2530 149.3578290147963 41.55647527115356 0
2531 149.383773721545 41.46038338560871 0
2532 146.4125556077704 40.55506073083027 0
2533 143.4153927872471 39.74582996159668 0
2534 143.3635033737497 39.93801373268636 0
2535 146.360666194273 40.74724450191997 0
2536 146.3866109010217 40.65115261637511 0
2537 143.3894480804984 39.84192184714152 0
2538 149.4408520763921 41.24898123741005 0
2539 149.4719857244905 41.13367097475623 0
2540 143.4465264353455 39.63051969894286 0
2541 146.4436892558688 40.43975046817646 0
2542 146.4748229039673 40.32444020552263 0
2543 143.4776600834439 39.51520943628905 0
2544 158.0732234451075 45.00674209885903 0
2545 158.0819122749031 44.97456112081466 0
2546 155.0934382841792 44.13314937353766 0
2547 152.0962754636595 43.32391860430505 0
2548 152.0788978040681 43.3882805603938 0
2549 155.076060624588 44.19751132962647 0
2550 155.0847494543836 44.16533035158206 0
2551 152.0875866338638 43.35609958234942 0
2552 158.1010277004537 44.90376296911703 0
2553 158.1114542962085 44.86514579546379 0
2554 155.1247180714437 44.01729785257792 0
2555 152.127555250924 43.20806708334531 0
2556 152.1067020594143 43.2853014306518 0
2557 155.103864879934 44.09453219988441 0
2558 155.1142914756889 44.05591502623117 0
2559 152.1171286551692 43.24668425699856 0
2560 158.1343928068692 44.78018801342665 0
2561 158.146904721775 44.73384740504275 0
2562 155.1622538161612 43.87827602742623 0
2563 152.1650909956415 43.06904525819362 0
2564 152.1400671658298 43.16172647496141 0
2565 155.1372299863495 43.97095724419403 0
2566 155.1497419012553 43.92461663581012 0
2567 152.1525790807356 43.11538586657751 0
2568 158.1744309345678 44.63189806659818 0
2569 158.1894452324548 44.5762893365375 0
2570 155.2072967098221 43.7114498372442 0
2571 152.2101338893024 42.90221906801159 0
2572 152.1801052935284 43.01343652813294 0
2573 155.1772681140481 43.82266729736556 0
2574 155.1922824119351 43.76705856730487 0
2575 152.1951195914154 42.95782779807226 0
2576 158.2224766878061 44.45395013040401 0
2577 158.2404938452705 44.3872196543312 0
2578 155.2613481822152 43.51125840902576 0
2579 152.2641853616955 42.70202763979315 0
2580 152.2281510467668 42.83548859193877 0
2581 155.2253138672864 43.64471936117139 0
2582 155.2433310247508 43.57798888509858 0
2583 152.2461682042311 42.76875811586596 0
2584 158.2801315916921 44.24041260697101 0
2585 158.3017521806493 44.16033603568363 0
2586 155.3262099490869 43.27102869516364 0
2587 152.3290471285673 42.46179792593103 0
2588 152.2858059506527 42.62195106850578 0
2589 155.2829687711724 43.43118183773839 0
2590 155.3045893601297 43.35110526645101 0
2591 152.30742653961 42.54187449721841 0
2592 158.3493174763553 43.98416757885141 0
2593 158.375262183104 43.88807569330657 0
2594 155.404044069333 42.9827530385291 0
2595 152.4068812488133 42.17352226929648 0
2596 152.354991835316 42.36570604038617 0
2597 155.3521546558357 43.17493680961879 0
2598 155.3780993625843 43.07884492407395 0
2599 152.3809365420646 42.26961415484134 0
2600 158.4323405379511 43.6766735451079 0
2601 158.4634741860496 43.56136328245408 0
2602 152.4380148969118 42.05821200664266 0
2603 155.4351777174314 42.86744277587529 0
2604 155.4663113655299 42.75213251322145 0
2605 152.4691485450102 41.94290174398884 0
2606 167.0647119066669 47.434434406557 0
2607 167.0734007364626 47.40225342851262 0
2608 164.0849267457385 46.56084168123559 0
2609 161.0877639252187 45.75161091200294 0
2610 161.0703862656271 45.81597286809164 0
2611 164.067549086147 46.62520363732435 0
2612 164.0762379159428 46.59302265927997 0
2613 161.0790750954229 45.78379189004729 0
2614 167.0925161620131 47.331455276815 0
2615 167.1029427577679 47.29283810316176 0
2616 164.116206533003 46.44499016027585 0
2617 161.1190437124832 45.63575939104319 0
2618 161.0981905209735 45.71299373834969 0
2619 164.0953533414933 46.52222450758234 0
2620 164.1057799372481 46.4836073339291 0
2621 161.1086171167283 45.67437656469644 0
2622 167.1258812684286 47.20788032112461 0
2623 167.1383931833344 47.16153971274071 0
2624 164.1537422777204 46.30596833512416 0
2625 161.1565794572006 45.49673756589151 0
2626 161.131555627389 45.5894187826593 0
2627 164.1287184479088 46.39864955189196 0
2628 164.1412303628146 46.35230894350806 0
2629 161.1440675422948 45.5430781742754 0
2630 167.1659193961272 47.05959037429614 0
2631 167.1809336940142 47.00398164423547 0
2632 164.1987851713814 46.13914214494213 0
2633 161.2016223508616 45.32991137570948 0
2634 161.1715937550876 45.44112883583083 0
2635 164.1687565756074 46.25035960506349 0
2636 164.1837708734944 46.19475087500281 0
2637 161.1866080529746 45.38552010577015 0
2638 167.2139651493655 46.88164243810198 0
2639 167.2319823068299 46.81491196202916 0
2640 164.2528366437745 45.9389507167237 0
2641 161.2556738232547 45.12971994749104 0
2642 161.2196395083259 45.26318089963667 0
2643 164.2168023288457 46.07241166886932 0
2644 164.2348194863101 46.00568119279652 0
2645 161.2376566657903 45.19645042356385 0
2646 167.2716200532515 46.66810491466898 0
2647 167.2932406422088 46.5880283433816 0
2648 164.3176984106462 45.69872100286157 0
2649 161.3205355901264 44.88949023362892 0
2650 161.2772944122119 45.04964337620368 0
2651 164.2744572327317 45.85887414543632 0
2652 164.2960778216889 45.77879757414895 0
2653 161.2989150011691 44.96956680491628 0
2654 167.3408059379147 46.41185988654938 0
2655 167.3667506446634 46.31576800100454 0
2656 164.3955325308923 45.41044534622703 0
2657 161.3983697103725 44.60121457699437 0
2658 161.3464802968751 44.79339834808407 0
2659 164.3436431173949 45.60262911731672 0
2660 164.3695878241436 45.50653723177187 0
2661 161.3724250036238 44.69730646253922 0
2662 167.4238289995105 46.10436585280587 0
2663 167.454962647609 45.98905559015205 0
2664 161.4295033584709 44.48590431434056 0
2665 164.4266661789907 45.29513508357321 0
2666 164.4577998270892 45.17982482091939 0
2667 161.4606370065694 44.37059405168672 0
2668 176.0562003682365 49.86212671425772 0
2669 176.0648891980322 49.82994573621335 0
2670 173.0764152073047 48.9885339889354 0
2671 170.0792523867815 48.17930321970182 0
2672 170.0618747271899 48.24366517579051 0
2673 173.0590375477128 49.05289594502402 0
2674 173.0677263775088 49.02071496697972 0
2675 170.0705635569857 48.21148419774617 0
2676 176.0840046235828 49.75914758451572 0
2677 176.0944312193376 49.72053041086248 0
2678 173.1076949945692 48.87268246797566 0
2679 170.110532174046 48.06345169874208 0
2680 170.0896789825363 48.14068604604857 0
2681 173.0868418030595 48.94991681528215 0
2682 173.0972683988144 48.91129964162891 0
2683 170.1001055782912 48.10206887239534 0
2684 176.1173697299982 49.63557262882534 0
2685 176.1298816449041 49.58923202044144 0
2686 173.1452307392867 48.73366064282397 0
2687 170.1480679187634 47.92442987359039 0
2688 170.1230440889518 48.01711109035817 0
2689 173.120206909475 48.82634185959176 0
2690 173.1327188243808 48.78000125120786 0
2691 170.1355560038576 47.97077048197428 0
2692 176.1574078576969 49.48728268199687 0
2693 176.1724221555838 49.43167395193619 0
2694 173.1902736329476 48.56683445264194 0
2695 170.1931108124244 47.75760368340836 0
2696 170.1630822166504 47.86882114352971 0
2697 173.1602450371736 48.67805191276329 0
2698 173.1752593350606 48.62244318270263 0
2699 170.1780965145374 47.81321241346904 0
2700 176.2054536109352 49.3093347458027 0
2701 176.2234707683996 49.24260426972989 0
2702 173.2443251053407 48.3666430244235 0
2703 170.2471622848175 47.55741225518992 0
2704 170.2111279698887 47.69087320733555 0
2705 173.208290790412 48.50010397656912 0
2706 173.2263079478764 48.43337350049632 0
2707 170.2291451273531 47.62414273126274 0
2708 176.2631085148212 49.0957972223697 0
2709 176.2847291037784 49.01572065108233 0
2710 173.3091868722125 48.12641331056138 0
2711 170.3120240516892 47.3171825413278 0
2712 170.2687828737748 47.47733568390255 0
2713 173.265945694298 48.28656645313613 0
2714 173.2875662832552 48.20648988184874 0
2715 170.290403462732 47.39725911261517 0
2716 176.3322943994844 48.8395521942501 0
2717 176.358239106233 48.74346030870526 0
2718 173.3870209924585 47.83813765392684 0
2719 170.3898581719353 47.02890688469326 0
2720 170.3379687584379 47.22109065578295 0
2721 173.3351315789612 48.03032142501653 0
2722 173.3610762857098 47.93422953947167 0
2723 170.3639134651866 47.12499877023811 0
2724 176.4153174610802 48.53205816050659 0
2725 176.4464511091786 48.41674789785277 0
2726 170.4209918200337 46.91359662203944 0
2727 173.418154640557 47.72282739127302 0
2728 173.4492882886554 47.60751712861919 0
2729 170.4521254681322 46.79828635938561 0
2730 182.050526009276 51.4139215860512 0
2731 179.062052018552 50.60584317211008 0
2732 179.0504669121553 50.6709733650592 0
2733 182.0447334560779 51.47982001586168 0
2734 182.0476297326769 51.44687080095646 0
2735 179.0562594653536 50.63840826858466 0
2736 182.0609526050308 51.2953044123982 0
2737 179.0829052100616 50.48860882480371 0
2738 179.0690030823885 50.56676505634131 0
2739 182.0540015411942 51.37438252816689 0
2740 182.0574770731125 51.33484347028254 0
2741 179.0759541462251 50.52768694057251 0
2742 182.0734645199366 51.1529638040146 0
2743 179.1079290398733 50.34792760803607 0
2744 179.0912464866655 50.44171508588116 0
2745 182.0651232433327 51.247857542937 0
2746 182.0692938816347 51.20041067347579 0
2747 179.0995877632694 50.39482134695861 0
2748 182.0884788178236 50.98215507395427 0
2749 179.1379576356472 50.17911014791489 0
2750 179.1179385717979 50.29165512132901 0
2751 182.078469285899 51.09602756066116 0
2752 182.0834740518613 51.03909131730768 0
2753 179.1279481037226 50.23538263462192 0
2754 182.106495975288 50.77718459788188 0
2755 179.1739919505759 49.97652919576947 0
2756 179.1499690739568 50.11158316386646 0
2757 182.0944845369784 50.91383158193021 0
2758 182.1004902561332 50.84550808990608 0
2759 179.1619805122664 50.04405617981799 0
2760 182.1281165642452 50.53122002659502 0
2761 179.2172331284904 49.73343205319498 0
2762 179.1884056765475 49.89549681491133 0
2763 182.1137028382738 50.69519640745294 0
2764 182.1209097012594 50.61320821702397 0
2765 179.2028194025189 49.81446443405314 0
2766 182.1540612709939 50.23606254105077 0
2767 179.2691225419878 49.44171548210559 0
2768 179.2345295996563 49.63619319616514 0
2769 182.1367647998281 50.43283419808017 0
2770 182.145413035411 50.33444836956545 0
2771 179.251826070822 49.53895433913536 0
2772 179.2898783073868 49.32502885366983 0
2773 182.1644391536934 50.11799954683308 0
2774 182.1748170363929 49.99993655261538 0
2775 179.3106340727857 49.20834222523408 0
$EndNodes
$Elements
492
1 15 2 0 1 1
2 15 2 0 2 2
3 15 2 0 3 3
4 15 2 0 4 4
5 15 2 0 5 5
6 15 2 0 6 6
7 15 2 0 7 7
8 15 2 0 8 8
9 15 2 0 9 9
10 15 2 0 10 10
11 15 2 0 11 11
12 15 2 0 12 12
13 26 2 0 1 1 21 27 28
14 26 2 0 1 21 22 29 30
15 26 2 0 1 22 23 31 32
16 26 2 0 1 23 24 33 34
17 26 2 0 1 24 25 35 36
18 26 2 0 1 25 26 37 38
19 26 2 0 1 26 20 39 40
20 26 2 0 1 20 19 41 42
21 26 2 0 1 19 18 43 44
22 26 2 0 1 18 17 45 46
23 26 2 0 1 17 16 47 48
24 26 2 0 1 16 15 49 50
25 26 2 0 1 15 14 51 52
26 26 2 0 1 14 13 53 54
27 26 2 0 1 13 2 55 56
28 26 2 0 2 2 3 57 58
29 26 2 0 3 3 59 60 61
30 26 2 0 3 59 4 62 63
31 26 2 0 4 4 64 68 69
32 26 2 0 4 64 65 70 71
33 26 2 0 4 65 66 72 73
34 26 2 0 4 66 67 74 75
35 26 2 0 4 67 5 76 77
36 26 2 0 5 5 6 78 79
37 26 2 0 6 6 7 80 81
38 26 2 0 7 7 82 94 95
39 26 2 0 7 82 83 96 97
40 26 2 0 7 83 84 98 99
41 26 2 0 7 84 85 100 101
42 26 2 0 7 85 86 102 103
43 26 2 0 7 86 87 104 105
44 26 2 0 7 87 88 106 107
45 26 2 0 7 88 89 108 109
46 26 2 0 7 89 90 110 111
47 26 2 0 7 90 91 112 113
48 26 2 0 7 91 92 114 115
49 26 2 0 7 92 93 116 117
50 26 2 0 7 93 8 118 119
51 26 2 0 8 8 120 133 134
52 26 2 0 8 120 121 135 136
53 26 2 0 8 121 122 137 138
54 26 2 0 8 122 123 139 140
55 26 2 0 8 123 124 141 142
56 26 2 0 8 124 125 143 144
57 26 2 0 8 125 126 145 146
58 26 2 0 8 126 127 147 148
59 26 2 0 8 127 128 149 150
60 26 2 0 8 128 129 151 152
61 26 2 0 8 129 130 153 154
62 26 2 0 8 130 131 155 156
63 26 2 0 8 131 132 157 158
64 26 2 0 8 132 9 159 160
65 26 2 0 9 9 161 173 174
66 26 2 0 9 161 162 175 176
67 26 2 0 9 162 163 177 178
68 26 2 0 9 163 164 179 180
69 26 2 0 9 164 165 181 182
70 26 2 0 9 165 166 183 184
71 26 2 0 9 166 167 185 186
72 26 2 0 9 167 168 187 188
73 26 2 0 9 168 169 189 190
74 26 2 0 9 169 170 191 192
75 26 2 0 9 170 171 193 194
76 26 2 0 9 171 172 195 196
77 26 2 0 9 172 10 197 198
78 26 2 0 10 10 199 205 206
79 26 2 0 10 199 200 207 208
80 26 2 0 10 200 201 209 210
81 26 2 0 10 201 202 211 212
82 26 2 0 10 202 203 213 214
83 26 2 0 10 203 204 215 216
84 26 2 0 10 204 1 217 218
85 21 2 0 1 20 250 26 480 481 482 483 39 40 484
86 21 2 0 1 394 127 128 485 486 149 150 487 488 489
87 21 2 0 1 266 306 414 490 491 492 493 494 495 496
88 21 2 0 1 438 399 440 497 498 499 500 501 502 503
89 21 2 0 1 399 438 439 498 497 504 505 506 507 508
90 21 2 0 1 440 411 441 509 510 511 512 513 514 515
91 21 2 0 1 426 395 427 516 517 518 519 520 521 522
92 21 2 0 1 404 414 415 523 524 525 526 527 528 529
93 21 2 0 1 438 440 441 502 501 514 513 530 531 532
94 21 2 0 1 395 426 447 517 516 533 534 535 536 537
95 21 2 0 1 446 401 466 538 539 540 541 542 543 544
96 21 2 0 1 427 395 429 519 518 545 546 547 548 549
97 21 2 0 1 401 446 458 539 538 550 551 552 553 554
98 21 2 0 1 397 439 451 555 556 557 558 559 560 561
99 21 2 0 1 434 396 449 562 563 564 565 566 567 568
100 21 2 0 1 394 128 474 488 487 569 570 571 572 573
101 21 2 0 1 401 448 452 574 575 576 577 578 579 580
102 21 2 0 1 439 397 464 556 555 581 582 583 584 585
103 21 2 0 1 416 415 469 586 587 588 589 590 591 592
104 21 2 0 1 398 428 448 593 594 595 596 597 598 599
105 21 2 0 1 396 434 459 563 562 600 601 602 603 604
106 21 2 0 1 411 440 454 510 509 605 606 607 608 609
107 21 2 0 1 448 428 452 596 595 610 611 577 576 612
108 21 2 0 1 459 417 474 613 614 615 616 617 618 619
109 21 2 0 1 434 417 459 620 621 614 613 601 600 622
110 21 2 0 1 418 412 456 623 624 625 626 627 628 629
111 21 2 0 1 412 443 475 630 631 632 633 634 635 636
112 21 2 0 1 403 454 455 637 638 639 640 641 642 643
113 21 2 0 1 428 398 463 594 593 644 645 646 647 648
114 21 2 0 1 422 408 423 649 650 651 652 653 654 655
115 21 2 0 1 417 394 474 656 657 572 571 616 615 658
116 21 2 0 1 424 402 425 659 660 661 662 663 664 665
117 21 2 0 1 450 442 454 666 667 668 669 670 671 672
118 21 2 0 1 454 440 455 606 605 673 674 640 639 675
119 21 2 0 1 412 418 465 624 623 676 677 678 679 680
120 21 2 0 1 444 169 475 681 682 683 684 685 686 687
121 21 2 0 1 169 444 467 682 681 688 689 690 691 692
122 21 2 0 1 443 444 475 693 694 686 685 633 632 695
123 21 2 0 1 443 412 465 631 630 679 678 696 697 698
124 21 2 0 1 401 452 466 579 578 699 700 541 540 701
125 21 2 0 1 402 203 457 702 703 704 705 706 707 708
126 21 2 0 1 414 418 419 709 710 711 712 713 714 715
127 21 2 0 1 445 407 446 716 717 718 719 720 721 722
128 21 2 0 1 403 450 454 723 724 671 670 638 637 725
129 21 2 0 1 415 414 419 526 525 714 713 726 727 728
130 21 2 0 1 414 306 418 493 492 729 730 710 709 731
131 21 2 0 1 425 402 426 662 661 732 733 734 735 736
132 21 2 0 1 406 437 438 737 738 739 740 741 742 743
133 21 2 0 1 423 408 424 652 651 744 745 746 747 748
134 21 2 0 1 430 417 434 749 750 621 620 751 752 753
135 21 2 0 1 290 398 448 754 755 598 597 756 757 758
136 21 2 0 1 346 354 441 759 760 761 762 763 764 765
137 21 2 0 1 440 399 455 500 499 766 767 674 673 768
138 21 2 0 1 416 469 476 591 590 769 770 771 772 773
139 21 2 0 1 400 430 431 774 775 776 777 778 779 780
140 21 2 0 1 406 436 437 781 782 783 784 738 737 785
141 21 2 0 1 431 430 434 777 776 752 751 786 787 788
142 21 2 0 1 426 402 457 733 732 707 706 789 790 791
143 21 2 0 1 250 226 462 792 793 794 795 796 797 798
144 21 2 0 1 386 394 417 799 800 657 656 801 802 803
145 21 2 0 1 400 378 430 804 805 806 807 775 774 808
146 21 2 0 1 362 370 436 809 810 811 812 813 814 815
147 21 2 0 1 411 346 441 816 817 764 763 512 511 818
148 21 2 0 1 386 417 430 802 801 750 749 819 820 821
149 21 2 0 1 354 406 441 822 823 824 825 762 761 826
150 21 2 0 1 410 429 470 827 828 829 830 831 832 833
151 21 2 0 1 406 362 436 834 835 814 813 782 781 836
152 21 2 0 1 274 282 401 837 838 839 840 841 842 843
153 21 2 0 1 425 426 427 735 734 521 520 844 845 846
154 21 2 0 1 161 162 413 175 176 847 848 849 850 851
155 21 2 0 1 438 437 439 740 739 852 853 505 504 854
156 21 2 0 1 163 397 435 855 856 857 858 859 860 861
157 21 2 0 1 413 162 435 848 847 862 863 864 865 866
158 21 2 0 1 406 438 441 742 741 531 530 825 824 867
159 21 2 0 1 370 400 436 868 869 870 871 812 811 872
160 21 2 0 1 432 431 433 873 874 875 876 877 878 879
161 21 2 0 1 202 203 402 213 214 703 702 880 881 882
162 21 2 0 1 431 434 449 787 786 567 566 883 884 885
163 21 2 0 1 290 298 398 886 887 888 889 755 754 890
164 21 2 0 1 378 386 430 891 892 820 819 807 806 893
165 21 2 0 1 443 409 444 894 895 896 897 694 693 898
166 21 2 0 1 338 411 442 899 900 901 902 903 904 905
167 21 2 0 1 410 25 445 906 907 908 909 910 911 912
168 21 2 0 1 322 409 443 913 914 895 894 915 916 917
169 21 2 0 1 439 437 451 853 852 918 919 558 557 920
170 21 2 0 1 409 330 442 921 922 923 924 925 926 927
171 21 2 0 1 314 322 443 928 929 916 915 930 931 932
172 21 2 0 1 162 163 435 177 178 860 859 863 862 933
173 21 2 0 1 322 330 409 934 935 922 921 914 913 936
174 21 2 0 1 338 346 411 937 938 817 816 900 899 939
175 21 2 0 1 400 431 432 779 778 874 873 940 941 942
176 21 2 0 1 354 362 406 943 944 835 834 823 822 945
177 21 2 0 1 370 378 400 946 947 805 804 869 868 948
178 21 2 0 1 330 338 442 949 950 904 903 924 923 951
179 21 2 0 1 399 439 464 507 506 584 583 952 953 954
180 21 2 0 1 436 432 437 955 956 957 958 784 783 959
181 21 2 0 1 163 164 397 179 180 960 961 856 855 962
182 21 2 0 1 165 166 399 183 184 963 964 965 966 967
183 21 2 0 1 167 168 403 187 188 968 969 970 971 972
184 21 2 0 1 429 410 466 828 827 973 974 975 976 977
185 21 2 0 1 170 171 412 193 194 978 979 980 981 982
186 21 2 0 1 200 201 408 209 210 983 984 985 986 987
187 21 2 0 1 408 422 479 650 649 988 989 990 991 992
188 21 2 0 1 402 424 478 660 659 993 994 995 996 997
189 21 2 0 1 425 427 428 845 844 998 999 1000 1001 1002
190 21 2 0 1 400 432 436 941 940 956 955 871 870 1003
191 21 2 0 1 419 172 469 1004 1005 1006 1007 1008 1009 1010
192 21 2 0 1 172 419 456 1005 1004 1011 1012 1013 1014 1015
193 21 2 0 1 21 22 447 29 30 1016 1017 1018 1019 1020
194 21 2 0 1 24 25 410 35 36 907 906 1021 1022 1023
195 21 2 0 1 226 407 462 1024 1025 1026 1027 795 794 1028
196 21 2 0 1 22 23 395 31 32 1029 1030 1031 1032 1033
197 21 2 0 1 25 26 445 37 38 1034 1035 909 908 1036
198 21 2 0 1 427 429 452 548 547 1037 1038 1039 1040 1041
199 21 2 0 1 410 445 446 911 910 721 720 1042 1043 1044
200 21 2 0 1 282 290 448 1045 1046 757 756 1047 1048 1049
201 21 2 0 1 409 442 450 926 925 667 666 1050 1051 1052
202 21 2 0 1 442 411 454 902 901 608 607 669 668 1053
203 21 2 0 1 22 395 447 1032 1031 536 535 1017 1016 1054
204 21 2 0 1 421 199 479 1055 1056 1057 1058 1059 1060 1061
205 21 2 0 1 130 131 396 155 156 1062 1063 1064 1065 1066
206 21 2 0 1 432 433 451 878 877 1067 1068 1069 1070 1071
207 21 2 0 1 401 282 448 840 839 1048 1047 575 574 1072
208 21 2 0 1 433 431 449 876 875 884 883 1073 1074 1075
209 21 2 0 1 274 401 458 842 841 553 552 1076 1077 1078
210 21 2 0 1 444 409 450 897 896 1051 1050 1079 1080 1081
211 21 2 0 1 226 234 407 1082 1083 1084 1085 1025 1024 1086
212 21 2 0 1 418 306 465 730 729 1087 1088 677 676 1089
213 21 2 0 1 399 166 455 964 963 1090 1091 767 766 1092
214 21 2 0 1 167 403 455 971 970 642 641 1093 1094 1095
215 21 2 0 1 437 432 451 958 957 1070 1069 919 918 1096
216 21 2 0 1 306 314 465 1097 1098 1099 1100 1088 1087 1101
217 21 2 0 1 429 395 470 546 545 1102 1103 830 829 1104
218 21 2 0 1 131 132 453 157 158 1105 1106 1107 1108 1109
219 21 2 0 1 412 171 456 979 978 1110 1111 626 625 1112
220 21 2 0 1 396 131 453 1063 1062 1108 1107 1113 1114 1115
221 21 2 0 1 199 200 479 207 208 1116 1117 1058 1057 1118
222 21 2 0 1 428 427 452 999 998 1040 1039 611 610 1119
223 21 2 0 1 234 274 458 1120 1121 1077 1076 1122 1123 1124
224 21 2 0 1 445 26 462 1035 1034 1125 1126 1127 1128 1129
225 21 2 0 1 397 164 464 961 960 1130 1131 582 581 1132
226 21 2 0 1 165 399 464 966 965 953 952 1133 1134 1135
227 21 2 0 1 398 423 463 1136 1137 1138 1139 645 644 1140
228 21 2 0 1 403 168 467 969 968 1141 1142 1143 1144 1145
229 21 2 0 1 203 204 457 215 216 1146 1147 705 704 1148
230 21 2 0 1 424 408 478 745 744 1149 1150 994 993 1151
231 21 2 0 1 424 425 463 664 663 1152 1153 1154 1155 1156
232 21 2 0 1 202 402 478 881 880 996 995 1157 1158 1159
233 21 2 0 1 419 418 456 712 711 628 627 1012 1011 1160
234 21 2 0 1 169 170 475 191 192 1161 1162 684 683 1163
235 21 2 0 1 408 201 478 984 983 1164 1165 1150 1149 1166
236 21 2 0 1 450 403 467 724 723 1144 1143 1167 1168 1169
237 21 2 0 1 166 167 455 185 186 1094 1093 1091 1090 1170
238 21 2 0 1 130 396 459 1065 1064 603 602 1171 1172 1173
239 21 2 0 1 423 424 463 747 746 1155 1154 1139 1138 1174
240 21 2 0 1 9 161 471 173 174 1175 1176 1177 1178 1179
241 21 2 0 1 24 410 470 1022 1021 832 831 1180 1181 1182
242 21 2 0 1 395 23 470 1030 1029 1183 1184 1103 1102 1185
243 21 2 0 1 242 420 422 1186 1187 1188 1189 1190 1191 1192
244 21 2 0 1 421 416 476 1193 1194 772 771 1195 1196 1197
245 21 2 0 1 132 9 471 159 160 1178 1177 1198 1199 1200
246 21 2 0 1 204 1 472 217 218 1201 1202 1203 1204 1205
247 21 2 0 1 407 445 462 717 716 1128 1127 1027 1026 1206
248 21 2 0 1 423 398 468 1137 1136 1207 1208 1209 1210 1211
249 21 2 0 1 1 21 472 27 28 1212 1213 1202 1201 1214
250 21 2 0 1 298 242 468 1215 1216 1217 1218 1219 1220 1221
251 21 2 0 1 447 426 457 534 533 790 789 1222 1223 1224
252 21 2 0 1 446 407 458 719 718 1225 1226 551 550 1227
253 21 2 0 1 199 421 476 1056 1055 1196 1195 1228 1229 1230
254 21 2 0 1 171 172 456 195 196 1014 1013 1111 1110 1231
255 21 2 0 1 258 266 404 1232 1233 1234 1235 1236 1237 1238
256 21 2 0 1 398 298 468 889 888 1220 1219 1208 1207 1239
257 21 2 0 1 172 10 469 197 198 1240 1241 1007 1006 1242
258 21 2 0 1 413 435 460 865 864 1243 1244 1245 1246 1247
259 21 2 0 1 10 199 476 205 206 1229 1228 1248 1249 1250
260 21 2 0 1 129 130 459 153 154 1172 1171 1251 1252 1253
261 21 2 0 1 410 446 466 1043 1042 543 542 974 973 1254
262 21 2 0 1 407 234 458 1085 1084 1123 1122 1226 1225 1255
263 21 2 0 1 460 435 473 1244 1243 1256 1257 1258 1259 1260
264 21 2 0 1 453 413 477 1261 1262 1263 1264 1265 1266 1267
265 21 2 0 1 422 423 468 654 653 1210 1209 1268 1269 1270
266 21 2 0 1 422 421 479 1271 1272 1060 1059 989 988 1273
267 21 2 0 1 425 428 463 1001 1000 647 646 1153 1152 1274
268 21 2 0 1 242 422 468 1191 1190 1269 1268 1218 1217 1275
269 21 2 0 1 258 404 405 1237 1236 1276 1277 1278 1279 1280
270 21 2 0 1 433 460 473 1281 1282 1259 1258 1283 1284 1285
271 21 2 0 1 164 165 464 181 182 1134 1133 1131 1130 1286
272 21 2 0 1 314 443 465 931 930 697 696 1100 1099 1287
273 21 2 0 1 444 450 467 1080 1079 1168 1167 689 688 1288
274 21 2 0 1 420 242 461 1187 1186 1289 1290 1291 1292 1293
275 21 2 0 1 161 413 471 850 849 1294 1295 1176 1175 1296
276 21 2 0 1 433 449 460 1074 1073 1297 1298 1282 1281 1299
277 21 2 0 1 168 169 467 189 190 691 690 1142 1141 1300
278 21 2 0 1 405 415 416 1301 1302 587 586 1303 1304 1305
279 21 2 0 1 413 460 477 1246 1245 1306 1307 1264 1263 1308
280 21 2 0 1 129 459 474 1252 1251 618 617 1309 1310 1311
281 21 2 0 1 435 397 473 858 857 1312 1313 1257 1256 1314
282 21 2 0 1 452 429 466 1038 1037 976 975 700 699 1315
283 21 2 0 1 23 24 470 33 34 1181 1180 1184 1183 1316
284 21 2 0 1 420 421 422 1317 1318 1272 1271 1189 1188 1319
285 21 2 0 1 200 408 479 986 985 991 990 1117 1116 1320
286 21 2 0 1 21 447 472 1019 1018 1321 1322 1213 1212 1323
287 21 2 0 1 451 433 473 1068 1067 1284 1283 1324 1325 1326
288 21 2 0 1 170 412 475 981 980 635 634 1162 1161 1327
289 21 2 0 1 201 202 478 211 212 1158 1157 1165 1164 1328
290 21 2 0 1 405 404 415 1277 1276 528 527 1302 1301 1329
291 21 2 0 1 405 416 420 1304 1303 1330 1331 1332 1333 1334
292 21 2 0 1 128 129 474 151 152 1310 1309 570 569 1335
293 21 2 0 1 413 453 471 1262 1261 1336 1337 1295 1294 1338
294 21 2 0 1 415 419 469 727 726 1009 1008 589 588 1339
295 21 2 0 1 449 396 477 565 564 1340 1341 1342 1343 1344
296 21 2 0 1 420 416 421 1331 1330 1194 1193 1318 1317 1345
297 21 2 0 1 258 405 461 1279 1278 1346 1347 1348 1349 1350
298 21 2 0 1 453 132 471 1106 1105 1199 1198 1337 1336 1351
299 21 2 0 1 397 451 473 560 559 1325 1324 1313 1312 1352
300 21 2 0 1 396 453 477 1114 1113 1266 1265 1341 1340 1353
301 21 2 0 1 447 457 472 1223 1222 1354 1355 1322 1321 1356
302 21 2 0 1 457 204 472 1147 1146 1204 1203 1355 1354 1357
303 21 2 0 1 404 266 414 1235 1234 495 494 524 523 1358
304 21 2 0 1 469 10 476 1241 1240 1249 1248 770 769 1359
305 21 2 0 1 460 449 477 1298 1297 1343 1342 1307 1306 1360
306 21 2 0 1 405 420 461 1333 1332 1292 1291 1347 1346 1361
307 21 2 0 1 26 250 462 483 482 797 796 1126 1125 1362
308 21 2 0 1 242 258 461 1363 1364 1349 1348 1290 1289 1365
309 36 2 0 1 2 3 243 13 57 58 1366 1367 1368 1369 55 56 1370 1371 1372 1373
310 36 2 0 1 13 243 244 14 1369 1368 1374 1375 1376 1377 53 54 1378 1379 1380 1381
311 36 2 0 1 14 244 245 15 1377 1376 1382 1383 1384 1385 51 52 1386 1387 1388 1389
312 36 2 0 1 15 245 246 16 1385 1384 1390 1391 1392 1393 49 50 1394 1395 1396 1397
313 36 2 0 1 16 246 247 17 1393 1392 1398 1399 1400 1401 47 48 1402 1403 1404 1405
314 36 2 0 1 17 247 248 18 1401 1400 1406 1407 1408 1409 45 46 1410 1411 1412 1413
315 36 2 0 1 18 248 249 19 1409 1408 1414 1415 1416 1417 43 44 1418 1419 1420 1421
316 36 2 0 1 19 249 250 20 1417 1416 1422 1423 481 480 41 42 1424 1425 1426 1427
317 36 2 0 1 3 59 219 243 60 61 1428 1429 1430 1431 1367 1366 1432 1433 1434 1435
318 36 2 0 1 243 219 220 244 1431 1430 1436 1437 1438 1439 1375 1374 1440 1441 1442 1443
319 36 2 0 1 244 220 221 245 1439 1438 1444 1445 1446 1447 1383 1382 1448 1449 1450 1451
320 36 2 0 1 245 221 222 246 1447 1446 1452 1453 1454 1455 1391 1390 1456 1457 1458 1459
321 36 2 0 1 246 222 223 247 1455 1454 1460 1461 1462 1463 1399 1398 1464 1465 1466 1467
322 36 2 0 1 247 223 224 248 1463 1462 1468 1469 1470 1471 1407 1406 1472 1473 1474 1475
323 36 2 0 1 248 224 225 249 1471 1470 1476 1477 1478 1479 1415 1414 1480 1481 1482 1483
324 36 2 0 1 249 225 226 250 1479 1478 1484 1485 793 792 1423 1422 1486 1487 1488 1489
325 36 2 0 1 88 89 355 347 108 109 1490 1491 1492 1493 1494 1495 1496 1497 1498 1499
326 36 2 0 1 347 355 356 348 1493 1492 1500 1501 1502 1503 1504 1505 1506 1507 1508 1509
327 36 2 0 1 348 356 357 349 1503 1502 1510 1511 1512 1513 1514 1515 1516 1517 1518 1519
328 36 2 0 1 349 357 358 350 1513 1512 1520 1521 1522 1523 1524 1525 1526 1527 1528 1529
329 36 2 0 1 350 358 359 351 1523 1522 1530 1531 1532 1533 1534 1535 1536 1537 1538 1539
330 36 2 0 1 351 359 360 352 1533 1532 1540 1541 1542 1543 1544 1545 1546 1547 1548 1549
331 36 2 0 1 352 360 361 353 1543 1542 1550 1551 1552 1553 1554 1555 1556 1557 1558 1559
332 36 2 0 1 353 361 362 354 1553 1552 1560 1561 944 943 1562 1563 1564 1565 1566 1567
333 36 2 0 1 59 4 227 219 62 63 1568 1569 1570 1571 1429 1428 1572 1573 1574 1575
334 36 2 0 1 219 227 228 220 1571 1570 1576 1577 1578 1579 1437 1436 1580 1581 1582 1583
335 36 2 0 1 220 228 229 221 1579 1578 1584 1585 1586 1587 1445 1444 1588 1589 1590 1591
336 36 2 0 1 221 229 230 222 1587 1586 1592 1593 1594 1595 1453 1452 1596 1597 1598 1599
337 36 2 0 1 222 230 231 223 1595 1594 1600 1601 1602 1603 1461 1460 1604 1605 1606 1607
338 36 2 0 1 223 231 232 224 1603 1602 1608 1609 1610 1611 1469 1468 1612 1613 1614 1615
339 36 2 0 1 224 232 233 225 1611 1610 1616 1617 1618 1619 1477 1476 1620 1621 1622 1623
340 36 2 0 1 225 233 234 226 1619 1618 1624 1625 1083 1082 1485 1484 1626 1627 1628 1629
341 36 2 0 1 4 64 267 227 68 69 1630 1631 1632 1633 1569 1568 1634 1635 1636 1637
342 36 2 0 1 227 267 268 228 1633 1632 1638 1639 1640 1641 1577 1576 1642 1643 1644 1645
343 36 2 0 1 228 268 269 229 1641 1640 1646 1647 1648 1649 1585 1584 1650 1651 1652 1653
344 36 2 0 1 229 269 270 230 1649 1648 1654 1655 1656 1657 1593 1592 1658 1659 1660 1661
345 36 2 0 1 230 270 271 231 1657 1656 1662 1663 1664 1665 1601 1600 1666 1667 1668 1669
346 36 2 0 1 231 271 272 232 1665 1664 1670 1671 1672 1673 1609 1608 1674 1675 1676 1677
347 36 2 0 1 232 272 273 233 1673 1672 1678 1679 1680 1681 1617 1616 1682 1683 1684 1685
348 36 2 0 1 233 273 274 234 1681 1680 1686 1687 1121 1120 1625 1624 1688 1689 1690 1691
349 36 2 0 1 64 65 275 267 70 71 1692 1693 1694 1695 1631 1630 1696 1697 1698 1699
350 36 2 0 1 267 275 276 268 1695 1694 1700 1701 1702 1703 1639 1638 1704 1705 1706 1707
351 36 2 0 1 268 276 277 269 1703 1702 1708 1709 1710 1711 1647 1646 1712 1713 1714 1715
352 36 2 0 1 269 277 278 270 1711 1710 1716 1717 1718 1719 1655 1654 1720 1721 1722 1723
353 36 2 0 1 270 278 279 271 1719 1718 1724 1725 1726 1727 1663 1662 1728 1729 1730 1731
354 36 2 0 1 271 279 280 272 1727 1726 1732 1733 1734 1735 1671 1670 1736 1737 1738 1739
355 36 2 0 1 272 280 281 273 1735 1734 1740 1741 1742 1743 1679 1678 1744 1745 1746 1747
356 36 2 0 1 273 281 282 274 1743 1742 1748 1749 838 837 1687 1686 1750 1751 1752 1753
357 36 2 0 1 65 66 283 275 72 73 1754 1755 1756 1757 1693 1692 1758 1759 1760 1761
358 36 2 0 1 275 283 284 276 1757 1756 1762 1763 1764 1765 1701 1700 1766 1767 1768 1769
359 36 2 0 1 276 284 285 277 1765 1764 1770 1771 1772 1773 1709 1708 1774 1775 1776 1777
360 36 2 0 1 277 285 286 278 1773 1772 1778 1779 1780 1781 1717 1716 1782 1783 1784 1785
361 36 2 0 1 278 286 287 279 1781 1780 1786 1787 1788 1789 1725 1724 1790 1791 1792 1793
362 36 2 0 1 279 287 288 280 1789 1788 1794 1795 1796 1797 1733 1732 1798 1799 1800 1801
363 36 2 0 1 280 288 289 281 1797 1796 1802 1803 1804 1805 1741 1740 1806 1807 1808 1809
364 36 2 0 1 281 289 290 282 1805 1804 1810 1811 1046 1045 1749 1748 1812 1813 1814 1815
365 36 2 0 1 66 67 291 283 74 75 1816 1817 1818 1819 1755 1754 1820 1821 1822 1823
366 36 2 0 1 283 291 292 284 1819 1818 1824 1825 1826 1827 1763 1762 1828 1829 1830 1831
367 36 2 0 1 284 292 293 285 1827 1826 1832 1833 1834 1835 1771 1770 1836 1837 1838 1839
368 36 2 0 1 285 293 294 286 1835 1834 1840 1841 1842 1843 1779 1778 1844 1845 1846 1847
369 36 2 0 1 286 294 295 287 1843 1842 1848 1849 1850 1851 1787 1786 1852 1853 1854 1855
370 36 2 0 1 287 295 296 288 1851 1850 1856 1857 1858 1859 1795 1794 1860 1861 1862 1863
371 36 2 0 1 288 296 297 289 1859 1858 1864 1865 1866 1867 1803 1802 1868 1869 1870 1871
372 36 2 0 1 289 297 298 290 1867 1866 1872 1873 887 886 1811 1810 1874 1875 1876 1877
373 36 2 0 1 67 5 235 291 76 77 1878 1879 1880 1881 1817 1816 1882 1883 1884 1885
374 36 2 0 1 291 235 236 292 1881 1880 1886 1887 1888 1889 1825 1824 1890 1891 1892 1893
375 36 2 0 1 292 236 237 293 1889 1888 1894 1895 1896 1897 1833 1832 1898 1899 1900 1901
376 36 2 0 1 293 237 238 294 1897 1896 1902 1903 1904 1905 1841 1840 1906 1907 1908 1909
377 36 2 0 1 294 238 239 295 1905 1904 1910 1911 1912 1913 1849 1848 1914 1915 1916 1917
378 36 2 0 1 295 239 240 296 1913 1912 1918 1919 1920 1921 1857 1856 1922 1923 1924 1925
379 36 2 0 1 296 240 241 297 1921 1920 1926 1927 1928 1929 1865 1864 1930 1931 1932 1933
380 36 2 0 1 297 241 242 298 1929 1928 1934 1935 1216 1215 1873 1872 1936 1937 1938 1939
381 36 2 0 1 5 6 251 235 78 79 1940 1941 1942 1943 1879 1878 1944 1945 1946 1947
382 36 2 0 1 235 251 252 236 1943 1942 1948 1949 1950 1951 1887 1886 1952 1953 1954 1955
383 36 2 0 1 236 252 253 237 1951 1950 1956 1957 1958 1959 1895 1894 1960 1961 1962 1963
384 36 2 0 1 237 253 254 238 1959 1958 1964 1965 1966 1967 1903 1902 1968 1969 1970 1971
385 36 2 0 1 238 254 255 239 1967 1966 1972 1973 1974 1975 1911 1910 1976 1977 1978 1979
386 36 2 0 1 239 255 256 240 1975 1974 1980 1981 1982 1983 1919 1918 1984 1985 1986 1987
387 36 2 0 1 240 256 257 241 1983 1982 1988 1989 1990 1991 1927 1926 1992 1993 1994 1995
388 36 2 0 1 241 257 258 242 1991 1990 1996 1997 1364 1363 1935 1934 1998 1999 2000 2001
389 36 2 0 1 6 7 259 251 80 81 2002 2003 2004 2005 1941 1940 2006 2007 2008 2009
390 36 2 0 1 251 259 260 252 2005 2004 2010 2011 2012 2013 1949 1948 2014 2015 2016 2017
391 36 2 0 1 252 260 261 253 2013 2012 2018 2019 2020 2021 1957 1956 2022 2023 2024 2025
392 36 2 0 1 253 261 262 254 2021 2020 2026 2027 2028 2029 1965 1964 2030 2031 2032 2033
393 36 2 0 1 254 262 263 255 2029 2028 2034 2035 2036 2037 1973 1972 2038 2039 2040 2041
394 36 2 0 1 255 263 264 256 2037 2036 2042 2043 2044 2045 1981 1980 2046 2047 2048 2049
395 36 2 0 1 256 264 265 257 2045 2044 2050 2051 2052 2053 1989 1988 2054 2055 2056 2057
396 36 2 0 1 257 265 266 258 2053 2052 2058 2059 1233 1232 1997 1996 2060 2061 2062 2063
397 36 2 0 1 7 82 299 259 94 95 2064 2065 2066 2067 2003 2002 2068 2069 2070 2071
398 36 2 0 1 259 299 300 260 2067 2066 2072 2073 2074 2075 2011 2010 2076 2077 2078 2079
399 36 2 0 1 260 300 301 261 2075 2074 2080 2081 2082 2083 2019 2018 2084 2085 2086 2087
400 36 2 0 1 261 301 302 262 2083 2082 2088 2089 2090 2091 2027 2026 2092 2093 2094 2095
401 36 2 0 1 262 302 303 263 2091 2090 2096 2097 2098 2099 2035 2034 2100 2101 2102 2103
402 36 2 0 1 263 303 304 264 2099 2098 2104 2105 2106 2107 2043 2042 2108 2109 2110 2111
403 36 2 0 1 264 304 305 265 2107 2106 2112 2113 2114 2115 2051 2050 2116 2117 2118 2119
404 36 2 0 1 265 305 306 266 2115 2114 2120 2121 491 490 2059 2058 2122 2123 2124 2125
405 36 2 0 1 82 83 307 299 96 97 2126 2127 2128 2129 2065 2064 2130 2131 2132 2133
406 36 2 0 1 299 307 308 300 2129 2128 2134 2135 2136 2137 2073 2072 2138 2139 2140 2141
407 36 2 0 1 300 308 309 301 2137 2136 2142 2143 2144 2145 2081 2080 2146 2147 2148 2149
408 36 2 0 1 301 309 310 302 2145 2144 2150 2151 2152 2153 2089 2088 2154 2155 2156 2157
409 36 2 0 1 302 310 311 303 2153 2152 2158 2159 2160 2161 2097 2096 2162 2163 2164 2165
410 36 2 0 1 303 311 312 304 2161 2160 2166 2167 2168 2169 2105 2104 2170 2171 2172 2173
411 36 2 0 1 304 312 313 305 2169 2168 2174 2175 2176 2177 2113 2112 2178 2179 2180 2181
412 36 2 0 1 305 313 314 306 2177 2176 2182 2183 1098 1097 2121 2120 2184 2185 2186 2187
413 36 2 0 1 83 84 315 307 98 99 2188 2189 2190 2191 2127 2126 2192 2193 2194 2195
414 36 2 0 1 307 315 316 308 2191 2190 2196 2197 2198 2199 2135 2134 2200 2201 2202 2203
415 36 2 0 1 308 316 317 309 2199 2198 2204 2205 2206 2207 2143 2142 2208 2209 2210 2211
416 36 2 0 1 309 317 318 310 2207 2206 2212 2213 2214 2215 2151 2150 2216 2217 2218 2219
417 36 2 0 1 310 318 319 311 2215 2214 2220 2221 2222 2223 2159 2158 2224 2225 2226 2227
418 36 2 0 1 311 319 320 312 2223 2222 2228 2229 2230 2231 2167 2166 2232 2233 2234 2235
419 36 2 0 1 312 320 321 313 2231 2230 2236 2237 2238 2239 2175 2174 2240 2241 2242 2243
420 36 2 0 1 313 321 322 314 2239 2238 2244 2245 929 928 2183 2182 2246 2247 2248 2249
421 36 2 0 1 84 85 323 315 100 101 2250 2251 2252 2253 2189 2188 2254 2255 2256 2257
422 36 2 0 1 315 323 324 316 2253 2252 2258 2259 2260 2261 2197 2196 2262 2263 2264 2265
423 36 2 0 1 316 324 325 317 2261 2260 2266 2267 2268 2269 2205 2204 2270 2271 2272 2273
424 36 2 0 1 317 325 326 318 2269 2268 2274 2275 2276 2277 2213 2212 2278 2279 2280 2281
425 36 2 0 1 318 326 327 319 2277 2276 2282 2283 2284 2285 2221 2220 2286 2287 2288 2289
426 36 2 0 1 319 327 328 320 2285 2284 2290 2291 2292 2293 2229 2228 2294 2295 2296 2297
427 36 2 0 1 320 328 329 321 2293 2292 2298 2299 2300 2301 2237 2236 2302 2303 2304 2305
428 36 2 0 1 321 329 330 322 2301 2300 2306 2307 935 934 2245 2244 2308 2309 2310 2311
429 36 2 0 1 85 86 331 323 102 103 2312 2313 2314 2315 2251 2250 2316 2317 2318 2319
430 36 2 0 1 323 331 332 324 2315 2314 2320 2321 2322 2323 2259 2258 2324 2325 2326 2327
431 36 2 0 1 324 332 333 325 2323 2322 2328 2329 2330 2331 2267 2266 2332 2333 2334 2335
432 36 2 0 1 325 333 334 326 2331 2330 2336 2337 2338 2339 2275 2274 2340 2341 2342 2343
433 36 2 0 1 326 334 335 327 2339 2338 2344 2345 2346 2347 2283 2282 2348 2349 2350 2351
434 36 2 0 1 327 335 336 328 2347 2346 2352 2353 2354 2355 2291 2290 2356 2357 2358 2359
435 36 2 0 1 328 336 337 329 2355 2354 2360 2361 2362 2363 2299 2298 2364 2365 2366 2367
436 36 2 0 1 329 337 338 330 2363 2362 2368 2369 950 949 2307 2306 2370 2371 2372 2373
437 36 2 0 1 86 87 339 331 104 105 2374 2375 2376 2377 2313 2312 2378 2379 2380 2381
438 36 2 0 1 331 339 340 332 2377 2376 2382 2383 2384 2385 2321 2320 2386 2387 2388 2389
439 36 2 0 1 332 340 341 333 2385 2384 2390 2391 2392 2393 2329 2328 2394 2395 2396 2397
440 36 2 0 1 333 341 342 334 2393 2392 2398 2399 2400 2401 2337 2336 2402 2403 2404 2405
441 36 2 0 1 334 342 343 335 2401 2400 2406 2407 2408 2409 2345 2344 2410 2411 2412 2413
442 36 2 0 1 335 343 344 336 2409 2408 2414 2415 2416 2417 2353 2352 2418 2419 2420 2421
443 36 2 0 1 336 344 345 337 2417 2416 2422 2423 2424 2425 2361 2360 2426 2427 2428 2429
444 36 2 0 1 337 345 346 338 2425 2424 2430 2431 938 937 2369 2368 2432 2433 2434 2435
445 36 2 0 1 87 88 347 339 106 107 1495 1494 2436 2437 2375 2374 2438 2439 2440 2441
446 36 2 0 1 339 347 348 340 2437 2436 1505 1504 2442 2443 2383 2382 2444 2445 2446 2447
447 36 2 0 1 340 348 349 341 2443 2442 1515 1514 2448 2449 2391 2390 2450 2451 2452 2453
448 36 2 0 1 341 349 350 342 2449 2448 1525 1524 2454 2455 2399 2398 2456 2457 2458 2459
449 36 2 0 1 342 350 351 343 2455 2454 1535 1534 2460 2461 2407 2406 2462 2463 2464 2465
450 36 2 0 1 343 351 352 344 2461 2460 1545 1544 2466 2467 2415 2414 2468 2469 2470 2471
451 36 2 0 1 344 352 353 345 2467 2466 1555 1554 2472 2473 2423 2422 2474 2475 2476 2477
452 36 2 0 1 345 353 354 346 2473 2472 1563 1562 760 759 2431 2430 2478 2479 2480 2481
453 36 2 0 1 89 90 363 355 110 111 2482 2483 2484 2485 1491 1490 2486 2487 2488 2489
454 36 2 0 1 355 363 364 356 2485 2484 2490 2491 2492 2493 1501 1500 2494 2495 2496 2497
455 36 2 0 1 356 364 365 357 2493 2492 2498 2499 2500 2501 1511 1510 2502 2503 2504 2505
456 36 2 0 1 357 365 366 358 2501 2500 2506 2507 2508 2509 1521 1520 2510 2511 2512 2513
457 36 2 0 1 358 366 367 359 2509 2508 2514 2515 2516 2517 1531 1530 2518 2519 2520 2521
458 36 2 0 1 359 367 368 360 2517 2516 2522 2523 2524 2525 1541 1540 2526 2527 2528 2529
459 36 2 0 1 360 368 369 361 2525 2524 2530 2531 2532 2533 1551 1550 2534 2535 2536 2537
460 36 2 0 1 361 369 370 362 2533 2532 2538 2539 810 809 1561 1560 2540 2541 2542 2543
461 36 2 0 1 90 91 371 363 112 113 2544 2545 2546 2547 2483 2482 2548 2549 2550 2551
462 36 2 0 1 363 371 372 364 2547 2546 2552 2553 2554 2555 2491 2490 2556 2557 2558 2559
463 36 2 0 1 364 372 373 365 2555 2554 2560 2561 2562 2563 2499 2498 2564 2565 2566 2567
464 36 2 0 1 365 373 374 366 2563 2562 2568 2569 2570 2571 2507 2506 2572 2573 2574 2575
465 36 2 0 1 366 374 375 367 2571 2570 2576 2577 2578 2579 2515 2514 2580 2581 2582 2583
466 36 2 0 1 367 375 376 368 2579 2578 2584 2585 2586 2587 2523 2522 2588 2589 2590 2591
467 36 2 0 1 368 376 377 369 2587 2586 2592 2593 2594 2595 2531 2530 2596 2597 2598 2599
468 36 2 0 1 369 377 378 370 2595 2594 2600 2601 947 946 2539 2538 2602 2603 2604 2605
469 36 2 0 1 91 92 379 371 114 115 2606 2607 2608 2609 2545 2544 2610 2611 2612 2613
470 36 2 0 1 371 379 380 372 2609 2608 2614 2615 2616 2617 2553 2552 2618 2619 2620 2621
471 36 2 0 1 372 380 381 373 2617 2616 2622 2623 2624 2625 2561 2560 2626 2627 2628 2629
472 36 2 0 1 373 381 382 374 2625 2624 2630 2631 2632 2633 2569 2568 2634 2635 2636 2637
473 36 2 0 1 374 382 383 375 2633 2632 2638 2639 2640 2641 2577 2576 2642 2643 2644 2645
474 36 2 0 1 375 383 384 376 2641 2640 2646 2647 2648 2649 2585 2584 2650 2651 2652 2653
475 36 2 0 1 376 384 385 377 2649 2648 2654 2655 2656 2657 2593 2592 2658 2659 2660 2661
476 36 2 0 1 377 385 386 378 2657 2656 2662 2663 892 891 2601 2600 2664 2665 2666 2667
477 36 2 0 1 92 93 387 379 116 117 2668 2669 2670 2671 2607 2606 2672 2673 2674 2675
478 36 2 0 1 379 387 388 380 2671 2670 2676 2677 2678 2679 2615 2614 2680 2681 2682 2683
479 36 2 0 1 380 388 389 381 2679 2678 2684 2685 2686 2687 2623 2622 2688 2689 2690 2691
480 36 2 0 1 381 389 390 382 2687 2686 2692 2693 2694 2695 2631 2630 2696 2697 2698 2699
481 36 2 0 1 382 390 391 383 2695 2694 2700 2701 2702 2703 2639 2638 2704 2705 2706 2707
482 36 2 0 1 383 391 392 384 2703 2702 2708 2709 2710 2711 2647 2646 2712 2713 2714 2715
483 36 2 0 1 384 392 393 385 2711 2710 2716 2717 2718 2719 2655 2654 2720 2721 2722 2723
484 36 2 0 1 385 393 394 386 2719 2718 2724 2725 800 799 2663 2662 2726 2727 2728 2729
485 36 2 0 1 93 8 120 387 118 119 133 134 2730 2731 2669 2668 2732 2733 2734 2735
486 36 2 0 1 387 120 121 388 2731 2730 135 136 2736 2737 2677 2676 2738 2739 2740 2741
487 36 2 0 1 388 121 122 389 2737 2736 137 138 2742 2743 2685 2684 2744 2745 2746 2747
488 36 2 0 1 389 122 123 390 2743 2742 139 140 2748 2749 2693 2692 2750 2751 2752 2753
489 36 2 0 1 390 123 124 391 2749 2748 141 142 2754 2755 2701 2700 2756 2757 2758 2759
490 36 2 0 1 391 124 125 392 2755 2754 143 144 2760 2761 2709 2708 2762 2763 2764 2765
491 36 2 0 1 392 125 126 393 2761 2760 145 146 2766 2767 2717 2716 2768 2769 2770 2771
492 36 2 0 1 393 126 127 394 2767 2766 147 148 486 485 2725 2724 2772 2773 2774 2775
$EndElements
